recno,EPIC,RAJ2000,DEJ2000,Vmag,Ksmag,(V-Ks)o,(V-Ks)u,E(V-Ks),Kmag,(V-Ks)0,Per1,Per2,Per3,Per4,Memb,Disk,Simbad,single,Mass_calc,Mass,Mass_e
1009,204460283,16 25 29.68,-22 14 54.5,,12.11,,7.61,1.15,6.22935982160881,6.46,1.3956,,,,"USco,gold",no,Simbad,1,0.13218909840685675,0.124,0.0570870217639209
1015,203421625,16 25 32.73,-26 11 39.0,,10.97,,6.05,0.0,5.23935982160881,6.05,1.7039,,,,"USco,gold",no,Simbad,1,0.2763899696453632,0.186,0.0570870217639209
1026,204396010,16 25 43.20,-22 30 03.0,,12.09,,6.56,0.3,6.31935982160881,6.26,1.5603,,,,"USco,gold",yes,Simbad,1,0.12426559096292457,0.151,0.0570870217639209
1028,204544020,16 25 48.07,-21 54 19.6,,11.15,,5.77,0.15,5.39935982160881,5.62,1.8496,,,,"USco,gold",no,Simbad,1,0.2474402319347218,0.301,0.0570870217639209
1031,202793212,16 25 50.28,-28 20 38.1,,11.76,,5.84,0.25,5.98935982160881,5.59,2.1634,,,,"USco,bronze",no,Simbad,1,0.1574291995026271,0.31,0.0570870217639209
1035,203071614,16 25 55.40,-27 21 24.4,,9.98,,5.72,0.0,4.2493598216088095,5.72,0.4632,0.5305,,,"USco,gold",no,Simbad,1,0.5461529912335652,0.268,0.0570870217639209
1074,203074940,16 26 25.39,-27 20 42.7,,11.18,,6.42,0.39,5.39935982160881,6.03,3.3496,,,,"USco,bronze",no,Simbad,1,0.2474402319347218,0.189,0.0570870217639209
1089,204377821,16 26 39.65,-22 34 20.3,,10.49,,6.94,1.36,4.57935982160881,5.57,1.3506,,,,"USco,bronze",no,Simbad,1,0.4366171871839027,0.316,0.0570870217639209
1109,204464537,16 26 56.18,-22 13 52.1,,12.41,,7.2,0.78,6.57935982160881,6.42,0.2843,,,,"USco,gold",maybe,Simbad,1,0.10307327953860144,0.128,0.0570870217639209
1110,203478347,16 26 56.46,-26 00 17.0,,12.01,,7.06,1.37,6.099359821608809,5.69,2.8819,,,,"USco,bronze",no,Simbad,1,0.14579055889950965,0.28,0.0570870217639209
1123,204565982,16 27 09.40,-21 48 45.9,,11.71,,7.82,2.02,5.719359821608808,5.8,1.5612,,,,"USco,gold",yes,Simbad,1,0.1914331193457583,0.247,0.0570870217639209
1142,204608421,16 27 25.51,-21 38 04.0,,11.26,,6.46,0.88,5.4193598216088095,5.58,1.8322,,,,"USco,bronze",no,Simbad,1,0.24368409854271214,0.313,0.0570870217639209
1164,203751997,16 27 45.21,-25 03 33.1,,11.45,,5.94,0.32,5.679359821608809,5.61,2.7362,,,,"USco,bronze",no,Simbad,1,0.1973209925885618,0.303,0.0570870217639209
1166,203781195,16 27 47.98,-24 57 13.7,,12.11,,8.43,2.83,6.019359821608809,5.6,0.4139,,,,"USco,gold",no,Simbad,1,0.15423675124209962,0.307,0.0570870217639209
1182,203798606,16 28 03.36,-24 53 23.6,,10.49,,7.8,2.18,4.47935982160881,5.62,2.3014,,,,"USco,bronze",no,Simbad,1,0.466797881542711,0.301,0.0570870217639209
1185,202828127,16 28 08.95,-28 12 56.6,,12.11,,7.7,1.31,6.209359821608809,6.39,1.1663,,,,"USco,bronze",yes,Simbad,1,0.134250041742319,0.133,0.0570870217639209
1227,203504633,16 28 44.53,-25 54 59.1,,11.6,,6.33,0.0,5.869359821608809,6.33,0.6203,0.1565,,,"USco,bronze",maybe,Simbad,1,0.1700609012824911,0.142,0.0570870217639209
1268,202638454,16 30 20.08,-28 55 18.1,,11.77,,6.93,0.44,5.98935982160881,6.49,0.2487,0.4455,,,"USco,bronze",no,Simbad,1,0.1574291995026271,0.119,0.0570870217639209
1271,203108627,16 30 49.62,-27 13 46.8,,11.38,,6.34,0.64,5.56935982160881,5.69,1.2221,,,,"USco,bronze",no,Simbad,1,0.21649942220986892,0.277,0.0570870217639209
1296,203185083,16 34 35.13,-26 58 03.2,,10.48,,6.26,0.51,4.679359821608809,5.75,0.4401,,,,"USco,gold",no,Simbad,1,0.40630801437134273,0.26,0.0570870217639209
1304,203130129,16 35 44.70,-27 09 20.4,,11.56,,5.67,0.0,5.82935982160881,5.67,1.6122,,,,"USco,bronze",no,Simbad,1,0.17581959672410555,0.284,0.0570870217639209
11,205049221,15 55 22.39,-19 39 02.9,,11.01,,6.15,0.49,5.219359821608808,5.66,29.7371,3.1976,,,"USco,bronze",no,Simbad,1,0.27999699198642514,0.289,0.0570870217639209
13,204077926,15 55 30.59,-23 45 21.2,,12.12,,6.19,0.41,6.339359821608809,5.78,1.0026,,,,"USco,bronze",no,Simbad,1,0.12262004857279213,0.252,0.0570870217639209
17,203544427,15 55 42.29,-25 46 47.7,,11.74,,6.78,0.47,5.949359821608809,6.31,1.0897,,,,"USco,bronze",no,Simbad,1,0.16157261961061517,0.143,0.0570870217639209
22,204862399,15 55 52.72,-20 31 33.5,,11.67,,6.73,0.94,5.81935982160881,5.79,0.2951,,,,"USco,bronze",no,Simbad,1,0.1771911829235132,0.25,0.0570870217639209
23,203892828,15 55 53.21,-24 31 25.2,,11.86,,6.02,0.0,6.1293598216088085,6.02,0.555,,,,"USco,bronze",no,Simbad,1,0.14275586576539628,0.192,0.0570870217639209
27,203890834,15 56 03.72,-24 31 54.4,,11.34,,6.55,0.62,5.529359821608809,5.93,0.6164,0.4481,0.5146,,"USco,bronze",no,Simbad,1,0.2238273508463849,0.213,0.0570870217639209
28,204041137,15 56 12.13,-23 54 08.0,,10.23,,5.71,0.0,4.4993598216088095,5.71,0.4201,,,,"USco,silver",no,Simbad,1,0.460830229928818,0.271,0.0570870217639209
31,204269918,15 56 23.39,-22 59 49.4,,11.62,,6.91,0.52,5.82935982160881,6.39,0.8346,,,,"USco,bronze",no,Simbad,1,0.17581959672410555,0.132,0.0570870217639209
34,204918279,15 56 25.09,-20 16 16.2,,9.86,,6.67,0.44,4.06935982160881,6.23,0.4594,0.4665,,,"USco,gold",no,Simbad,1,0.6176725972489884,0.155,0.0570870217639209
38,204963464,15 56 34.24,-20 03 33.4,,10.87,,6.25,0.26,5.099359821608809,5.99,0.369,,,,"USco,gold",no,Simbad,1,0.3024549528750604,0.197,0.0570870217639209
40,204229193,15 56 40.18,-23 09 29.5,,11.8,,6.17,0.22,6.039359821608809,5.95,1.806,,,,"USco,bronze",no,Simbad,1,0.15223063032930292,0.207,0.0570870217639209
51,204248842,15 57 03.67,-23 04 48.6,,10.21,,5.93,0.25,4.449359821608809,5.68,0.9991,0.8303,,,"USco,gold",no,Simbad,1,0.4762077079549959,0.28,0.0570870217639209
54,204896403,15 57 08.50,-20 22 18.0,,11.42,,5.96,0.16,5.6693598216088095,5.8,1.4471,2.7884,,,"USco,bronze",no,Simbad,1,0.19877110597280218,0.247,0.0570870217639209
55,204084492,15 57 12.77,-23 43 46.7,,12.59,,6.9,0.82,6.759359821608809,6.08,1.1411,,,,"USco,gold",no,Simbad,1,,0.181,0.0
62,204442667,15 57 28.47,-22 19 05.3,,11.6,,6.35,0.24,5.839359821608809,6.11,1.3178,,,,"USco,gold",no,Simbad,1,0.17444198183405696,0.175,0.0570870217639209
63,204274743,15 57 29.84,-22 58 44.0,,11.19,,6.17,0.49,5.39935982160881,5.69,1.7686,,,,"USco,gold",yes,Simbad,1,0.2474402319347218,0.28,0.0570870217639209
65,203800211,15 57 36.83,-24 53 02.9,,11.93,,5.86,0.0,6.199359821608809,5.86,0.6137,,,,"USco,bronze",no,Simbad,1,0.13529359677554076,0.229,0.0570870217639209
68,204434699,15 57 39.33,-22 20 57.6,,11.5,,6.01,0.28,5.72935982160881,5.72,2.5101,,,,"USco,bronze",no,Simbad,1,0.18999370040959443,0.269,0.0570870217639209
70,203521205,15 57 42.47,-25 51 35.7,,10.81,,5.7,0.05,5.07935982160881,5.65,0.7418,,,,"USco,gold",no,Simbad,1,0.30764147254877044,0.289,0.0570870217639209
74,203839698,15 57 47.56,-24 44 12.4,,12.05,,6.06,0.32,6.279359821608809,5.74,0.9672,,,,"USco,gold",no,Simbad,1,0.1275256829948685,0.264,0.0570870217639209
80,204849054,15 57 56.02,-20 35 10.5,,12.34,,6.46,0.34,6.56935982160881,6.12,0.9839,,,,"USco,bronze",no,Simbad,1,0.10385056909384748,0.174,0.0570870217639209
91,204553379,15 58 23.36,-21 51 59.1,,11.28,,6.38,0.42,5.4993598216088095,5.96,1.8469,,,,"USco,gold",no,Simbad,1,0.22912521669340916,0.204,0.0570870217639209
96,204066097,15 58 35.97,-23 48 14.0,,12.08,,6.32,0.28,6.309359821608808,6.04,0.3588,,,,"USco,gold",no,Simbad,1,0.12498745726022636,0.188,0.0570870217639209
101,204238921,15 58 39.87,-23 07 10.8,,11.71,,6.12,0.0,5.97935982160881,6.12,1.9986,,,,"USco,bronze",no,Simbad,1,0.15857093308607584,0.173,0.0570870217639209
102,204594600,15 58 48.10,-21 41 34.2,,12.52,,6.84,0.53,6.719359821608808,6.31,0.6008,,,,"USco,silver",no,Simbad,1,,0.144,0.0
105,203397761,15 59 01.92,-26 16 33.1,,11.26,,5.94,0.0,5.529359821608809,5.94,0.5179,0.5938,,,"USco,gold",no,Simbad,1,0.2238273508463849,0.21,0.0570870217639209
108,204367110,15 59 12.43,-22 36 50.4,,11.79,,6.56,0.52,5.98935982160881,6.04,0.944,,,,"USco,gold",no,Simbad,1,0.1574291995026271,0.187,0.0570870217639209
110,204477741,15 59 18.38,-22 10 43.2,16.27,10.07,6.19,6.19,0.33,4.2993598216088085,5.86,0.8214,0.7623,,,"USco,gold",no,Simbad,1,0.5269083199158349,0.229,0.0570870217639209
112,204247509,15 59 25.90,-23 05 08.3,,11.57,,6.62,0.56,5.769359821608809,6.06,0.6198,,,,"USco,silver",no,Simbad,1,0.18427545555321428,0.183,0.0570870217639209
113,203462615,15 59 38.05,-26 03 23.6,,10.25,,6.24,0.16,4.4993598216088095,6.08,0.5201,0.4421,,,"USco,gold",no,Simbad,1,0.460830229928818,0.181,0.0570870217639209
122,204096760,16 00 07.04,-23 40 49.0,,10.61,,6.16,0.46,4.81935982160881,5.7,0.5255,1.8177,,,"USco,gold",no,Simbad,1,0.3706831715241429,0.275,0.0570870217639209
128,204270520,16 00 26.30,-22 59 41.4,,11.34,,6.49,0.42,5.5493598216088085,6.07,0.5123,,,,"USco,gold",no,Simbad,1,0.21999676493502549,0.182,0.0570870217639209
129,204769599,16 00 26.69,-20 56 31.8,18.6,12.51,6.09,6.09,0.44,6.719359821608808,5.65,1.6401,,,,"USco,gold",yes,Simbad,1,,0.289,0.0
131,204894208,16 00 29.45,-20 22 53.9,,11.29,,6.29,0.69,5.469359821608808,5.61,1.6968,,,,"USco,bronze",yes,Simbad,1,0.23454437532758268,0.304,0.0570870217639209
135,205153472,16 00 34.53,-19 08 16.1,,11.46,,6.65,0.42,5.6693598216088095,6.22,0.761,,,,"USco,bronze",no,Simbad,1,0.19877110597280218,0.156,0.0570870217639209
141,203895244,16 00 43.08,-24 30 50.5,,10.77,,5.84,0.2,5.019359821608809,5.65,0.5312,0.541,,,"USco,gold",no,Simbad,1,0.3222740560645261,0.292,0.0570870217639209
142,203811459,16 00 44.61,-24 50 34.1,,11.74,,6.8,0.53,5.949359821608809,6.27,1.4821,0.9133,,,"USco,bronze",no,Simbad,1,0.16157261961061517,0.149,0.0570870217639209
150,204428324,16 01 10.36,-22 22 27.9,,9.76,,5.98,0.36,3.97935982160881,5.62,0.325,0.5604,,,"USco,gold",no,Simbad,1,0.656935763562021,0.301,0.0570870217639209
158,204317321,16 01 29.84,-22 48 38.8,,10.49,,6.42,0.51,4.689359821608809,5.91,1.9313,1.0656,,,"USco,gold",no,Simbad,1,0.4031958182619494,0.217,0.0570870217639209
162,204897050,16 01 40.97,-20 22 08.3,,10.86,,6.55,0.75,5.039359821608809,5.8,0.2639,,,,"USco,gold",no,Simbad,1,0.317381742745509,0.247,0.0570870217639209
164,203853244,16 01 47.68,-24 41 01.3,,13.01,,6.56,0.48,7.209359821608809,6.08,0.6493,,,,"USco,gold",no,Simbad,1,,0.181,0.0
165,204435603,16 01 49.50,-22 20 45.5,,12.42,,6.79,0.46,6.6293598216088085,6.33,1.5936,,,,"USco,bronze",no,Simbad,1,,0.14,0.0
166,204054129,16 01 49.54,-23 51 08.5,,11.93,,6.32,0.59,6.119359821608809,5.72,0.5272,0.6122,,,"USco,bronze",no,Simbad,1,0.14382510821691832,0.269,0.0570870217639209
175,204388640,16 02 04.29,-22 31 47.0,,11.55,,8.82,2.7,5.469359821608808,6.12,2.6268,,,,"USco,bronze",yes,Simbad,1,0.23454437532758268,0.172,0.0570870217639209
176,204791347,16 02 04.29,-20 50 42.8,18.6,11.83,6.77,6.77,0.76,5.9993598216088095,6.02,0.4224,0.245,,,"USco,gold",maybe,Simbad,1,0.15630024480106516,0.192,0.0570870217639209
181,204258708,16 02 09.54,-23 02 27.9,,11.83,,6.18,0.23,6.06935982160881,5.95,0.4837,,,,"USco,bronze",no,Simbad,1,0.1490914051158656,0.207,0.0570870217639209
183,204948308,16 02 10.95,-20 07 49.8,,11.42,,6.19,0.57,5.609359821608809,5.63,0.9397,,,,"USco,gold",no,Simbad,1,0.2093099322037771,0.299,0.0570870217639209
186,203863529,16 02 14.88,-24 38 32.9,,11.15,,6.12,0.35,5.369359821608809,5.77,0.2543,0.3215,,,"USco,silver",no,Simbad,1,0.2527112092821987,0.257,0.0570870217639209
188,204271115,16 02 23.56,-22 59 33.5,,11.03,,6.38,0.28,5.269359821608809,6.1,1.0184,,,,"USco,gold",no,Simbad,1,0.27088066859230364,0.177,0.0570870217639209
190,203629401,16 02 24.41,-25 29 12.5,,12.47,,6.43,0.28,6.699359821608809,6.15,0.4951,,,,"USco,bronze",no,Simbad,1,,0.169,0.0
192,204417649,16 02 25.97,-22 24 57.7,,11.65,,6.18,0.23,5.889359821608808,5.96,1.435,,,,"USco,bronze",no,Simbad,1,0.16790007357237446,0.206,0.0570870217639209
194,204518814,16 02 34.17,-22 00 35.7,,11.75,,7.24,0.86,5.90935982160881,6.38,0.4513,,,,"USco,bronze",no,Simbad,1,0.16578018324641983,0.134,0.0570870217639209
197,204317053,16 02 41.41,-22 48 42.1,,11.99,,7.14,1.06,6.1293598216088085,6.08,1.5945,,,,"USco,gold",yes,Simbad,1,0.14275586576539628,0.181,0.0570870217639209
200,205078547,16 02 45.44,-19 30 38.1,,11.14,,6.44,0.52,5.339359821608809,5.93,0.7863,,,,"USco,gold",no,Simbad,1,0.25841839665215943,0.212,0.0570870217639209
201,204248645,16 02 45.73,-23 04 51.3,,11.5,,6.51,0.5,5.709359821608809,6.01,0.2621,0.3861,,,"USco,silver",yes,Simbad,1,0.19288391908465927,0.193,0.0570870217639209
204,203846183,16 02 57.42,-24 42 41.8,,11.4,,5.89,0.23,5.639359821608808,5.65,1.575,,,,"USco,bronze",no,Simbad,1,0.2036469540809347,0.29,0.0570870217639209
207,204489514,16 03 01.60,-22 07 52.7,,11.73,,6.91,0.62,5.9193598216088095,6.29,1.7049,,,,"USco,gold",yes,Simbad,1,0.1648600775502887,0.147,0.0570870217639209
210,203348744,16 03 02.35,-26 26 16.6,,12.15,,6.93,1.21,6.269359821608809,5.72,4.1674,,,,"USco,bronze",,Simbad,1,0.12845182241660094,0.27,0.0570870217639209
211,204376053,16 03 14.89,-22 34 45.9,,10.7,,6.46,0.41,4.9193598216088095,6.05,1.5654,2.0296,,,"USco,gold",no,Simbad,1,0.3464779831294942,0.186,0.0570870217639209
212,204360645,16 03 22.76,-22 38 21.0,,11.17,,6.16,0.4,5.389359821608808,5.76,1.9005,,,,"USco,bronze",yes,Simbad,1,0.24931055296733026,0.257,0.0570870217639209
215,204852633,16 03 24.35,-20 34 13.2,,12.34,,7.13,0.69,6.519359821608809,6.43,0.3454,,,,"USco,bronze",no,Simbad,1,0.10768430878097121,0.127,0.0570870217639209
216,203341895,16 03 25.98,-26 27 32.2,,10.77,,5.88,0.22,5.009359821608809,5.65,0.8336,,,,"USco,gold",no,Simbad,1,0.32472204667197285,0.289,0.0570870217639209
217,204538777,16 03 26.25,-21 55 38.1,,11.6,,6.52,0.91,5.7493598216088095,5.61,1.4806,,,,"USco,gold",yes,Simbad,1,0.1871313334434727,0.303,0.0570870217639209
219,205200173,16 03 28.71,-18 53 51.9,,10.12,,5.88,0.25,4.359359821608809,5.63,7.5153,,,,"USco,bronze",no,Simbad,1,0.5041819536051769,0.297,0.0570870217639209
220,204993463,16 03 29.40,-19 55 03.9,,11.03,,5.9,0.34,5.259359821608809,5.56,0.8547,1.1069,,,"USco,gold",no,Simbad,1,0.27283115874436786,0.32,0.0570870217639209
235,204599787,16 03 51.75,-21 40 15.7,,10.55,,6.56,0.54,4.7493598216088095,6.02,1.0318,0.8194,0.6002,,"USco,silver",no,Simbad,1,0.3879499083057346,0.191,0.0570870217639209
236,203723257,16 03 54.03,-25 09 39.7,,11.38,,5.85,0.0,5.64935982160881,5.85,1.461,,,,"USco,gold",maybe,Simbad,1,0.20197998853367516,0.233,0.0570870217639209
244,204376071,16 04 10.11,-22 34 45.7,,11.55,,6.38,0.19,5.7993598216088085,6.19,1.6268,,,,"USco,bronze",no,Simbad,1,0.18000220885782567,0.161,0.0570870217639209
245,203920102,16 04 14.73,-24 24 43.6,,11.68,,6.13,0.17,5.929359821608809,5.96,1.6063,,,,"USco,bronze",no,Simbad,1,0.16367228743275036,0.204,0.0570870217639209
265,204871862,16 07 01.69,-20 28 58.2,,12.32,,7.01,0.7,6.4993598216088095,6.31,1.6489,,,,"USco,gold",yes,Simbad,1,0.1092979882170203,0.144,0.0570870217639209
269,204919503,16 07 04.73,-20 15 56.0,,11.46,,6.18,0.52,5.65935982160881,5.65,3.1147,,,,"USco,gold",no,Simbad,1,0.20023793874144466,0.29,0.0570870217639209
281,204933717,16 07 22.39,-20 11 58.5,,11.59,,6.75,1.14,5.709359821608809,5.61,1.5522,,,,"USco,gold",yes,Simbad,1,0.19288391908465927,0.304,0.0570870217639209
285,204583750,16 07 26.41,-21 44 16.9,,13.68,,7.07,0.62,7.869359821608809,6.44,1.5372,,,,"USco,silver",no,Simbad,1,,0.125,0.0
286,204757338,16 07 27.46,-20 59 44.4,,10.22,,6.48,0.73,4.39935982160881,5.75,2.2977,1.0586,,,"USco,silver",yes,Simbad,1,0.4913033745615495,0.261,0.0570870217639209
287,204909952,16 07 27.53,-20 18 34.8,,11.44,,7.09,1.07,5.56935982160881,6.02,0.6305,0.5628,,,"USco,gold",no,Simbad,1,0.21649942220986892,0.191,0.0570870217639209
290,204878461,16 07 35.55,-20 27 13.7,,11.96,,6.32,0.5,6.1693598216088095,5.82,1.8261,,,,"USco,gold",no,Simbad,1,0.13845582897779826,0.241,0.0570870217639209
292,205063210,16 07 39.15,-19 35 04.3,,11.31,,6.51,0.45,5.519359821608809,6.07,2.4332,,,,"USco,bronze",yes,Simbad,1,0.22558637458408237,0.183,0.0570870217639209
296,204426231,16 07 45.21,-22 22 57.7,,11.52,,6.38,0.4,5.73935982160881,5.98,2.2514,2.0986,,,"USco,gold",no,Simbad,1,0.18856082794415036,0.201,0.0570870217639209
297,203753432,16 07 48.61,-25 03 14.3,,11.43,,5.62,0.0,5.699359821608809,5.62,1.1744,,,,"USco,bronze",no,Simbad,1,0.1943549157196813,0.3,0.0570870217639209
300,203843009,16 07 55.65,-24 43 27.1,,12.71,,6.94,1.33,6.809359821608808,5.61,1.351,,,,"USco,gold",yes,Simbad,1,,0.304,0.0
301,204830256,16 07 57.12,-20 40 17.7,,11.65,,6.63,0.66,5.82935982160881,5.98,3.65,,,,"USco,bronze",no,Simbad,1,0.17581959672410555,0.201,0.0570870217639209
306,204829482,16 08 00.50,-20 40 29.1,,11.33,,6.43,0.71,5.509359821608809,5.72,1.9464,2.5668,,,"USco,gold",no,Simbad,1,0.2273419651006206,0.27,0.0570870217639209
309,204273100,16 08 02.17,-22 59 05.9,,11.26,,6.44,0.38,5.47935982160881,6.06,0.5122,,,,"USco,gold",no,Simbad,1,0.23273138309008487,0.184,0.0570870217639209
310,204895410,16 08 02.37,-20 22 34.0,,10.62,,6.54,0.48,4.82935982160881,6.06,2.1105,2.4133,,,"USco,gold",no,Simbad,1,0.36850778468172707,0.184,0.0570870217639209
315,203844446,16 08 06.10,-24 43 05.9,,11.53,,5.98,0.0,5.7993598216088085,5.98,1.2936,0.8414,,,"USco,bronze",no,Simbad,1,0.18000220885782567,0.201,0.0570870217639209
318,204397408,16 08 10.80,-22 29 43.1,,11.68,,6.66,0.35,5.89935982160881,6.31,1.6454,,,,"USco,gold",yes,Simbad,1,0.16697786599539627,0.143,0.0570870217639209
327,204634894,16 08 20.77,-21 31 23.7,,10.83,,5.79,0.23,5.06935982160881,5.57,1.9677,,,,"USco,gold",no,Simbad,1,0.31007550544637097,0.318,0.0570870217639209
328,204451272,16 08 22.28,-22 17 03.2,,12.03,,6.72,0.6,6.219359821608808,6.12,0.9726,,,,"USco,gold",no,Simbad,1,0.1332145469251232,0.174,0.0570870217639209
337,204611292,16 08 28.68,-21 37 20.1,,10.76,,6.0,0.27,4.9993598216088095,5.74,1.7674,,,,"USco,gold",yes,Simbad,1,0.3268061969282156,0.265,0.0570870217639209
341,204472612,16 08 34.54,-22 11 56.1,,11.53,,6.49,0.71,5.709359821608809,5.78,1.9243,,,,"USco,gold",yes,Simbad,1,0.19288391908465927,0.253,0.0570870217639209
347,205192701,16 08 41.71,-18 56 10.7,,11.21,,6.93,0.72,5.389359821608808,6.21,2.1986,1.5705,,,"USco,gold",no,Simbad,1,0.24931055296733026,0.158,0.0570870217639209
348,205177770,16 08 43.07,-19 00 52.1,,10.27,,6.05,0.4,4.48935982160881,5.65,1.1423,0.9348,,,"USco,gold",no,Simbad,1,0.46408398352292374,0.29,0.0570870217639209
355,204094503,16 08 48.36,-23 41 21.1,,11.59,,6.41,0.57,5.789359821608809,5.84,1.6533,,,,"USco,gold",yes,Simbad,1,0.1814230838157134,0.236,0.0570870217639209
363,205152244,16 09 00.01,-19 08 37.1,,10.96,,6.29,0.67,5.139359821608808,5.62,1.8142,,,,"USco,gold",yes,Simbad,1,0.29469130392442533,0.3,0.0570870217639209
364,202957873,16 09 00.50,-27 45 19.7,,11.24,,6.13,0.05,5.509359821608809,6.08,0.7722,0.3686,,,"USco,gold",no,Simbad,1,0.2273419651006206,0.181,0.0570870217639209
368,202978875,16 09 01.67,-27 40 52.3,,11.95,,6.97,0.52,6.14935982160881,6.45,0.3057,,,,"USco,bronze",no,Simbad,1,0.14059934120516673,0.125,0.0570870217639209
377,204100531,16 09 07.75,-23 39 54.5,,11.13,,6.37,0.38,5.349359821608809,5.99,1.2548,,,,"USco,gold",no,Simbad,1,0.25651071134226694,0.196,0.0570870217639209
379,204448136,16 09 08.81,-22 17 47.0,,12.07,,6.12,0.04,6.339359821608809,6.08,0.3899,,,,"USco,silver",no,Simbad,1,0.12262004857279213,0.181,0.0570870217639209
383,205056060,16 09 15.80,-19 37 06.4,,11.46,,5.9,0.14,5.709359821608809,5.76,1.7251,,,,"USco,gold",no,Simbad,1,0.19288391908465927,0.258,0.0570870217639209
384,204093677,16 09 16.88,-23 41 32.5,,10.97,,6.25,0.29,5.209359821608809,5.96,0.3628,,,,"USco,gold",no,Simbad,1,0.28204514755780813,0.204,0.0570870217639209
386,205092303,16 09 20.54,-19 26 32.1,,12.08,,6.94,0.7,6.259359821608809,6.24,1.7205,,,,"USco,gold",yes,Simbad,1,0.12918110674074676,0.154,0.0570870217639209
387,204429883,16 09 20.62,-22 22 05.9,15.9,9.5,6.4,6.4,0.66,3.6793598216088093,5.74,0.3236,0.3286,1.4699,0.3586,"USco,gold",no,Simbad,1,0.7951044862052842,0.265,0.0570870217639209
395,203362293,16 09 30.22,-26 23 41.9,,12.49,,6.25,0.39,6.709359821608809,5.86,1.0369,,,,"USco,bronze",no,Simbad,1,,0.229,0.0
397,204824603,16 09 31.08,-20 41 46.3,,10.14,,6.36,0.54,4.339359821608809,5.82,3.0965,,,,"USco,gold",no,Simbad,1,0.5119612669294524,0.241,0.0570870217639209
402,204769996,16 09 36.07,-20 56 25.8,,11.68,,6.31,0.51,5.889359821608808,5.8,1.7179,,,,"USco,bronze",no,Simbad,1,0.16790007357237446,0.248,0.0570870217639209
404,204783273,16 09 37.06,-20 52 53.2,,11.98,,6.28,0.19,6.219359821608808,6.09,1.1105,,,,"USco,gold",no,Simbad,1,0.1332145469251232,0.179,0.0570870217639209
408,203844180,16 09 43.53,-24 43 10.0,,12.17,,6.02,0.4,6.389359821608808,5.62,0.8422,,,,"USco,bronze",no,Simbad,1,0.11836631021078922,0.301,0.0570870217639209
410,204288433,16 09 46.33,-22 55 34.0,,11.03,,6.08,0.35,5.2493598216088095,5.72,1.8162,,,,"USco,gold",maybe,Simbad,1,0.2748056837623697,0.269,0.0570870217639209
415,203856109,16 09 51.96,-24 40 20.0,,12.13,,6.95,0.83,6.2993598216088085,6.12,1.4332,,,,"USco,bronze",yes,Simbad,1,0.12589205103126205,0.174,0.0570870217639209
416,204982702,16 09 52.06,-19 58 06.8,,10.46,,6.23,0.09,4.719359821608808,6.14,2.403,,,,"USco,bronze",yes,Simbad,1,0.3950996901792007,0.17,0.0570870217639209
418,203849738,16 09 52.87,-24 41 53.5,,10.93,,6.17,0.45,5.139359821608808,5.72,0.619,,,,"USco,gold",no,Simbad,1,0.29469130392442533,0.269,0.0570870217639209
423,204078097,16 09 58.51,-23 45 18.9,,11.62,,7.04,0.74,5.7993598216088085,6.3,1.4106,,,,"USco,gold",yes,Simbad,1,0.18000220885782567,0.145,0.0570870217639209
425,205366676,16 09 59.32,-18 00 09.2,,10.34,,5.92,0.32,4.56935982160881,5.6,3.6874,,,,"USco,gold",yes,Simbad,1,0.4398117730846125,0.306,0.0570870217639209
430,203036352,16 10 03.93,-27 28 48.2,,11.2,,5.61,0.0,5.469359821608808,5.61,0.7104,,,,"USco,gold",no,Simbad,1,0.23454437532758268,0.303,0.0570870217639209
434,205024957,16 10 10.99,-19 46 04.2,,11.38,,6.19,0.47,5.589359821608809,5.71,1.6656,,,,"USco,gold",yes,Simbad,1,0.21273449171859124,0.272,0.0570870217639209
439,202515599,16 10 15.41,-29 23 56.2,,12.08,,6.46,0.0,6.349359821608809,6.46,0.5851,,,,"USco,bronze",no,Simbad,1,0.12174940411331545,0.123,0.0570870217639209
442,204133691,16 10 20.85,-23 31 55.8,,11.05,,6.01,0.32,5.279359821608809,5.68,0.8106,,,,"USco,gold",no,Simbad,1,0.2693057908396101,0.281,0.0570870217639209
444,202915242,16 10 21.53,-27 54 17.6,,11.2,,6.09,0.28,5.429359821608809,5.8,1.2661,1.7012,,,"USco,bronze",no,Simbad,1,0.24183891956400883,0.246,0.0570870217639209
454,205145188,16 10 28.18,-19 10 44.5,,11.79,,7.03,1.17,5.90935982160881,5.86,1.7554,,,,"USco,gold",yes,Simbad,1,0.16578018324641983,0.23,0.0570870217639209
457,205247191,16 10 30.07,-18 39 06.8,,10.55,,7.35,1.35,4.64935982160881,6.0,3.906,,,,"USco,gold",no,Simbad,1,0.4155699666104454,0.194,0.0570870217639209
458,204487447,16 10 30.68,-22 08 23.2,,11.76,,7.07,1.17,5.8793598216088085,5.89,2.0221,,,,"USco,bronze",yes,Simbad,1,0.1691004791749918,0.221,0.0570870217639209
461,204870669,16 10 35.24,-20 29 17.1,,11.71,,6.91,0.54,5.90935982160881,6.37,1.3834,,,,"USco,gold",no,Simbad,1,0.16578018324641983,0.136,0.0570870217639209
464,204495624,16 10 42.58,-22 06 21.5,,11.5,,6.44,0.35,5.719359821608808,6.1,1.9662,,,,"USco,bronze",yes,Simbad,1,0.1914331193457583,0.178,0.0570870217639209
467,202879519,16 10 44.58,-28 01 53.9,,10.77,,6.01,0.0,5.039359821608809,6.01,5.0729,,,,"USco,bronze",,Simbad,1,0.317381742745509,0.193,0.0570870217639209
471,204468732,16 10 49.95,-22 12 51.7,,11.73,,7.17,0.98,5.869359821608809,6.19,0.7695,0.4794,,,"USco,bronze",no,Simbad,1,0.1700609012824911,0.161,0.0570870217639209
473,205054397,16 10 52.39,-19 37 34.7,,10.73,,6.11,0.54,4.929359821608809,5.56,1.8094,,,,"USco,gold",yes,Simbad,1,0.34390613891114225,0.319,0.0570870217639209
476,204655153,16 10 54.99,-21 26 14.1,,11.78,,6.94,0.6,5.969359821608808,6.34,0.52,,,,"USco,gold",no,Simbad,1,0.15948578685972745,0.139,0.0570870217639209
478,204501712,16 10 56.91,-22 04 51.5,,11.4,,6.3,0.52,5.599359821608809,5.79,2.0304,,,,"USco,bronze",yes,Simbad,1,0.21100969794962215,0.251,0.0570870217639209
480,204117263,16 11 02.10,-23 35 50.7,,10.95,,6.11,0.35,5.179359821608809,5.75,0.6423,,,,"USco,gold",no,Simbad,1,0.28727400566485684,0.26,0.0570870217639209
487,204561327,16 11 09.19,-21 49 56.4,,11.6,,6.37,0.75,5.769359821608809,5.63,0.946,,,,"USco,bronze",no,Simbad,1,0.18427545555321428,0.299,0.0570870217639209
500,203759570,16 11 18.46,-25 01 55.0,,11.31,,5.8,0.22,5.559359821608808,5.58,1.8105,,,,"USco,bronze",no,Simbad,1,0.21821427171557803,0.314,0.0570870217639209
504,204099713,16 11 26.29,-23 40 06.3,,12.47,,6.85,0.57,6.6693598216088095,6.28,1.7984,,,,"USco,gold",no,Simbad,1,,0.147,0.0
506,204365837,16 11 31.80,-22 37 08.5,,11.85,,6.61,0.3,6.089359821608809,6.31,1.7422,,,,"USco,gold",no,Simbad,1,0.14688194615694197,0.143,0.0570870217639209
508,204439854,16 11 34.69,-22 19 44.4,,12.33,,6.92,0.73,6.4993598216088095,6.18,1.184,,,,"USco,gold",no,Simbad,1,0.1092979882170203,0.162,0.0570870217639209
509,204074274,16 11 37.60,-23 46 15.0,,11.21,,5.98,0.41,5.429359821608809,5.57,1.8029,,,,"USco,gold",no,Simbad,1,0.24183891956400883,0.317,0.0570870217639209
515,204292655,16 11 45.29,-22 54 33.2,,11.81,,6.82,0.7,5.98935982160881,6.12,1.558,1.708,,,"USco,bronze",no,Simbad,1,0.1574291995026271,0.174,0.0570870217639209
516,205086621,16 11 45.33,-19 28 13.4,,11.81,,7.26,0.99,5.959359821608809,6.27,1.7416,,,,"USco,gold",yes,Simbad,1,0.1606614879694613,0.149,0.0570870217639209
517,205155253,16 11 46.12,-19 07 42.9,,11.15,,7.06,1.11,5.279359821608809,5.95,1.7852,,,,"USco,gold",yes,Simbad,1,0.2693057908396101,0.207,0.0570870217639209
519,205019241,16 11 49.20,-19 47 43.3,,10.82,,6.46,0.57,5.019359821608809,5.89,0.92,,,,"USco,bronze",no,Simbad,1,0.3222740560645261,0.222,0.0570870217639209
524,205091879,16 11 57.63,-19 26 39.1,,10.19,,6.9,1.0,4.32935982160881,5.9,1.0182,,,,"USco,bronze",yes,Simbad,1,0.5158577077038206,0.22,0.0570870217639209
527,204912351,16 12 02.22,-20 17 55.3,,11.08,,6.25,0.47,5.289359821608809,5.77,3.2611,,,,"USco,bronze",no,Simbad,1,0.26730639795400163,0.254,0.0570870217639209
534,205072354,16 12 10.43,-19 32 27.8,,11.24,,6.8,0.68,5.4193598216088095,6.12,0.7718,,,,"USco,gold",no,Simbad,1,0.24368409854271214,0.173,0.0570870217639209
536,205156547,16 12 12.41,-19 07 19.3,,10.96,,7.3,1.45,5.039359821608809,5.86,1.8003,,,,"USco,bronze",yes,Simbad,1,0.317381742745509,0.231,0.0570870217639209
538,202709862,16 12 17.22,-28 39 08.5,,11.3,,5.7,0.05,5.559359821608808,5.65,0.9952,2.0106,,,"USco,gold",no,Simbad,1,0.21821427171557803,0.289,0.0570870217639209
540,205102553,16 12 18.44,-19 23 32.6,,12.0,,7.0,0.85,6.15935982160881,6.15,1.8511,,,,"USco,bronze",no,Simbad,1,0.13952208275479466,0.168,0.0570870217639209
543,204651122,16 12 22.89,-21 27 16.1,,12.03,,7.0,0.73,6.209359821608809,6.27,1.5999,,,,"USco,bronze",yes,Simbad,1,0.134250041742319,0.149,0.0570870217639209
545,204940701,16 12 27.36,-20 09 59.9,,11.53,,6.81,0.71,5.709359821608809,6.1,1.7776,,,,"USco,gold",yes,Simbad,1,0.19288391908465927,0.177,0.0570870217639209
548,210282525,16 12 33.53,-25 43 28.0,,10.14,,6.74,0.66,4.32935982160881,6.07,3.7871,,,,"USco,gold",no,Simbad,1,0.5158577077038206,0.182,0.0570870217639209
556,205013031,16 12 40.20,-19 49 30.6,,11.29,,6.25,0.45,5.4993598216088095,5.81,3.6251,,,,"USco,bronze",no,Simbad,1,0.22912521669340916,0.245,0.0570870217639209
562,204105498,16 12 46.91,-23 38 41.0,,12.62,,7.21,0.73,6.7993598216088085,6.48,0.2844,0.2954,,,"USco,gold",no,Simbad,1,,0.121,0.0
563,205167772,16 12 47.25,-19 03 53.3,,11.75,,6.92,1.12,5.869359821608809,5.81,1.1876,,,,"USco,gold",no,Simbad,1,0.1700609012824911,0.245,0.0570870217639209
565,204888409,16 12 48.96,-20 24 30.6,,12.08,,6.32,0.32,6.309359821608808,5.99,1.3743,,,,"USco,bronze",no,Simbad,1,0.12498745726022636,0.197,0.0570870217639209
572,205082248,16 13 03.05,-19 29 32.3,,12.35,,7.12,1.17,6.469359821608808,5.95,1.7541,,,,"USco,silver",no,Simbad,1,0.11178116072519374,0.207,0.0570870217639209
575,204259310,16 13 09.82,-23 02 18.4,,11.76,,6.29,0.47,5.959359821608809,5.82,1.3301,1.5318,,,"USco,bronze",yes,Simbad,1,0.1606614879694613,0.242,0.0570870217639209
578,204210528,16 13 10.81,-23 13 51.7,,11.61,,5.96,0.0,5.8793598216088085,5.96,0.987,,,,"USco,gold",no,Simbad,1,0.1691004791749918,0.205,0.0570870217639209
580,204491374,16 13 11.71,-22 07 25.6,,11.21,,6.11,0.35,5.439359821608809,5.76,1.2445,,,,"USco,bronze",maybe,Simbad,1,0.24000633356999132,0.259,0.0570870217639209
588,205373716,16 13 20.80,-17 57 52.1,,9.87,,5.83,0.23,4.109359821608809,5.59,1.1268,4.1193,,,"USco,bronze",,Simbad,1,0.6004390945919377,0.309,0.0570870217639209
598,204149252,16 13 34.76,-23 28 15.8,,12.5,,6.65,0.64,6.679359821608809,6.01,0.9942,,,,"USco,gold",no,Simbad,1,,0.193,0.0
600,204152030,16 13 36.46,-23 27 35.6,,11.22,,6.23,0.52,5.4193598216088095,5.72,1.8029,0.8242,1.0198,,"USco,gold",,Simbad,1,0.24368409854271214,0.27,0.0570870217639209
604,204525772,16 13 38.32,-21 58 52.0,,11.0,,5.89,0.32,5.22935982160881,5.57,1.5467,,,,"USco,gold",no,Simbad,1,0.2784219680326826,0.316,0.0570870217639209
621,203534383,16 14 02.97,-25 48 53.3,,11.71,,7.05,0.83,5.869359821608809,6.22,0.2784,0.3234,,,"USco,bronze",no,Simbad,1,0.1700609012824911,0.157,0.0570870217639209
623,203459091,16 14 04.91,-26 04 06.6,,10.76,,6.11,0.28,4.9993598216088095,5.83,0.7071,0.7969,,,"USco,bronze",no,Simbad,1,0.3268061969282156,0.238,0.0570870217639209
626,204492163,16 14 08.95,-22 07 13.3,,11.48,,5.99,0.32,5.709359821608809,5.67,0.5673,,,,"USco,bronze",no,Simbad,1,0.19288391908465927,0.285,0.0570870217639209
627,204449800,16 14 10.10,-22 17 23.7,,9.81,,6.91,0.66,3.9893598216088098,6.25,2.448,1.9503,,,"USco,gold",no,Simbad,1,0.6521388071691363,0.152,0.0570870217639209
632,204332672,16 14 13.51,-22 44 58.0,,11.42,,5.96,0.33,5.64935982160881,5.63,2.6312,,,,"USco,gold",no,Simbad,1,0.20197998853367516,0.297,0.0570870217639209
645,204828211,16 14 36.38,-20 40 49.3,,11.5,,5.62,0.0,5.769359821608809,5.62,0.7257,,,,"USco,bronze",no,Simbad,1,0.18427545555321428,0.3,0.0570870217639209
647,203726701,16 14 39.18,-25 08 56.5,,11.99,,6.24,0.49,6.199359821608809,5.76,1.6873,,,,"USco,bronze",no,Simbad,1,0.13529359677554076,0.259,0.0570870217639209
649,204408619,16 14 41.19,-22 27 05.6,,10.87,,5.61,0.0,5.139359821608808,5.61,2.6303,,,,"USco,gold",no,Simbad,1,0.29469130392442533,0.304,0.0570870217639209
658,203703016,16 14 52.43,-25 13 52.7,,10.45,,6.41,0.71,4.6293598216088085,5.7,4.8533,1.8508,,,"USco,gold",yes,Simbad,1,0.42125639906689694,0.275,0.0570870217639209
667,203770366,16 15 05.24,-24 59 35.4,,11.48,,6.59,0.95,5.6293598216088085,5.63,1.8145,,,,"USco,gold",yes,Simbad,1,0.2056346542740119,0.296,0.0570870217639209
670,204079030,16 15 08.91,-23 45 05.2,,11.34,,5.85,0.28,5.56935982160881,5.58,2.832,,,,"USco,gold",no,Simbad,1,0.21649942220986892,0.315,0.0570870217639209
675,203938167,16 15 12.37,-24 20 09.4,,12.13,,6.27,0.39,6.349359821608809,5.88,1.6151,,,,"USco,gold",yes,Simbad,1,0.12174940411331545,0.225,0.0570870217639209
679,204299578,16 15 15.18,-22 52 54.0,,12.01,,6.45,0.24,6.2493598216088095,6.21,0.7705,,,,"USco,bronze",no,Simbad,1,0.13014051006790597,0.158,0.0570870217639209
684,204584778,16 15 25.15,-21 44 01.5,,11.78,,6.88,0.61,5.969359821608808,6.27,1.7439,,,,"USco,bronze",yes,Simbad,1,0.15948578685972745,0.15,0.0570870217639209
685,203816510,16 15 27.20,-24 49 27.4,,11.51,,6.76,1.07,5.639359821608808,5.69,1.8192,,,,"USco,bronze",yes,Simbad,1,0.2036469540809347,0.277,0.0570870217639209
691,205198363,16 15 33.40,-18 54 25.1,,11.27,,8.23,2.23,5.2493598216088095,6.0,1.8996,,,,"USco,bronze",yes,Simbad,1,0.2748056837623697,0.195,0.0570870217639209
694,204204414,16 15 36.47,-23 15 17.5,,13.1,,6.3,0.16,7.359359821608809,6.15,0.6223,,,,"USco,silver",no,Simbad,1,,0.169,0.0
696,205124381,16 15 39.13,-19 17 00.8,,10.43,,7.51,1.89,4.459359821608809,5.61,1.3957,,,,"USco,gold",no,Simbad,1,0.47283917526533065,0.302,0.0570870217639209
697,204621457,16 15 41.10,-21 34 46.4,,11.7,,6.28,0.45,5.9193598216088095,5.84,0.5626,,,,"USco,bronze",no,Simbad,1,0.1648600775502887,0.236,0.0570870217639209
700,203122463,16 15 48.68,-27 10 54.9,,11.88,,6.64,0.76,6.059359821608808,5.88,1.4668,0.8599,,,"USco,bronze",no,Simbad,1,0.14999102964919467,0.226,0.0570870217639209
701,204467371,16 15 49.13,-22 13 12.0,,12.12,,6.14,0.2,6.369359821608809,5.93,1.8066,,,,"USco,bronze",yes,Simbad,1,0.12011909095418992,0.212,0.0570870217639209
708,204143627,16 15 59.25,-23 29 36.2,,11.31,,6.0,0.35,5.539359821608809,5.65,1.125,,,,"USco,gold",no,Simbad,1,0.22204574935523042,0.292,0.0570870217639209
711,204462739,16 16 00.80,-22 14 19.4,,10.98,,6.56,0.48,5.189359821608809,6.08,1.2944,0.9951,,,"USco,gold",no,Simbad,1,0.2856868307657305,0.181,0.0570870217639209
713,204348630,16 16 02.95,-22 41 09.3,,10.77,,5.92,0.18,5.009359821608809,5.75,1.1663,1.0589,,,"USco,bronze",no,Simbad,1,0.32472204667197285,0.262,0.0570870217639209
719,204199333,16 16 11.83,-23 16 26.7,,11.88,,6.01,0.44,6.089359821608809,5.58,0.8366,,,,"USco,silver",no,Simbad,1,0.14688194615694197,0.315,0.0570870217639209
726,204082531,16 16 20.10,-23 44 14.4,,10.19,,5.81,0.0,4.459359821608809,5.81,0.6513,0.4256,,,"USco,gold",no,Simbad,1,0.47283917526533065,0.244,0.0570870217639209
731,203568037,16 16 24.38,-25 41 54.1,,10.38,,7.19,1.17,4.4993598216088095,6.03,1.1992,0.436,0.8086,,"USco,bronze",no,Simbad,1,0.460830229928818,0.19,0.0570870217639209
734,203710387,16 16 30.66,-25 12 20.4,,11.91,,6.55,0.85,6.06935982160881,5.69,2.5441,,,,"USco,bronze",no,Simbad,1,0.1490914051158656,0.278,0.0570870217639209
736,204499729,16 16 32.26,-22 05 20.1,,12.71,,6.6,0.69,6.889359821608808,5.91,1.5116,1.9907,,,"USco,gold",yes,Simbad,1,,0.218,0.0
737,203416475,16 16 33.06,-26 12 40.7,,11.82,,6.31,0.32,6.0493598216088085,5.99,13.649,,,,"USco,bronze",no,Simbad,1,0.151092463647407,0.198,0.0570870217639209
738,204153041,16 16 33.42,-23 27 21.4,,11.34,,6.28,0.56,5.539359821608809,5.72,0.7567,0.4818,,,"USco,gold",no,Simbad,1,0.22204574935523042,0.268,0.0570870217639209
742,203679848,16 16 41.35,-25 18 39.7,,11.04,,6.86,0.92,5.189359821608809,5.94,0.4985,0.4422,,,"USco,bronze",no,Simbad,1,0.2856868307657305,0.209,0.0570870217639209
747,204126288,16 16 45.38,-23 33 41.6,,12.82,,6.58,0.51,7.019359821608809,6.07,0.2112,,,,"USco,silver",no,Simbad,1,,0.182,0.0
750,203627083,16 16 48.72,-25 29 40.4,,11.5,,6.93,1.13,5.619359821608809,5.8,0.8799,1.2371,,,"USco,bronze",no,Simbad,2,0.20729873436718216,0.247,0.0570870217639209
756,203844508,16 16 56.03,-24 43 05.2,,11.37,,6.86,1.24,5.47935982160881,5.62,2.1352,,,,"USco,bronze",no,Simbad,1,0.23273138309008487,0.302,0.0570870217639209
760,204414610,16 17 06.06,-22 25 41.6,,11.24,,5.86,0.21,5.47935982160881,5.64,3.6567,0.3393,,,"USco,gold",no,Simbad,1,0.23273138309008487,0.293,0.0570870217639209
763,203868608,16 17 18.97,-24 37 18.8,,10.76,,7.08,1.17,4.8793598216088085,5.91,5.6382,1.1066,,,"USco,bronze",no,Simbad,1,0.35636898330924055,0.217,0.0570870217639209
764,204099505,16 17 21.17,-23 40 08.7,,11.59,,6.41,0.77,5.759359821608809,5.64,2.0337,,,,"USco,bronze",no,Simbad,1,0.18570318950927733,0.295,0.0570870217639209
766,203452629,16 17 23.25,-26 05 25.0,,10.81,,6.61,0.64,4.9993598216088095,5.97,3.7607,,,,"USco,bronze",no,Simbad,1,0.3268061969282156,0.201,0.0570870217639209
779,203563208,16 17 38.94,-25 42 55.6,,10.55,,6.6,0.91,4.709359821608809,5.69,0.4307,0.5757,,,"USco,bronze",maybe,Simbad,1,0.3979083971005016,0.279,0.0570870217639209
780,203789628,16 17 46.96,-24 55 21.1,,10.47,,6.78,1.17,4.589359821608809,5.61,1.2829,,,,"USco,bronze",no,Simbad,1,0.43335465912411403,0.305,0.0570870217639209
781,203789325,16 17 47.68,-24 55 25.1,,11.74,,6.88,1.14,5.859359821608809,5.74,2.0229,1.2828,,,"USco,bronze",yes,Simbad,1,0.17143272927965214,0.264,0.0570870217639209
785,202632400,16 17 56.07,-28 56 40.1,,11.97,,6.07,0.0,6.23935982160881,6.07,1.3723,,,,"USco,bronze",no,Simbad,1,0.13116154302020278,0.182,0.0570870217639209
788,203542463,16 18 08.68,-25 47 12.8,,12.14,,8.43,2.15,6.1293598216088085,6.28,1.5633,,,,"USco,bronze",yes,Simbad,1,0.14275586576539628,0.148,0.0570870217639209
789,202910245,16 18 09.10,-27 55 19.8,,11.4,,6.27,0.24,5.639359821608808,6.02,0.5882,,,,"USco,bronze",no,Simbad,1,0.2036469540809347,0.19,0.0570870217639209
794,205272194,16 18 37.58,-18 31 06.7,,11.13,,6.69,0.49,5.339359821608809,6.19,0.3751,0.4368,,,"USco,bronze",no,Simbad,1,0.25841839665215943,0.161,0.0570870217639209
797,203004488,16 18 44.30,-27 35 30.6,,12.24,,6.94,1.09,6.369359821608809,5.85,1.4538,,,,"USco,bronze",no,Simbad,1,0.12011909095418992,0.233,0.0570870217639209
802,204435866,16 19 23.92,-22 20 41.5,,11.9,,6.69,0.7,6.07935982160881,5.99,1.398,,,,"USco,bronze",yes,Simbad,1,0.14800253681872905,0.197,0.0570870217639209
810,204418342,16 19 48.77,-22 24 47.6,,10.83,,5.98,0.0,5.099359821608809,5.98,0.4761,0.6337,,,"USco,silver",no,Simbad,1,0.3024549528750604,0.199,0.0570870217639209
813,204260042,16 19 50.91,-23 02 08.2,,12.14,,6.39,0.32,6.369359821608809,6.07,1.3344,,,,"USco,bronze",maybe,Simbad,1,0.12011909095418992,0.182,0.0570870217639209
815,204168477,16 19 51.85,-23 23 41.0,,10.79,,6.56,0.64,4.97935982160881,5.93,0.7376,0.5238,,,"USco,bronze",no,Simbad,1,0.3317314611048933,0.213,0.0570870217639209
816,204364130,16 19 54.96,-22 37 32.5,,11.46,,6.92,0.57,5.65935982160881,6.35,1.2696,,,,"USco,bronze",no,Simbad,1,0.20023793874144466,0.138,0.0570870217639209
820,204321959,16 20 06.85,-22 47 32.2,,10.79,,6.15,0.4,5.009359821608809,5.76,0.7811,,,,"USco,gold",no,Simbad,1,0.32472204667197285,0.26,0.0570870217639209
823,204932248,16 20 08.97,-20 12 22.5,,10.62,,6.51,0.77,4.789359821608809,5.74,3.7208,,,,"USco,bronze",maybe,Simbad,1,0.3781241991964305,0.265,0.0570870217639209
825,204956337,16 20 21.62,-20 05 35.1,,10.96,,6.45,0.88,5.119359821608809,5.57,7.7648,,,,"USco,gold",no,Simbad,1,0.29842837027420954,0.317,0.0570870217639209
828,204287798,16 20 26.08,-22 55 43.1,,11.84,,7.13,0.76,6.009359821608809,6.37,0.9748,,,,"USco,bronze",no,Simbad,1,0.15539087022968825,0.135,0.0570870217639209
837,204666965,16 20 36.40,-21 23 12.3,,10.02,,5.86,0.21,4.259359821608809,5.65,13.3557,0.4891,,,"USco,gold",no,Simbad,1,0.5428496236120365,0.29,0.0570870217639209
839,203478236,16 20 40.39,-26 00 18.2,,11.51,,6.63,0.82,5.6693598216088095,5.81,1.7358,,,,"USco,bronze",no,Simbad,1,0.19877110597280218,0.245,0.0570870217639209
845,203636498,16 21 05.09,-25 27 42.6,,10.94,,6.34,0.35,5.1693598216088095,5.99,0.7794,,,,"USco,bronze",no,Simbad,1,0.2893444818837617,0.198,0.0570870217639209
848,203425996,16 21 14.32,-26 10 46.4,,11.02,,6.84,1.19,5.139359821608808,5.65,5.2152,,,,"USco,bronze",no,Simbad,1,0.29469130392442533,0.291,0.0570870217639209
849,203625455,16 21 14.92,-25 30 01.2,,11.35,,6.89,0.73,5.529359821608809,6.16,1.0829,,,,"USco,bronze",no,Simbad,1,0.2238273508463849,0.167,0.0570870217639209
852,204346718,16 21 16.80,-22 41 36.8,,12.23,,7.36,1.09,6.359359821608809,6.28,0.6431,,,,"USco,bronze",no,Simbad,1,0.12084125654633289,0.148,0.0570870217639209
860,204644117,16 21 29.61,-21 29 03.9,,11.23,,6.34,0.16,5.469359821608808,6.18,0.5736,,,,"USco,gold",no,Simbad,1,0.23454437532758268,0.163,0.0570870217639209
866,202873945,16 21 39.90,-28 03 06.9,,11.24,,7.38,1.21,5.359359821608809,6.16,0.6258,,,,"USco,bronze",maybe,Simbad,1,0.254575857496327,0.166,0.0570870217639209
868,204471912,16 21 41.26,-22 12 05.7,,9.94,,5.91,0.35,4.1693598216088095,5.56,0.7562,0.8027,,,"USco,gold",no,Simbad,1,0.5774711521330442,0.32,0.0570870217639209
869,204211116,16 21 41.98,-23 13 43.5,,10.96,,7.92,2.02,4.969359821608808,5.9,2.1605,,,,"USco,bronze",yes,Simbad,1,0.33424386721490124,0.22,0.0570870217639209
888,204810161,16 22 14.80,-20 45 40.0,,11.23,,6.33,0.31,5.459359821608809,6.02,1.6579,1.5853,,,"USco,bronze",yes,Simbad,1,0.23636109649262607,0.191,0.0570870217639209
893,204449274,16 22 21.59,-22 17 30.9,,12.62,,6.6,0.52,6.81935982160881,6.08,1.5494,1.2709,,,"USco,gold",yes,Simbad,1,,0.181,0.0
911,204683343,16 23 04.73,-21 18 59.6,,12.16,,6.81,0.66,6.349359821608809,6.15,0.4643,,,,"USco,bronze",no,Simbad,1,0.12174940411331545,0.167,0.0570870217639209
916,204524752,16 23 17.40,-21 59 07.1,,10.16,,6.03,0.3,4.389359821608808,5.74,2.9538,,,,"USco,gold",no,Simbad,1,0.4939845619478561,0.264,0.0570870217639209
917,202906224,16 23 17.61,-27 56 10.9,,11.69,,6.61,0.73,5.859359821608809,5.88,0.7152,6.4585,,,"USco,bronze",no,Simbad,1,0.17143272927965214,0.226,0.0570870217639209
925,204274536,16 23 32.83,-22 58 47.1,,10.29,,7.19,1.62,4.349359821608809,5.57,5.12,,,,"USco,bronze",yes,Simbad,1,0.5080662265617265,0.317,0.0570870217639209
926,202795175,16 23 41.85,-28 20 12.9,,12.74,,7.29,1.41,6.82935982160881,5.88,0.8361,,,,"USco,bronze",no,Simbad,1,,0.224,0.0
958,204268916,16 24 35.20,-23 00 02.5,,10.99,,5.87,0.18,5.22935982160881,5.69,1.7534,,,,"USco,bronze",no,Simbad,1,0.2784219680326826,0.279,0.0570870217639209
968,203343161,16 24 55.87,-26 27 18.3,,11.16,,6.73,0.73,5.339359821608809,5.99,2.2417,,,,"USco,bronze",yes,Simbad,1,0.25841839665215943,0.197,0.0570870217639209
982,204623020,16 25 10.34,-21 34 23.6,,11.45,,6.97,0.86,5.609359821608809,6.11,0.6584,,,,"USco,bronze",no,Simbad,1,0.2093099322037771,0.175,0.0570870217639209
