recno,EPIC_1,RAJ2000,DEJ2000,Vmag,Ksmag,(V-Ks)o,(V-Ks)u,E(V-Ks),Ksmag0,Per1,Per2,Per3,Per4,Memb,Simbad_1,single,PSS,(V-Ks)0,P1,P2,Mass,Disk,_RA,_DE,Separation
1009,204460283,16 25 29.68,-22 14 54.5,,12.11,,7.61,1.15,11.96,1.3956,,,,"USco,gold",Simbad,1,0.999999,6.456,1.3956,,0.124,,246.37373,-22.24844,0.24080653536073854
1015,203421625,16 25 32.73,-26 11 39.0,,10.97,,6.05,0.0,10.97,1.7039,,,,"USco,gold",Simbad,1,0.999992,6.049,1.7039,,0.186,,246.38642,-26.19406,0.4105928164484961
1026,204396010,16 25 43.20,-22 30 03.0,,12.09,,6.56,0.3,12.05,1.5603,,,,"USco,gold",Simbad,1,0.999998,6.255,1.5603,,0.151,Y,246.43009,-22.50073,0.47747838477693777
1028,204544020,16 25 48.07,-21 54 19.6,,11.15,,5.77,0.15,11.13,1.8496,,,,"USco,gold",Simbad,1,0.999877,5.618,1.8496,,0.301,,246.45036,-21.90543,0.23408768816516673
1031,202793212,16 25 50.28,-28 20 38.1,,11.76,,5.84,0.25,11.72,2.1634,,,,"USco,bronze",Simbad,1,0.999862,5.59,2.1634,,0.31,,246.45959,-28.34382,0.44990943389716576
1035,203071614,16 25 55.40,-27 21 24.4,,9.98,,5.72,0.0,9.98,0.4632,0.5305,,,"USco,gold",Simbad,1,0.999527,5.725,0.4632,0.5305,0.268,,246.48087,-27.35674,0.17955672630096897
1074,203074940,16 26 25.39,-27 20 42.7,,11.18,,6.42,0.39,11.13,3.3496,,,,"USco,bronze",Simbad,1,0.999983,6.033,3.3496,,0.189,,246.60585,-27.34518,0.19364602685951218
1089,204377821,16 26 39.65,-22 34 20.3,,10.49,,6.94,1.36,10.31,1.3506,,,,"USco,bronze",Simbad,1,0.999999,5.573,1.3506,,0.316,,246.66524,-22.57226,0.19487732536480182
1109,204464537,16 26 56.18,-22 13 52.1,,12.41,,7.2,0.78,12.31,0.2843,,,,"USco,gold",Simbad,1,0.999999,6.423,0.2843,,0.128,,246.73416,-22.2311,0.29132777311992347
1110,203478347,16 26 56.46,-26 00 17.0,,12.01,,7.06,1.37,11.83,2.8819,,,,"USco,bronze",Simbad,1,0.999999,5.685,2.8819,,0.28,,246.73534,-26.00468,0.3284814330086554
1123,204565982,16 27 09.40,-21 48 45.9,,11.71,,7.82,2.02,11.45,1.5612,,,,"USco,gold",Simbad,1,1.0,5.801,1.5612,,0.247,Y,246.78925,-21.81269,0.3524626952942945
1142,204608421,16 27 25.51,-21 38 04.0,,11.26,,6.46,0.88,11.15,1.8322,,,,"USco,bronze",Simbad,1,0.999996,5.582,1.8322,,0.313,,246.85637,-21.63436,0.40141069167232296
1164,203751997,16 27 45.21,-25 03 33.1,,11.45,,5.94,0.32,11.41,2.7362,,,,"USco,bronze",Simbad,1,0.999952,5.611,2.7362,,0.303,,246.93844,-25.05913,0.3142560893930158
1166,203781195,16 27 47.98,-24 57 13.7,,12.11,,8.43,2.83,11.75,0.4139,,,,"USco,gold",Simbad,1,1.0,5.601,0.4139,,0.307,,246.94999,-24.95373,0.36231880197419375
1182,203798606,16 28 03.36,-24 53 23.6,,10.49,,7.8,2.18,10.21,2.3014,,,,"USco,bronze",Simbad,1,1.0,5.619,2.3014,,0.301,,247.01401,-24.88991,0.08271898855397727
1185,202828127,16 28 08.95,-28 12 56.6,,12.11,,7.7,1.31,11.94,1.1663,,,,"USco,bronze",Simbad,1,0.999999,6.388,1.1663,,0.133,Y,247.03737,-28.21567,0.3115955806191537
1227,203504633,16 28 44.53,-25 54 59.1,,11.6,,6.33,0.0,11.6,0.6203,0.1565,,,"USco,bronze",Simbad,1,0.999999,6.325,0.6203,0.1565,0.142,,247.1856,-25.91635,0.30541118706028725
1268,202638454,16 30 20.08,-28 55 18.1,,11.77,,6.93,0.44,11.72,0.2487,0.4455,,,"USco,bronze",Simbad,1,0.999999,6.492,0.2487,0.4455,0.119,,247.5837,-28.92166,0.16250568593339382
1271,203108627,16 30 49.62,-27 13 46.8,,11.38,,6.34,0.64,11.3,1.2221,,,,"USco,bronze",Simbad,1,0.999992,5.694,1.2221,,0.277,,247.70687,-27.22968,0.387112957195716
1296,203185083,16 34 35.13,-26 58 03.2,,10.48,,6.26,0.51,10.41,0.4401,,,,"USco,gold",Simbad,1,0.99998,5.752,0.4401,,0.26,,248.64643,-26.96752,0.2180039655000842
1304,203130129,16 35 44.70,-27 09 20.4,,11.56,,5.67,0.0,11.56,1.6122,,,,"USco,bronze",Simbad,1,0.999726,5.673,1.6122,,0.284,,248.93637,-27.15563,0.4064141435698892
11,205049221,15 55 22.39,-19 39 02.9,,11.01,,6.15,0.49,10.95,29.7371,3.1976,,,"USco,bronze",Simbad,1,0.999996,5.657,29.7371,3.1976,0.289,,238.84331,-19.65081,0.06418243594514811
13,204077926,15 55 30.59,-23 45 21.2,,12.12,,6.19,0.41,12.07,1.0026,,,,"USco,bronze",Simbad,1,0.999998,5.782,1.0026,,0.252,,238.8775,-23.75591,0.1569225338629897
17,203544427,15 55 42.29,-25 46 47.7,,11.74,,6.78,0.47,11.68,1.0897,,,,"USco,bronze",Simbad,1,0.999999,6.313,1.0897,,0.143,,238.92621,-25.77994,0.08417357389320818
22,204862399,15 55 52.72,-20 31 33.5,,11.67,,6.73,0.94,11.55,0.2951,,,,"USco,bronze",Simbad,1,0.999999,5.789,0.2951,,0.25,,238.96969,-20.526,0.12723409453993764
23,203892828,15 55 53.21,-24 31 25.2,,11.86,,6.02,0.0,11.86,0.555,,,,"USco,bronze",Simbad,1,0.999993,6.019,0.555,,0.192,,238.97171,-24.52368,0.04830939693251434
27,203890834,15 56 03.72,-24 31 54.4,,11.34,,6.55,0.62,11.26,0.6164,0.4481,0.5146,,"USco,bronze",Simbad,1,0.999987,5.925,0.6164,0.4481,0.213,,239.01553,-24.5318,0.12670142013575686
28,204041137,15 56 12.13,-23 54 08.0,,10.23,,5.71,0.0,10.23,0.4201,,,,"USco,silver",Simbad,1,0.999832,5.714,0.4201,,0.271,,239.05071,-23.90213,0.6458882707219088
31,204269918,15 56 23.39,-22 59 49.4,,11.62,,6.91,0.52,11.56,0.8346,,,,"USco,bronze",Simbad,1,0.999998,6.39,0.8346,,0.132,,239.0975,-22.99698,0.30504056954632525
34,204918279,15 56 25.09,-20 16 16.2,,9.86,,6.67,0.44,9.8,0.4594,0.4665,,,"USco,gold",Simbad,1,0.999604,6.231,0.4594,0.4665,0.155,,239.10462,-20.27105,0.49636501359421903
38,204963464,15 56 34.24,-20 03 33.4,,10.87,,6.25,0.26,10.83,0.369,,,,"USco,gold",Simbad,1,0.999996,5.99,0.369,,0.197,,239.14273,-20.05924,0.25370144853577553
40,204229193,15 56 40.18,-23 09 29.5,,11.8,,6.17,0.22,11.77,1.806,,,,"USco,bronze",Simbad,1,0.999996,5.952,1.806,,0.207,,239.16748,-23.15809,0.4304881810453703
51,204248842,15 57 03.67,-23 04 48.6,,10.21,,5.93,0.25,10.18,0.9991,0.8303,,,"USco,gold",Simbad,1,0.999955,5.684,0.9991,0.8303,0.28,,239.26538,-23.08009,0.4021932975570891
54,204896403,15 57 08.50,-20 22 18.0,,11.42,,5.96,0.16,11.4,1.4471,2.7884,,,"USco,bronze",Simbad,1,0.999994,5.8,1.4471,2.7884,0.247,,239.28555,-20.37176,0.5615835759301836
55,204084492,15 57 12.77,-23 43 46.7,,12.59,,6.9,0.82,12.49,1.1411,,,,"USco,gold",Simbad,1,0.999998,6.08,1.1411,,0.181,,239.3033,-23.7296,0.33296311676261564
62,204442667,15 57 28.47,-22 19 05.3,,11.6,,6.35,0.24,11.57,1.3178,,,,"USco,gold",Simbad,1,0.999998,6.111,1.3178,,0.175,,239.36871,-22.31808,0.3536620536912884
63,204274743,15 57 29.84,-22 58 44.0,,11.19,,6.17,0.49,11.13,1.7686,,,,"USco,gold",Simbad,1,0.997153,5.685,1.7686,,0.28,Y,239.37443,-22.97885,0.3496384845826086
65,203800211,15 57 36.83,-24 53 02.9,,11.93,,5.86,0.0,11.93,0.6137,,,,"USco,bronze",Simbad,1,0.999987,5.864,0.6137,,0.229,,239.40349,-24.88414,0.10349362871633805
68,204434699,15 57 39.33,-22 20 57.6,,11.5,,6.01,0.28,11.46,2.5101,,,,"USco,bronze",Simbad,1,0.999994,5.723,2.5101,,0.269,,239.41398,-22.34928,0.39885856173628387
70,203521205,15 57 42.47,-25 51 35.7,,10.81,,5.7,0.05,10.81,0.7418,,,,"USco,gold",Simbad,1,0.999806,5.655,0.7418,,0.289,,239.42697,-25.85987,0.17219873993871226
74,203839698,15 57 47.56,-24 44 12.4,,12.05,,6.06,0.32,12.01,0.9672,,,,"USco,gold",Simbad,1,0.999992,5.74,0.9672,,0.264,,239.44823,-24.73671,0.320027494665489
80,204849054,15 57 56.02,-20 35 10.5,,12.34,,6.46,0.34,12.3,0.9839,,,,"USco,bronze",Simbad,1,0.999998,6.119,0.9839,,0.174,,239.48348,-20.58624,0.21645550672072383
91,204553379,15 58 23.36,-21 51 59.1,,11.28,,6.38,0.42,11.23,1.8469,,,,"USco,gold",Simbad,1,0.999998,5.961,1.8469,,0.204,,239.59739,-21.86635,0.3056849301914534
96,204066097,15 58 35.97,-23 48 14.0,,12.08,,6.32,0.28,12.04,0.3588,,,,"USco,gold",Simbad,1,0.999998,6.041,0.3588,,0.188,,239.64993,-23.8038,0.3677196388683584
101,204238921,15 58 39.87,-23 07 10.8,,11.71,,6.12,0.0,11.71,1.9986,,,,"USco,bronze",Simbad,1,0.999998,6.12,1.9986,,0.173,,239.66623,-23.11963,0.37185846176876336
102,204594600,15 58 48.10,-21 41 34.2,,12.52,,6.84,0.53,12.45,0.6008,,,,"USco,silver",Simbad,1,0.999999,6.308,0.6008,,0.144,,239.70055,-21.69274,0.558406061408978
105,203397761,15 59 01.92,-26 16 33.1,,11.26,,5.94,0.0,11.26,0.5179,0.5938,,,"USco,gold",Simbad,1,0.999995,5.938,0.5179,0.5938,0.21,,239.75806,-26.27582,0.2437549734711822
108,204367110,15 59 12.43,-22 36 50.4,,11.79,,6.56,0.52,11.72,0.944,,,,"USco,gold",Simbad,1,0.999998,6.045,0.944,,0.187,,239.80186,-22.61395,0.28977292113969194
110,204477741,15 59 18.38,-22 10 43.2,16.27,10.07,6.19,6.19,0.33,10.03,0.8214,0.7623,,,"USco,gold",Simbad,1,0.999982,5.863,0.8214,0.7623,0.229,,239.82663,-22.17861,0.2565501862801328
112,204247509,15 59 25.90,-23 05 08.3,,11.57,,6.62,0.56,11.5,0.6198,,,,"USco,silver",Simbad,1,0.999999,6.065,0.6198,,0.183,,239.85799,-23.08561,0.2641901274988942
113,203462615,15 59 38.05,-26 03 23.6,,10.25,,6.24,0.16,10.23,0.5201,0.4421,,,"USco,gold",Simbad,1,0.999988,6.08,0.5201,0.4421,0.181,,239.90863,-26.05652,0.31304373870376306
122,204096760,16 00 07.04,-23 40 49.0,,10.61,,6.16,0.46,10.55,0.5255,1.8177,,,"USco,gold",Simbad,1,0.999998,5.701,0.5255,1.8177,0.275,,240.02937,-23.6802,0.30498092666310417
128,204270520,16 00 26.30,-22 59 41.4,,11.34,,6.49,0.42,11.28,0.5123,,,,"USco,gold",Simbad,1,0.999998,6.074,0.5123,,0.182,,240.10963,-22.9948,0.1957469170420016
129,204769599,16 00 26.69,-20 56 31.8,18.6,12.51,6.09,6.09,0.44,12.45,1.6401,,,,"USco,gold",Simbad,1,0.999998,5.655,1.6401,,0.289,Y,240.11125,-20.94211,0.24747033443738115
131,204894208,16 00 29.45,-20 22 53.9,,11.29,,6.29,0.69,11.2,1.6968,,,,"USco,bronze",Simbad,1,0.999998,5.608,1.6968,,0.304,Y,240.12274,-20.38156,0.30343974697658976
135,205153472,16 00 34.53,-19 08 16.1,,11.46,,6.65,0.42,11.4,0.761,,,,"USco,bronze",Simbad,1,0.999999,6.223,0.761,,0.156,,240.14395,-19.13775,0.32413690649362853
141,203895244,16 00 43.08,-24 30 50.5,,10.77,,5.84,0.2,10.75,0.5312,0.541,,,"USco,gold",Simbad,1,0.999948,5.646,0.5312,0.541,0.292,,240.17957,-24.51402,0.23098799330312145
142,203811459,16 00 44.61,-24 50 34.1,,11.74,,6.8,0.53,11.68,1.4821,0.9133,,,"USco,bronze",Simbad,1,0.999998,6.27,1.4821,0.9133,0.149,,240.1859,-24.84281,0.0832242392562983
150,204428324,16 01 10.36,-22 22 27.9,,9.76,,5.98,0.36,9.71,0.325,0.5604,,,"USco,gold",Simbad,1,0.999937,5.619,0.325,0.5604,0.301,,240.29323,-22.37435,0.31945505503669835
158,204317321,16 01 29.84,-22 48 38.8,,10.49,,6.42,0.51,10.42,1.9313,1.0656,,,"USco,gold",Simbad,1,0.999937,5.91,1.9313,1.0656,0.217,,240.37433,-22.8107,0.2802184085151026
162,204897050,16 01 40.97,-20 22 08.3,,10.86,,6.55,0.75,10.77,0.2639,,,,"USco,gold",Simbad,1,0.999999,5.801,0.2639,,0.247,,240.42076,-20.36889,0.34354148334113743
164,203853244,16 01 47.68,-24 41 01.3,,13.01,,6.56,0.48,12.94,0.6493,,,,"USco,gold",Simbad,1,0.999998,6.08,0.6493,,0.181,,240.44873,-24.68365,0.2617597536228846
165,204435603,16 01 49.50,-22 20 45.5,,12.42,,6.79,0.46,12.36,1.5936,,,,"USco,bronze",Simbad,1,0.999999,6.334,1.5936,,0.14,,240.45629,-22.34588,0.3577186128169031
166,204054129,16 01 49.54,-23 51 08.5,,11.93,,6.32,0.59,11.85,0.5272,0.6122,,,"USco,bronze",Simbad,1,0.999998,5.723,0.5272,0.6122,0.269,,240.45649,-23.85228,0.3788971525118685
175,204388640,16 02 04.29,-22 31 47.0,,11.55,,8.82,2.7,11.2,2.6268,,,,"USco,bronze",Simbad,1,0.998613,6.125,2.6268,,0.172,Y,240.51791,-22.52969,0.16432038908421262
176,204791347,16 02 04.29,-20 50 42.8,18.6,11.83,6.77,6.77,0.76,11.73,0.4224,0.245,,,"USco,gold",Simbad,1,0.999999,6.017,0.4224,0.245,0.192,,240.5179,-20.84516,0.23927042621325564
181,204258708,16 02 09.54,-23 02 27.9,,11.83,,6.18,0.23,11.8,0.4837,,,,"USco,bronze",Simbad,1,0.999994,5.95,0.4837,,0.207,,240.53982,-23.04104,0.2794852985732106
183,204948308,16 02 10.95,-20 07 49.8,,11.42,,6.19,0.57,11.34,0.9397,,,,"USco,gold",Simbad,1,0.999996,5.625,0.9397,,0.299,,240.54567,-20.13044,0.26418084237162737
186,203863529,16 02 14.88,-24 38 32.9,,11.15,,6.12,0.35,11.1,0.2543,0.3215,,,"USco,silver",Simbad,1,0.999998,5.766,0.2543,0.3215,0.257,,240.56206,-24.64238,0.3857056218712124
188,204271115,16 02 23.56,-22 59 33.5,,11.03,,6.38,0.28,11.0,1.0184,,,,"USco,gold",Simbad,1,0.999998,6.099,1.0184,,0.177,,240.59822,-22.99257,0.304537954033761
190,203629401,16 02 24.41,-25 29 12.5,,12.47,,6.43,0.28,12.43,0.4951,,,,"USco,bronze",Simbad,1,0.999997,6.147,0.4951,,0.169,,240.60166,-25.4867,0.4111813360919012
192,204417649,16 02 25.97,-22 24 57.7,,11.65,,6.18,0.23,11.62,1.435,,,,"USco,bronze",Simbad,1,0.999995,5.955,1.435,,0.206,,240.60827,-22.41597,0.29220120186650017
194,204518814,16 02 34.17,-22 00 35.7,,11.75,,7.24,0.86,11.64,0.4513,,,,"USco,bronze",Simbad,1,0.999999,6.38,0.4513,,0.134,,240.64245,-22.00985,0.3467869646505502
197,204317053,16 02 41.41,-22 48 42.1,,11.99,,7.14,1.06,11.86,1.5945,,,,"USco,gold",Simbad,1,0.999998,6.08,1.5945,,0.181,Y,240.67262,-22.81164,0.3255555891727412
200,205078547,16 02 45.44,-19 30 38.1,,11.14,,6.44,0.52,11.07,0.7863,,,,"USco,gold",Simbad,1,0.999999,5.928,0.7863,,0.212,,240.68937,-19.5105,0.32477758191283884
201,204248645,16 02 45.73,-23 04 51.3,,11.5,,6.51,0.5,11.44,0.2621,0.3861,,,"USco,silver",Simbad,1,0.999999,6.013,0.2621,0.3861,0.193,Y,240.69063,-23.08081,0.48274062695644926
204,203846183,16 02 57.42,-24 42 41.8,,11.4,,5.89,0.23,11.37,1.575,,,,"USco,bronze",Simbad,1,0.999977,5.654,1.575,,0.29,,240.73932,-24.71157,0.2725979225154693
207,204489514,16 03 01.60,-22 07 52.7,,11.73,,6.91,0.62,11.65,1.7049,,,,"USco,gold",Simbad,1,0.999998,6.289,1.7049,,0.147,Y,240.75673,-22.13122,0.37345703197074415
210,203348744,16 03 02.35,-26 26 16.6,,12.15,,6.93,1.21,12.0,4.1674,,,,"USco,bronze",Simbad,1,0.999991,5.719,4.1674,,0.27,,240.75982,-26.43788,0.24933037987450596
211,204376053,16 03 14.89,-22 34 45.9,,10.7,,6.46,0.41,10.65,1.5654,2.0296,,,"USco,gold",Simbad,1,0.999997,6.051,1.5654,2.0296,0.186,,240.812,-22.57933,0.3413603379958551
212,204360645,16 03 22.76,-22 38 21.0,,11.17,,6.16,0.4,11.12,1.9005,,,,"USco,bronze",Simbad,1,0.999995,5.765,1.9005,,0.257,Y,240.84491,-22.63906,0.46080927043447095
215,204852633,16 03 24.35,-20 34 13.2,,12.34,,7.13,0.69,12.25,0.3454,,,,"USco,bronze",Simbad,1,0.999999,6.434,0.3454,,0.127,,240.85157,-20.57029,0.4074184008284992
216,203341895,16 03 25.98,-26 27 32.2,,10.77,,5.88,0.22,10.74,0.8336,,,,"USco,gold",Simbad,1,0.999893,5.655,0.8336,,0.289,,240.85824,-26.45894,0.03598218210206546
217,204538777,16 03 26.25,-21 55 38.1,,11.6,,6.52,0.91,11.48,1.4806,,,,"USco,gold",Simbad,1,0.999994,5.611,1.4806,,0.303,Y,240.85939,-21.92718,0.25693066625499805
219,205200173,16 03 28.71,-18 53 51.9,,10.12,,5.88,0.25,10.09,7.5153,,,,"USco,bronze",Simbad,1,0.996487,5.63,7.5153,,0.297,,240.86967,-18.8977,0.23641288610435351
220,204993463,16 03 29.40,-19 55 03.9,,11.03,,5.9,0.34,10.99,0.8547,1.1069,,,"USco,gold",Simbad,1,0.999948,5.562,0.8547,1.1069,0.32,,240.87256,-19.91768,0.3236437559871162
235,204599787,16 03 51.75,-21 40 15.7,,10.55,,6.56,0.54,10.48,1.0318,0.8194,0.6002,,"USco,silver",Simbad,1,0.999793,6.02,1.0318,0.8194,0.191,,240.96564,-21.67097,0.2139681272142643
236,203723257,16 03 54.03,-25 09 39.7,,11.38,,5.85,0.0,11.38,1.461,,,,"USco,gold",Simbad,1,0.999981,5.85,1.461,,0.233,,240.97519,-25.16094,0.38041307496641574
244,204376071,16 04 10.11,-22 34 45.7,,11.55,,6.38,0.19,11.53,1.6268,,,,"USco,bronze",Simbad,1,0.999998,6.187,1.6268,,0.161,,241.04218,-22.57927,0.3755106906503926
245,203920102,16 04 14.73,-24 24 43.6,,11.68,,6.13,0.17,11.66,1.6063,,,,"USco,bronze",Simbad,1,0.999995,5.962,1.6063,,0.204,,241.06142,-24.41205,0.2648795176964784
265,204871862,16 07 01.69,-20 28 58.2,,12.32,,7.01,0.7,12.23,1.6489,,,,"USco,gold",Simbad,1,0.999999,6.31,1.6489,,0.144,Y,241.75707,-20.48277,0.24721255504215192
269,204919503,16 07 04.73,-20 15 56.0,,11.46,,6.18,0.52,11.39,3.1147,,,,"USco,gold",Simbad,1,0.999988,5.653,3.1147,,0.29,,241.76976,-20.26549,0.2934985745759186
281,204933717,16 07 22.39,-20 11 58.5,,11.59,,6.75,1.14,11.44,1.5522,,,,"USco,gold",Simbad,1,0.999999,5.61,1.5522,,0.304,Y,241.84335,-20.19949,0.3895358144937844
285,204583750,16 07 26.41,-21 44 16.9,,13.68,,7.07,0.62,13.6,1.5372,,,,"USco,silver",Simbad,1,0.999999,6.445,1.5372,,0.125,,241.86008,-21.73804,0.13552767978429775
286,204757338,16 07 27.46,-20 59 44.4,,10.22,,6.48,0.73,10.13,2.2977,1.0586,,,"USco,silver",Simbad,1,0.999964,5.75,2.2977,1.0586,0.261,Y,241.86443,-20.99562,0.17387415001793913
287,204909952,16 07 27.53,-20 18 34.8,,11.44,,7.09,1.07,11.3,0.6305,0.5628,,,"USco,gold",Simbad,1,0.999999,6.022,0.6305,0.5628,0.191,,241.86477,-20.30957,0.40552506507012404
290,204878461,16 07 35.55,-20 27 13.7,,11.96,,6.32,0.5,11.9,1.8261,,,,"USco,gold",Simbad,1,0.999998,5.821,1.8261,,0.241,,241.89817,-20.45374,0.2805978931240317
292,205063210,16 07 39.15,-19 35 04.3,,11.31,,6.51,0.45,11.25,2.4332,,,,"USco,bronze",Simbad,1,0.999997,6.068,2.4332,,0.183,Y,241.91315,-19.58448,0.191765245371858
296,204426231,16 07 45.21,-22 22 57.7,,11.52,,6.38,0.4,11.47,2.2514,2.0986,,,"USco,gold",Simbad,1,0.999998,5.976,2.2514,2.0986,0.201,,241.93842,-22.38262,0.30702212126237294
297,203753432,16 07 48.61,-25 03 14.3,,11.43,,5.62,0.0,11.43,1.1744,,,,"USco,bronze",Simbad,1,0.999781,5.621,1.1744,,0.3,,241.95258,-25.05395,0.14842126977424333
300,203843009,16 07 55.65,-24 43 27.1,,12.71,,6.94,1.33,12.54,1.351,,,,"USco,gold",Simbad,1,0.999996,5.608,1.351,,0.304,Y,241.98197,-24.7241,0.4605465628915082
301,204830256,16 07 57.12,-20 40 17.7,,11.65,,6.63,0.66,11.56,3.65,,,,"USco,bronze",Simbad,1,0.999999,5.976,3.65,,0.201,,241.98806,-20.6715,0.3617207588427799
306,204829482,16 08 00.50,-20 40 29.1,,11.33,,6.43,0.71,11.24,1.9464,2.5668,,,"USco,gold",Simbad,1,0.999999,5.719,1.9464,2.5668,0.27,,242.00215,-20.6747,0.28778463077348615
309,204273100,16 08 02.17,-22 59 05.9,,11.26,,6.44,0.38,11.21,0.5122,,,,"USco,gold",Simbad,1,0.999998,6.06,0.5122,,0.184,,242.00907,-22.98494,0.1492433495518626
310,204895410,16 08 02.37,-20 22 34.0,,10.62,,6.54,0.48,10.56,2.1105,2.4133,,,"USco,gold",Simbad,1,0.999998,6.063,2.1105,2.4133,0.184,,242.0099,-20.37609,0.11355191137818367
315,203844446,16 08 06.10,-24 43 05.9,,11.53,,5.98,0.0,11.53,1.2936,0.8414,,,"USco,bronze",Simbad,1,0.999996,5.977,1.2936,0.8414,0.201,,242.02545,-24.71832,0.120772840042401
318,204397408,16 08 10.80,-22 29 43.1,,11.68,,6.66,0.35,11.63,1.6454,,,,"USco,gold",Simbad,1,0.999999,6.311,1.6454,,0.143,Y,242.04507,-22.49523,0.35803877293575614
327,204634894,16 08 20.77,-21 31 23.7,,10.83,,5.79,0.23,10.8,1.9677,,,,"USco,gold",Simbad,1,0.999881,5.566,1.9677,,0.318,,242.08654,-21.52318,0.2520618067361476
328,204451272,16 08 22.28,-22 17 03.2,,12.03,,6.72,0.6,11.95,0.9726,,,,"USco,gold",Simbad,1,0.999992,6.117,0.9726,,0.174,,242.09289,-22.28414,0.3510668075048063
337,204611292,16 08 28.68,-21 37 20.1,,10.76,,6.0,0.27,10.73,1.7674,,,,"USco,gold",Simbad,1,0.999987,5.736,1.7674,,0.265,Y,242.11955,-21.62215,0.39698953958099503
341,204472612,16 08 34.54,-22 11 56.1,,11.53,,6.49,0.71,11.44,1.9243,,,,"USco,gold",Simbad,1,0.999996,5.78,1.9243,,0.253,Y,242.14397,-22.19887,0.24459284255294542
347,205192701,16 08 41.71,-18 56 10.7,,11.21,,6.93,0.72,11.12,2.1986,1.5705,,,"USco,gold",Simbad,1,0.999999,6.205,2.1986,1.5705,0.158,,242.17379,-18.93632,0.052308783134561644
348,205177770,16 08 43.07,-19 00 52.1,,10.27,,6.05,0.4,10.22,1.1423,0.9348,,,"USco,gold",Simbad,1,0.995302,5.653,1.1423,0.9348,0.29,,242.17958,-19.01441,0.4708033438466805
355,204094503,16 08 48.36,-23 41 21.1,,11.59,,6.41,0.57,11.52,1.6533,,,,"USco,gold",Simbad,1,0.999998,5.841,1.6533,,0.236,Y,242.20154,-23.68914,0.23623025926504543
363,205152244,16 09 00.01,-19 08 37.1,,10.96,,6.29,0.67,10.87,1.8142,,,,"USco,gold",Simbad,1,0.999993,5.622,1.8142,,0.3,Y,242.25015,-19.14378,0.6275401112625327
364,202957873,16 09 00.50,-27 45 19.7,,11.24,,6.13,0.05,11.24,0.7722,0.3686,,,"USco,gold",Simbad,1,0.999997,6.08,0.7722,0.3686,0.181,,242.25216,-27.75539,0.38375946830460295
368,202978875,16 09 01.67,-27 40 52.3,,11.95,,6.97,0.52,11.88,0.3057,,,,"USco,bronze",Simbad,1,0.999999,6.448,0.3057,,0.125,,242.25703,-27.68115,0.27892467836345736
377,204100531,16 09 07.75,-23 39 54.5,,11.13,,6.37,0.38,11.08,1.2548,,,,"USco,gold",Simbad,1,0.999998,5.994,1.2548,,0.196,,242.28234,-23.66514,0.1594180053211292
379,204448136,16 09 08.81,-22 17 47.0,,12.07,,6.12,0.04,12.07,0.3899,,,,"USco,silver",Simbad,1,0.999996,6.08,0.3899,,0.181,,242.28684,-22.2963,0.542895613021196
383,205056060,16 09 15.80,-19 37 06.4,,11.46,,5.9,0.14,11.44,1.7251,,,,"USco,gold",Simbad,1,0.999974,5.762,1.7251,,0.258,,242.31587,-19.61842,0.15232784467670596
384,204093677,16 09 16.88,-23 41 32.5,,10.97,,6.25,0.29,10.94,0.3628,,,,"USco,gold",Simbad,1,0.999996,5.962,0.3628,,0.204,,242.32041,-23.69236,0.2527693167045953
386,205092303,16 09 20.54,-19 26 32.1,,12.08,,6.94,0.7,11.99,1.7205,,,,"USco,gold",Simbad,1,0.999998,6.236,1.7205,,0.154,Y,242.33561,-19.44219,0.23420275431729562
387,204429883,16 09 20.62,-22 22 05.9,15.9,9.5,6.4,6.4,0.66,9.41,0.3236,0.3286,1.4699,0.3586,"USco,gold",Simbad,1,0.999995,5.737,0.3236,0.3286,0.265,,242.336,-22.36826,0.32227592112722525
395,203362293,16 09 30.22,-26 23 41.9,,12.49,,6.25,0.39,12.44,1.0369,,,,"USco,bronze",Simbad,1,0.999996,5.863,1.0369,,0.229,,242.37598,-26.3949,0.3306212327733515
397,204824603,16 09 31.08,-20 41 46.3,,10.14,,6.36,0.54,10.07,3.0965,,,,"USco,gold",Simbad,1,0.999994,5.821,3.0965,,0.241,,242.37958,-20.69611,0.4062022767904139
402,204769996,16 09 36.07,-20 56 25.8,,11.68,,6.31,0.51,11.62,1.7179,,,,"USco,bronze",Simbad,1,0.999998,5.798,1.7179,,0.248,,242.40034,-20.94044,0.27030492165783004
404,204783273,16 09 37.06,-20 52 53.2,,11.98,,6.28,0.19,11.95,1.1105,,,,"USco,gold",Simbad,1,0.999998,6.09,1.1105,,0.179,,242.40445,-20.88138,0.2576713795696409
408,203844180,16 09 43.53,-24 43 10.0,,12.17,,6.02,0.4,12.12,0.8422,,,,"USco,bronze",Simbad,1,0.99999,5.619,0.8422,,0.301,,242.43143,-24.71941,0.21845910458208906
410,204288433,16 09 46.33,-22 55 34.0,,11.03,,6.08,0.35,10.98,1.8162,,,,"USco,gold",Simbad,1,0.999981,5.722,1.8162,,0.269,,242.44307,-22.92598,0.4812579981404864
415,203856109,16 09 51.96,-24 40 20.0,,12.13,,6.95,0.83,12.03,1.4332,,,,"USco,bronze",Simbad,1,0.999999,6.119,1.4332,,0.174,Y,242.46659,-24.67214,0.4174931380277185
416,204982702,16 09 52.06,-19 58 06.8,,10.46,,6.23,0.09,10.45,2.403,,,,"USco,bronze",Simbad,1,0.999848,6.138,2.403,,0.17,Y,242.46694,-19.96849,0.24885557028551886
418,203849738,16 09 52.87,-24 41 53.5,,10.93,,6.17,0.45,10.87,0.619,,,,"USco,gold",Simbad,1,0.999996,5.72,0.619,,0.269,,242.47033,-24.69821,0.13731396773160287
423,204078097,16 09 58.51,-23 45 18.9,,11.62,,7.04,0.74,11.53,1.4106,,,,"USco,gold",Simbad,1,0.999999,6.298,1.4106,,0.145,Y,242.49385,-23.75517,0.34624818745037655
425,205366676,16 09 59.32,-18 00 09.2,,10.34,,5.92,0.32,10.3,3.6874,,,,"USco,gold",Simbad,1,0.999906,5.602,3.6874,,0.306,Y,242.49724,-18.00252,0.2818205273062013
430,203036352,16 10 03.93,-27 28 48.2,,11.2,,5.61,0.0,11.2,0.7104,,,,"USco,gold",Simbad,1,0.99968,5.613,0.7104,,0.303,,242.51642,-27.47999,0.276318591163976
434,205024957,16 10 10.99,-19 46 04.2,,11.38,,6.19,0.47,11.32,1.6656,,,,"USco,gold",Simbad,1,0.999995,5.711,1.6656,,0.272,Y,242.54586,-19.76779,0.2791591763925046
439,202515599,16 10 15.41,-29 23 56.2,,12.08,,6.46,0.0,12.08,0.5851,,,,"USco,bronze",Simbad,1,0.999998,6.46,0.5851,,0.123,,242.56424,-29.39896,0.11401904582094806
442,204133691,16 10 20.85,-23 31 55.8,,11.05,,6.01,0.32,11.01,0.8106,,,,"USco,gold",Simbad,1,0.999996,5.681,0.8106,,0.281,,242.58698,-23.53213,0.3708512673417361
444,202915242,16 10 21.53,-27 54 17.6,,11.2,,6.09,0.28,11.16,1.2661,1.7012,,,"USco,bronze",Simbad,1,0.999995,5.803,1.2661,1.7012,0.246,,242.58979,-27.90482,0.35917692310131494
454,205145188,16 10 28.18,-19 10 44.5,,11.79,,7.03,1.17,11.64,1.7554,,,,"USco,gold",Simbad,1,0.999999,5.862,1.7554,,0.23,Y,242.61748,-19.17902,0.21715795212764966
457,205247191,16 10 30.07,-18 39 06.8,,10.55,,7.35,1.35,10.38,3.906,,,,"USco,gold",Simbad,1,0.999999,6.004,3.906,,0.194,,242.62535,-18.65182,0.31795176555138865
458,204487447,16 10 30.68,-22 08 23.2,,11.76,,7.07,1.17,11.61,2.0221,,,,"USco,bronze",Simbad,1,0.999999,5.894,2.0221,,0.221,Y,242.62791,-22.13971,0.3534017918136889
461,204870669,16 10 35.24,-20 29 17.1,,11.71,,6.91,0.54,11.64,1.3834,,,,"USco,gold",Simbad,1,0.999999,6.365,1.3834,,0.136,,242.64687,-20.48802,0.2593711878791347
464,204495624,16 10 42.58,-22 06 21.5,,11.5,,6.44,0.35,11.45,1.9662,,,,"USco,bronze",Simbad,1,0.999998,6.096,1.9662,,0.178,Y,242.67747,-22.10591,0.28604096060221135
467,202879519,16 10 44.58,-28 01 53.9,,10.77,,6.01,0.0,10.77,5.0729,,,,"USco,bronze",Simbad,1,0.999994,6.011,5.0729,,0.193,,242.68575,-28.03165,0.040000000002949065
471,204468732,16 10 49.95,-22 12 51.7,,11.73,,7.17,0.98,11.6,0.7695,0.4794,,,"USco,bronze",Simbad,1,0.999999,6.19,0.7695,0.4794,0.161,,242.70818,-22.21433,0.2148120665790333
473,205054397,16 10 52.39,-19 37 34.7,,10.73,,6.11,0.54,10.66,1.8094,,,,"USco,gold",Simbad,1,0.999987,5.564,1.8094,,0.319,Y,242.71836,-19.62623,0.3573132033883327
476,204655153,16 10 54.99,-21 26 14.1,,11.78,,6.94,0.6,11.7,0.52,,,,"USco,gold",Simbad,1,0.999999,6.344,0.52,,0.139,,242.72914,-21.4372,0.18688630241754145
478,204501712,16 10 56.91,-22 04 51.5,,11.4,,6.3,0.52,11.33,2.0304,,,,"USco,bronze",Simbad,1,0.999998,5.786,2.0304,,0.251,Y,242.73713,-22.081,0.10138152915394183
480,204117263,16 11 02.10,-23 35 50.7,,10.95,,6.11,0.35,10.91,0.6423,,,,"USco,gold",Simbad,1,0.99999,5.753,0.6423,,0.26,,242.75884,-23.59735,0.38177746499248966
487,204561327,16 11 09.19,-21 49 56.4,,11.6,,6.37,0.75,11.5,0.946,,,,"USco,bronze",Simbad,1,0.999999,5.625,0.946,,0.299,,242.78833,-21.83229,0.2018567654608448
500,203759570,16 11 18.46,-25 01 55.0,,11.31,,5.8,0.22,11.29,1.8105,,,,"USco,bronze",Simbad,1,0.999893,5.58,1.8105,,0.314,,242.82698,-25.0319,0.2612989445587078
504,204099713,16 11 26.29,-23 40 06.3,,12.47,,6.85,0.57,12.4,1.7984,,,,"USco,gold",Simbad,1,0.999998,6.283,1.7984,,0.147,,242.85959,-23.66832,0.38275428910254616
506,204365837,16 11 31.80,-22 37 08.5,,11.85,,6.61,0.3,11.82,1.7422,,,,"USco,gold",Simbad,1,0.999999,6.314,1.7422,,0.143,,242.88253,-22.61895,0.29721824112212125
508,204439854,16 11 34.69,-22 19 44.4,,12.33,,6.92,0.73,12.23,1.184,,,,"USco,gold",Simbad,1,0.999999,6.183,1.184,,0.162,,242.89459,-22.32895,0.24146613466678377
509,204074274,16 11 37.60,-23 46 15.0,,11.21,,5.98,0.41,11.16,1.8029,,,,"USco,gold",Simbad,1,0.999976,5.569,1.8029,,0.317,,242.90674,-23.77076,0.35786632982353395
515,204292655,16 11 45.29,-22 54 33.2,,11.81,,6.82,0.7,11.72,1.558,1.708,,,"USco,bronze",Simbad,1,0.999999,6.115,1.558,1.708,0.174,,242.93875,-22.90914,0.32665964283591875
516,205086621,16 11 45.33,-19 28 13.4,,11.81,,7.26,0.99,11.69,1.7416,,,,"USco,gold",Simbad,1,0.999999,6.274,1.7416,,0.149,Y,242.93893,-19.47034,0.25656260093485544
517,205155253,16 11 46.12,-19 07 42.9,,11.15,,7.06,1.11,11.01,1.7852,,,,"USco,gold",Simbad,1,0.999999,5.95,1.7852,,0.207,Y,242.9422,-19.1286,0.12827206619934362
519,205019241,16 11 49.20,-19 47 43.3,,10.82,,6.46,0.57,10.75,0.92,,,,"USco,bronze",Simbad,1,0.999998,5.89,0.92,,0.222,,242.95501,-19.79532,0.15182674257074483
524,205091879,16 11 57.63,-19 26 39.1,,10.19,,6.9,1.0,10.06,1.0182,,,,"USco,bronze",Simbad,1,0.999997,5.897,1.0182,,0.22,Y,242.99023,-19.4442,0.35700186718865246
527,204912351,16 12 02.22,-20 17 55.3,,11.08,,6.25,0.47,11.02,3.2611,,,,"USco,bronze",Simbad,1,0.999998,5.774,3.2611,,0.254,,243.00931,-20.29865,0.2581491520586646
534,205072354,16 12 10.43,-19 32 27.8,,11.24,,6.8,0.68,11.15,0.7718,,,,"USco,gold",Simbad,1,0.999999,6.121,0.7718,,0.173,,243.04349,-19.541,0.2270287048429144
536,205156547,16 12 12.41,-19 07 19.3,,10.96,,7.3,1.45,10.77,1.8003,,,,"USco,bronze",Simbad,1,0.999999,5.857,1.8003,,0.231,Y,243.05176,-19.12199,0.22221505411853243
538,202709862,16 12 17.22,-28 39 08.5,,11.3,,5.7,0.05,11.29,0.9952,2.0106,,,"USco,gold",Simbad,1,0.999955,5.655,0.9952,2.0106,0.289,,243.07183,-28.65239,0.27329462582382796
540,205102553,16 12 18.44,-19 23 32.6,,12.0,,7.0,0.85,11.89,1.8511,,,,"USco,bronze",Simbad,1,0.999999,6.152,1.8511,,0.168,,243.07689,-19.39235,0.23796625109510067
543,204651122,16 12 22.89,-21 27 16.1,,12.03,,7.0,0.73,11.94,1.5999,,,,"USco,bronze",Simbad,1,0.999999,6.272,1.5999,,0.149,Y,243.09541,-21.45441,0.25284004387905673
545,204940701,16 12 27.36,-20 09 59.9,,11.53,,6.81,0.71,11.44,1.7776,,,,"USco,gold",Simbad,1,0.999998,6.1,1.7776,,0.177,Y,243.11407,-20.16658,0.31764812898558725
548,210282525,16 12 33.53,-25 43 28.0,,10.14,,6.74,0.66,10.06,3.7871,,,,"USco,gold",Simbad,1,0.999928,6.071,3.7871,,0.182,,243.13969,-25.72448,0.14113594807010985
556,205013031,16 12 40.20,-19 49 30.6,,11.29,,6.25,0.45,11.23,3.6251,,,,"USco,bronze",Simbad,1,0.999998,5.807,3.6251,,0.245,,243.16755,-19.82507,0.38701066621388597
562,204105498,16 12 46.91,-23 38 41.0,,12.62,,7.21,0.73,12.53,0.2844,0.2954,,,"USco,gold",Simbad,1,0.999999,6.479,0.2844,0.2954,0.121,,243.19552,-23.64468,0.2538908426675308
563,205167772,16 12 47.25,-19 03 53.3,,11.75,,6.92,1.12,11.6,1.1876,,,,"USco,gold",Simbad,1,0.999999,5.808,1.1876,,0.245,,243.19696,-19.06477,0.3162748914148925
565,204888409,16 12 48.96,-20 24 30.6,,12.08,,6.32,0.32,12.04,1.3743,,,,"USco,bronze",Simbad,1,0.999994,5.993,1.3743,,0.197,,243.20406,-20.40841,0.3820453914400492
572,205082248,16 13 03.05,-19 29 32.3,,12.35,,7.12,1.17,12.2,1.7541,,,,"USco,silver",Simbad,1,0.999999,5.95,1.7541,,0.207,,243.26279,-19.4922,0.47033184891979324
575,204259310,16 13 09.82,-23 02 18.4,,11.76,,6.29,0.47,11.69,1.3301,1.5318,,,"USco,bronze",Simbad,1,0.999998,5.819,1.3301,1.5318,0.242,Y,243.29096,-23.03846,0.15409363057330744
578,204210528,16 13 10.81,-23 13 51.7,,11.61,,5.96,0.0,11.61,0.987,,,,"USco,gold",Simbad,1,0.999996,5.959,0.987,,0.205,,243.29511,-23.23095,0.35986218658261715
580,204491374,16 13 11.71,-22 07 25.6,,11.21,,6.11,0.35,11.17,1.2445,,,,"USco,bronze",Simbad,1,0.999995,5.756,1.2445,,0.259,,243.29884,-22.12367,0.42014979397128654
588,205373716,16 13 20.80,-17 57 52.1,,9.87,,5.83,0.23,9.84,1.1268,4.1193,,,"USco,bronze",Simbad,1,0.999751,5.594,1.1268,4.1193,0.309,,243.33668,-17.96448,0.05356142751360499
598,204149252,16 13 34.76,-23 28 15.8,,12.5,,6.65,0.64,12.41,0.9942,,,,"USco,gold",Simbad,1,0.999998,6.01,0.9942,,0.193,,243.39486,-23.471,0.21852701220969212
600,204152030,16 13 36.46,-23 27 35.6,,11.22,,6.23,0.52,11.15,1.8029,0.8242,1.0198,,"USco,gold",Simbad,1,0.999752,5.719,1.8029,0.8242,0.27,,243.40199,-23.45981,0.3732371563840846
604,204525772,16 13 38.32,-21 58 52.0,,11.0,,5.89,0.32,10.96,1.5467,,,,"USco,gold",Simbad,1,0.999911,5.574,1.5467,,0.316,,243.4098,-21.98112,0.4462562925702902
621,203534383,16 14 02.97,-25 48 53.3,,11.71,,7.05,0.83,11.6,0.2784,0.3234,,,"USco,bronze",Simbad,1,0.999999,6.215,0.2784,0.3234,0.157,,243.51245,-25.81475,0.3147635591668134
623,203459091,16 14 04.91,-26 04 06.6,,10.76,,6.11,0.28,10.73,0.7071,0.7969,,,"USco,bronze",Simbad,1,0.999993,5.831,0.7071,0.7969,0.238,,243.5205,-26.0684,0.38438911261263914
626,204492163,16 14 08.95,-22 07 13.3,,11.48,,5.99,0.32,11.44,0.5673,,,,"USco,bronze",Simbad,1,0.999984,5.669,0.5673,,0.285,,243.53731,-22.12038,0.09144589226752174
627,204449800,16 14 10.10,-22 17 23.7,,9.81,,6.91,0.66,9.72,2.448,1.9503,,,"USco,gold",Simbad,1,0.99964,6.253,2.448,1.9503,0.152,,243.54216,-22.28987,0.3056813394047975
632,204332672,16 14 13.51,-22 44 58.0,,11.42,,5.96,0.33,11.38,2.6312,,,,"USco,gold",Simbad,1,0.99996,5.632,2.6312,,0.297,,243.55628,-22.74938,0.23521100077135498
645,204828211,16 14 36.38,-20 40 49.3,,11.5,,5.62,0.0,11.5,0.7257,,,,"USco,bronze",Simbad,1,0.99964,5.621,0.7257,,0.3,,243.65163,-20.68031,0.24199167514148998
647,203726701,16 14 39.18,-25 08 56.5,,11.99,,6.24,0.49,11.93,1.6873,,,,"USco,bronze",Simbad,1,0.999995,5.756,1.6873,,0.259,,243.66326,-25.14894,0.3176758398735761
649,204408619,16 14 41.19,-22 27 05.6,,10.87,,5.61,0.0,10.87,2.6303,,,,"USco,gold",Simbad,1,0.999389,5.61,2.6303,,0.304,,243.67168,-22.45149,0.29863379243719396
658,203703016,16 14 52.43,-25 13 52.7,,10.45,,6.41,0.71,10.36,4.8533,1.8508,,,"USco,gold",Simbad,1,0.999798,5.699,4.8533,1.8508,0.275,Y,243.7184,-25.23124,0.3029565052954738
667,203770366,16 15 05.24,-24 59 35.4,,11.48,,6.59,0.95,11.36,1.8145,,,,"USco,gold",Simbad,1,0.999999,5.635,1.8145,,0.296,Y,243.77187,-24.99309,0.30081483729469494
670,204079030,16 15 08.91,-23 45 05.2,,11.34,,5.85,0.28,11.3,2.832,,,,"USco,gold",Simbad,1,0.99987,5.575,2.832,,0.315,,243.78717,-23.75134,0.4041814252755368
675,203938167,16 15 12.37,-24 20 09.4,,12.13,,6.27,0.39,12.08,1.6151,,,,"USco,gold",Simbad,1,0.999998,5.88,1.6151,,0.225,Y,243.80164,-24.33587,0.4193560969769554
679,204299578,16 15 15.18,-22 52 54.0,,12.01,,6.45,0.24,11.98,0.7705,,,,"USco,bronze",Simbad,1,0.999998,6.209,0.7705,,0.158,,243.81329,-22.8816,0.27422795562343294
684,204584778,16 15 25.15,-21 44 01.5,,11.78,,6.88,0.61,11.7,1.7439,,,,"USco,bronze",Simbad,1,0.999999,6.266,1.7439,,0.15,Y,243.85486,-21.7337,0.29089208803517647
685,203816510,16 15 27.20,-24 49 27.4,,11.51,,6.76,1.07,11.37,1.8192,,,,"USco,bronze",Simbad,1,0.999998,5.693,1.8192,,0.277,Y,243.86342,-24.82422,0.35135438869041935
691,205198363,16 15 33.40,-18 54 25.1,,11.27,,8.23,2.23,10.98,1.8996,,,,"USco,bronze",Simbad,1,1.0,6.0,1.8996,,0.195,Y,243.88923,-18.90694,0.24491190314402808
694,204204414,16 15 36.47,-23 15 17.5,,13.1,,6.3,0.16,13.09,0.6223,,,,"USco,silver",Simbad,1,0.999997,6.145,0.6223,,0.169,,243.902,-23.25487,0.1414800440537156
696,205124381,16 15 39.13,-19 17 00.8,,10.43,,7.51,1.89,10.19,1.3957,,,,"USco,gold",Simbad,1,0.999964,5.615,1.3957,,0.302,,243.91307,-19.28349,0.2548829838825635
697,204621457,16 15 41.10,-21 34 46.4,,11.7,,6.28,0.45,11.65,0.5626,,,,"USco,bronze",Simbad,1,0.999997,5.838,0.5626,,0.236,,243.92128,-21.57957,0.11309373117680625
700,203122463,16 15 48.68,-27 10 54.9,,11.88,,6.64,0.76,11.79,1.4668,0.8599,,,"USco,bronze",Simbad,1,0.999999,5.876,1.4668,0.8599,0.226,,243.95289,-27.18185,0.3008845489953903
701,204467371,16 15 49.13,-22 13 12.0,,12.12,,6.14,0.2,12.1,1.8066,,,,"USco,bronze",Simbad,1,0.999998,5.931,1.8066,,0.212,Y,243.95476,-22.21994,0.2762327075085031
708,204143627,16 15 59.25,-23 29 36.2,,11.31,,6.0,0.35,11.27,1.125,,,,"USco,gold",Simbad,1,0.999965,5.646,1.125,,0.292,,243.99689,-23.49341,0.09071162693761045
711,204462739,16 16 00.80,-22 14 19.4,,10.98,,6.56,0.48,10.92,1.2944,0.9951,,,"USco,gold",Simbad,1,0.999998,6.08,1.2944,0.9951,0.181,,244.00336,-22.23857,0.5551575792720416
713,204348630,16 16 02.95,-22 41 09.3,,10.77,,5.92,0.18,10.74,1.1663,1.0589,,,"USco,bronze",Simbad,1,0.999956,5.748,1.1663,1.0589,0.262,,244.01231,-22.68587,0.17869541908660783
719,204199333,16 16 11.83,-23 16 26.7,,11.88,,6.01,0.44,11.82,0.8366,,,,"USco,silver",Simbad,1,0.999996,5.577,0.8366,,0.315,,244.04933,-23.27411,0.1590179242407042
726,204082531,16 16 20.10,-23 44 14.4,,10.19,,5.81,0.0,10.19,0.6513,0.4256,,,"USco,gold",Simbad,1,0.999911,5.811,0.6513,0.4256,0.244,,244.08383,-23.73729,0.3063325265550302
731,203568037,16 16 24.38,-25 41 54.1,,10.38,,7.19,1.17,10.23,1.1992,0.436,0.8086,,"USco,bronze",Simbad,1,0.99989,6.028,1.1992,0.436,0.19,,244.10162,-25.69837,0.12317316050559055
734,203710387,16 16 30.66,-25 12 20.4,,11.91,,6.55,0.85,11.8,2.5441,,,,"USco,bronze",Simbad,1,0.999999,5.69,2.5441,,0.278,,244.12785,-25.2056,0.4045927033438484
736,204499729,16 16 32.26,-22 05 20.1,,12.71,,6.6,0.69,12.62,1.5116,1.9907,,,"USco,gold",Simbad,1,0.999999,5.906,1.5116,1.9907,0.218,Y,244.13444,-22.08892,0.07875412286441343
737,203416475,16 16 33.06,-26 12 40.7,,11.82,,6.31,0.32,11.78,13.649,,,,"USco,bronze",Simbad,1,0.99982,5.987,13.649,,0.198,,244.13781,-26.21132,0.20064437879353997
738,204153041,16 16 33.42,-23 27 21.4,,11.34,,6.28,0.56,11.27,0.7567,0.4818,,,"USco,gold",Simbad,1,0.999999,5.725,0.7567,0.4818,0.268,,244.13932,-23.45586,0.38191429904682583
742,203679848,16 16 41.35,-25 18 39.7,,11.04,,6.86,0.92,10.92,0.4985,0.4422,,,"USco,bronze",Simbad,1,0.999999,5.941,0.4985,0.4422,0.209,,244.17236,-25.31094,0.3864074401664883
747,204126288,16 16 45.38,-23 33 41.6,,12.82,,6.58,0.51,12.75,0.2112,,,,"USco,silver",Simbad,1,0.999999,6.074,0.2112,,0.182,,244.18914,-23.5615,0.2737997537440784
750,203627083,16 16 48.72,-25 29 40.4,,11.5,,6.93,1.13,11.35,0.8799,1.2371,,,"USco,bronze",Simbad,2,,5.8,0.8799,1.2371,0.247,,244.20308,-25.49451,0.3073651338822328
756,203844508,16 16 56.03,-24 43 05.2,,11.37,,6.86,1.24,11.21,2.1352,,,,"USco,bronze",Simbad,1,0.999999,5.617,2.1352,,0.302,,244.23352,-24.71805,0.2984402227720019
760,204414610,16 17 06.06,-22 25 41.6,,11.24,,5.86,0.21,11.21,3.6567,0.3393,,,"USco,gold",Simbad,1,0.999926,5.644,3.6567,0.3393,0.293,,244.2753,-22.42812,0.40386608581652517
763,203868608,16 17 18.97,-24 37 18.8,,10.76,,7.08,1.17,10.61,5.6382,1.1066,,,"USco,bronze",Simbad,1,0.999999,5.909,5.6382,1.1066,0.217,,244.32911,-24.62185,0.26384031037150873
764,204099505,16 17 21.17,-23 40 08.7,,11.59,,6.41,0.77,11.49,2.0337,,,,"USco,bronze",Simbad,1,0.999993,5.639,2.0337,,0.295,,244.33827,-23.66906,0.21999352427545413
766,203452629,16 17 23.25,-26 05 25.0,,10.81,,6.61,0.64,10.73,3.7607,,,,"USco,bronze",Simbad,1,0.99997,5.974,3.7607,,0.201,,244.3469,-26.09029,0.0920291191946032
779,203563208,16 17 38.94,-25 42 55.6,,10.55,,6.6,0.91,10.44,0.4307,0.5757,,,"USco,bronze",Simbad,1,0.999999,5.687,0.4307,0.5757,0.279,,244.4123,-25.71538,0.28306189558912087
780,203789628,16 17 46.96,-24 55 21.1,,10.47,,6.78,1.17,10.32,1.2829,,,,"USco,bronze",Simbad,1,0.999996,5.606,1.2829,,0.305,,244.44567,-24.92253,0.01350665356439253
781,203789325,16 17 47.68,-24 55 25.1,,11.74,,6.88,1.14,11.59,2.0229,1.2828,,,"USco,bronze",Simbad,1,0.999999,5.74,2.0229,1.2828,0.264,Y,244.44869,-24.92364,0.07628204495162601
785,202632400,16 17 56.07,-28 56 40.1,,11.97,,6.07,0.0,11.97,1.3723,,,,"USco,bronze",Simbad,1,0.999996,6.073,1.3723,,0.182,,244.4837,-28.94443,0.2809438708592896
788,203542463,16 18 08.68,-25 47 12.8,,12.14,,8.43,2.15,11.86,1.5633,,,,"USco,bronze",Simbad,1,1.0,6.282,1.5633,,0.148,Y,244.53619,-25.78683,0.2250881546625084
789,202910245,16 18 09.10,-27 55 19.8,,11.4,,6.27,0.24,11.37,0.5882,,,,"USco,bronze",Simbad,1,0.999996,6.025,0.5882,,0.19,,244.53798,-27.9221,0.3133449501991699
794,205272194,16 18 37.58,-18 31 06.7,,11.13,,6.69,0.49,11.07,0.3751,0.4368,,,"USco,bronze",Simbad,1,0.999999,6.191,0.3751,0.4368,0.161,,244.65662,-18.5185,0.16020712468808748
797,203004488,16 18 44.30,-27 35 30.6,,12.24,,6.94,1.09,12.1,1.4538,,,,"USco,bronze",Simbad,1,0.999998,5.85,1.4538,,0.233,,244.68465,-27.59178,0.28654373803330013
802,204435866,16 19 23.92,-22 20 41.5,,11.9,,6.69,0.7,11.81,1.398,,,,"USco,bronze",Simbad,1,0.999992,5.993,1.398,,0.197,Y,244.84972,-22.34479,0.31156347263109685
810,204418342,16 19 48.77,-22 24 47.6,,10.83,,5.98,0.0,10.83,0.4761,0.6337,,,"USco,silver",Simbad,1,0.999997,5.984,0.4761,0.6337,0.199,,244.95322,-22.41319,0.12232560987201772
813,204260042,16 19 50.91,-23 02 08.2,,12.14,,6.39,0.32,12.1,1.3344,,,,"USco,bronze",Simbad,1,0.999996,6.07,1.3344,,0.182,,244.96219,-23.0356,0.21902480452485323
815,204168477,16 19 51.85,-23 23 41.0,,10.79,,6.56,0.64,10.71,0.7376,0.5238,,,"USco,bronze",Simbad,1,0.999999,5.926,0.7376,0.5238,0.213,,244.96611,-23.39467,0.29380113951808723
816,204364130,16 19 54.96,-22 37 32.5,,11.46,,6.92,0.57,11.39,1.2696,,,,"USco,bronze",Simbad,1,0.999998,6.352,1.2696,,0.138,,244.97904,-22.62563,0.267378111404682
820,204321959,16 20 06.85,-22 47 32.2,,10.79,,6.15,0.4,10.74,0.7811,,,,"USco,gold",Simbad,1,0.999981,5.755,0.7811,,0.26,,245.02859,-22.79224,0.21030555344320923
823,204932248,16 20 08.97,-20 12 22.5,,10.62,,6.51,0.77,10.52,3.7208,,,,"USco,bronze",Simbad,1,0.999992,5.736,3.7208,,0.265,,245.03745,-20.20621,0.291442847277849
825,204956337,16 20 21.62,-20 05 35.1,,10.96,,6.45,0.88,10.85,7.7648,,,,"USco,gold",Simbad,1,0.999999,5.569,7.7648,,0.317,,245.09015,-20.09301,0.347127983421606
828,204287798,16 20 26.08,-22 55 43.1,,11.84,,7.13,0.76,11.74,0.9748,,,,"USco,bronze",Simbad,1,1.0,6.371,0.9748,,0.135,,245.10871,-22.92858,0.2560983973281638
837,204666965,16 20 36.40,-21 23 12.3,,10.02,,5.86,0.21,9.99,13.3557,0.4891,,,"USco,gold",Simbad,1,0.999964,5.652,13.3557,0.4891,0.29,,245.15169,-21.38666,0.33330723231492154
839,203478236,16 20 40.39,-26 00 18.2,,11.51,,6.63,0.82,11.4,1.7358,,,,"USco,bronze",Simbad,1,0.999997,5.806,1.7358,,0.245,,245.16835,-26.00503,0.20996732296373335
845,203636498,16 21 05.09,-25 27 42.6,,10.94,,6.34,0.35,10.9,0.7794,,,,"USco,bronze",Simbad,1,0.999997,5.987,0.7794,,0.198,,245.27123,-25.46178,0.2045080504160534
848,203425996,16 21 14.32,-26 10 46.4,,11.02,,6.84,1.19,10.87,5.2152,,,,"USco,bronze",Simbad,1,0.999996,5.65,5.2152,,0.291,,245.30964,-26.17949,0.2512332736696226
849,203625455,16 21 14.92,-25 30 01.2,,11.35,,6.89,0.73,11.26,1.0829,,,,"USco,bronze",Simbad,1,0.999999,6.158,1.0829,,0.167,,245.31221,-25.50028,0.2380955045259058
852,204346718,16 21 16.80,-22 41 36.8,,12.23,,7.36,1.09,12.09,0.6431,,,,"USco,bronze",Simbad,1,0.999999,6.276,0.6431,,0.148,,245.32006,-22.69352,0.2368450397723319
860,204644117,16 21 29.61,-21 29 03.9,,11.23,,6.34,0.16,11.2,0.5736,,,,"USco,gold",Simbad,1,0.999998,6.178,0.5736,,0.163,,245.37341,-21.48439,0.15153360074255107
866,202873945,16 21 39.90,-28 03 06.9,,11.24,,7.38,1.21,11.09,0.6258,,,,"USco,bronze",Simbad,1,1.0,6.161,0.6258,,0.166,,245.41635,-28.05185,0.39816874212865916
868,204471912,16 21 41.26,-22 12 05.7,,9.94,,5.91,0.35,9.9,0.7562,0.8027,,,"USco,gold",Simbad,1,0.999838,5.562,0.7562,0.8027,0.32,,245.42192,-22.20154,0.15639513830724275
869,204211116,16 21 41.98,-23 13 43.5,,10.96,,7.92,2.02,10.7,2.1605,,,,"USco,bronze",Simbad,1,0.999999,5.898,2.1605,,0.22,Y,245.42498,-23.22868,0.3277220092674495
888,204810161,16 22 14.80,-20 45 40.0,,11.23,,6.33,0.31,11.19,1.6579,1.5853,,,"USco,bronze",Simbad,1,0.999999,6.02,1.6579,1.5853,0.191,Y,245.56172,-20.76106,0.2570759124321897
893,204449274,16 22 21.59,-22 17 30.9,,12.62,,6.6,0.52,12.55,1.5494,1.2709,,,"USco,gold",Simbad,1,0.999999,6.08,1.5494,1.2709,0.181,Y,245.59001,-22.29186,0.26689710604874806
911,204683343,16 23 04.73,-21 18 59.6,,12.16,,6.81,0.66,12.08,0.4643,,,,"USco,bronze",Simbad,1,0.999999,6.153,0.4643,,0.167,,245.7698,-21.31648,0.4104792678260702
916,204524752,16 23 17.40,-21 59 07.1,,10.16,,6.03,0.3,10.12,2.9538,,,,"USco,gold",Simbad,1,0.99982,5.738,2.9538,,0.264,,245.82254,-21.98527,0.18496976184282496
917,202906224,16 23 17.61,-27 56 10.9,,11.69,,6.61,0.73,11.59,0.7152,6.4585,,,"USco,bronze",Simbad,1,0.999998,5.876,0.7152,6.4585,0.226,,245.8234,-27.93638,0.10462400861012584
925,204274536,16 23 32.83,-22 58 47.1,,10.29,,7.19,1.62,10.08,5.12,,,,"USco,bronze",Simbad,1,0.999999,5.569,5.12,,0.317,Y,245.88681,-22.97968,0.2592220571664248
926,202795175,16 23 41.85,-28 20 12.9,,12.74,,7.29,1.41,12.56,0.8361,,,,"USco,bronze",Simbad,1,0.999999,5.883,0.8361,,0.224,,245.92446,-28.33686,0.3378698818451388
958,204268916,16 24 35.20,-23 00 02.5,,10.99,,5.87,0.18,10.96,1.7534,,,,"USco,bronze",Simbad,1,0.999893,5.687,1.7534,,0.279,,246.14666,-23.0008,0.38064163751786473
968,203343161,16 24 55.87,-26 27 18.3,,11.16,,6.73,0.73,11.07,2.2417,,,,"USco,bronze",Simbad,1,0.999997,5.991,2.2417,,0.197,Y,246.23282,-26.45503,0.2126103373724813
982,204623020,16 25 10.34,-21 34 23.6,,11.45,,6.97,0.86,11.34,0.6584,,,,"USco,bronze",Simbad,1,0.999999,6.113,0.6584,,0.175,,246.29314,-21.57318,0.24309195243689544
