,recno,Name,F3.6,e_F3.6,F4.5,e_F4.5,F5.8,e_F5.8,F8.0,e_F8.0,Per,SpT,r_SpT,Mi,SimbadName,RAJ2000,DEJ2000,single,G,AG,Gmag,Mass_calc,Mass_e
0,2,R01- 680,11.52,0.006,11.52,0.008,11.47,0.027,11.44,0.119,7.2,,,,[R2001]  680,05 33 37.1,-05 23 07.0,2,15.416285,0.4583,6.872983294395505,0.5453639100204122,0.0896731857449002
1,3,R01- 716,11.91,0.006,11.9,0.009,11.78,0.018,11.88,0.027,7.55,M5.5,R01,L,[R2001]  716,05 33 41.6,-04 55 59.9,1,16.420029,0.872,7.463027294395504,0.4353039591382167,0.0896731857449002
2,4,R01- 739,12.09,0.007,12.16,0.012,12.04,0.019,11.97,0.024,3.99,M3.5,R01,L,[R2001]  739,05 33 43.3,-06 05 23.5,2,16.068314,0.5725,7.410811294395504,0.44504372497845,0.0896731857449002
3,5,R01- 749,12.39,0.009,12.36,0.011,12.36,0.02,12.36,0.031,15.42,,,,[R2001]  749,05 33 44.5,-06 05 20.5,1,16.517319,0.6625,7.769816294395504,0.37807910426094554,0.0896731857449002
4,6,HBC 107,9.92,0.002,9.97,0.003,9.89,0.007,9.82,0.039,2.64,,,,HBC 107,05 33 44.9,-05 31 08.6,1,14.303158,4.1659,2.0522562943955034,0.0,0.0
5,7,Par 1266,10.84,0.003,10.84,0.004,10.84,0.011,10.9,0.039,4.65,K8,R01,H,Parenago 1266,05 33 46.1,-05 34 26.5,1,14.111767,,,0.0,0.0
6,8,R01- 766,12.21,0.007,12.4,0.011,12.26,0.023,12.16,0.03,0.36,M6,R01,L,[R2001]  766,05 33 46.3,-06 13 04.8,1,16.79078,0.8665,7.8392772943955045,0.36512265652420633,0.0896731857449002
7,9,R01- 817,11.69,0.005,11.74,0.008,11.64,0.022,11.73,0.091,5.21,,,,[R2001]  817,05 33 51.9,-05 54 25.8,1,15.275686,0.517,6.673684294395505,0.5825388294372902,0.0896731857449002
8,10,R01- 829,11.82,0.006,11.84,0.01,11.81,0.02,11.7,0.026,0.74,M2,R01,H,[R2001]  829,05 33 53.3,-04 56 05.1,2,15.57765,0.534,6.958648294395504,0.5293849564311917,0.0896731857449002
9,11,R01- 831,11.82,0.006,11.94,0.008,11.88,0.021,11.89,0.03,4.39,,,,[R2001]  831,05 33 53.4,-06 17 10.2,2,16.061045,,,0.0,0.0
10,12,Par 1308,11.23,0.004,11.33,0.007,11.31,0.013,11.22,0.024,3.0,,,,Parenago 1308,05 33 54.6,-06 02 08.7,1,14.305938,0.2768,5.944136294395504,0.7186202353050837,0.0896731857449002
11,13,R01- 844,12.37,0.008,12.34,0.011,12.29,0.032,12.14,0.072,0.46,M4.5,R01,L,[R2001]  844,05 33 54.8,-05 08 31.1,1,16.662115,0.6747,7.9024132943955046,0.35334600078522477,0.0896731857449002
12,14,Par 1305,10.53,0.003,10.54,0.004,10.84,0.014,10.63,0.047,3.56,M1,R01,H,Parenago 1305,05 33 56.5,-05 06 47.7,2,14.297806,,,0.0,0.0
13,15,R01- 863,10.44,0.003,10.46,0.004,10.45,0.03,10.22,0.131,5.92,,,,[R2001]  863,05 33 57.7,-05 40 06.1,1,15.099239,,,0.0,0.0
14,16,R01- 864,12.09,0.009,12.07,0.012,12.0,0.056,10.75,0.101,1.13,M3,R01,L,[R2001]  864,05 33 57.9,-05 36 27.0,2,16.01793,0.5364,7.396527294395504,0.4477080963447023,0.0896731857449002
15,17,CHS 1721,11.28,0.004,11.2,0.006,11.35,0.015,11.1,0.031,4.96,,,,[CHS2001] 1721,05 33 59.5,-04 43 04.6,1,14.726482,2.4167,4.224780294395504,0.0,0.0
16,18,Par 1319,9.35,0.001,9.33,0.002,9.36,0.004,9.26,0.01,0.44,,,,Parenago 1319,05 33 59.9,-05 00 03.7,1,12.02538,,,0.0,0.0
17,19,Par 1335,10.73,0.003,10.43,0.003,9.9,0.005,8.61,0.003,3.07,M0,R01,H,Parenago 1335,05 34 01.1,-06 02 26.8,1,14.281535,1.2608,4.935733294395504,0.9067160123227664,0.0896731857449002
18,20,R01- 895,11.4,0.004,11.38,0.007,11.37,0.017,11.53,0.055,5.7,M1.5,R01,H,[R2001]  895,05 34 01.7,-05 46 51.4,1,14.892168,0.5038,6.303366294395504,0.6516136457078281,0.0896731857449002
19,21,Par 1333,8.73,0.002,8.32,0.002,7.84,0.002,7.11,0.002,4.2,,,,Parenago 1333,05 34 02.2,-05 36 19.5,2,13.839361,,,0.0,0.0
20,22,R01- 903,12.49,0.008,12.33,0.009,11.96,0.02,11.58,0.026,1.87,,,,[R2001]  903,05 34 02.4,-06 04 29.6,1,17.45593,0.7327,8.638228294395505,0.21609562156339585,0.0896731857449002
21,23,R01- 912,11.59,0.005,11.67,0.007,11.56,0.023,11.34,0.066,6.11,,,,[R2001]  912,05 34 02.9,-05 49 44.3,1,15.278392,,,0.0,0.0
22,24,Par 1341,8.17,0.002,7.8,0.002,7.57,0.002,6.58,0.002,2.66,,,,Parenago 1341,05 34 03.0,-05 36 57.3,1,12.923862,1.8475,2.991361294395505,0.0,0.0
23,25,CHS 2276,10.7,0.003,10.36,0.003,10.4,0.007,10.32,0.012,6.0,,,,[CHS2001] 2276,05 34 06.7,-06 24 11.9,1,14.738438,2.7105,3.942936294395505,0.0,0.0
24,26,HBC 441,9.55,0.003,9.47,0.002,9.26,0.016,9.04,0.07,4.6,,,,HBC 441,05 34 07.3,-05 13 45.5,1,13.40053,1.6114,3.7041282943955043,0.0,0.0
25,27,R01- 1030,12.79,0.013,12.8,0.021,12.67,0.054,12.65,0.142,1.22,,,,[R2001]  1030,05 34 12.3,-05 41 34.8,1,17.371359,,,0.0,0.0
26,28,Par 1379,8.69,0.002,8.45,0.002,8.31,0.002,7.61,0.002,5.62,K4,R01,H,Parenago 1379,05 34 12.6,-04 50 24.7,1,12.505301,0.8344,3.585899294395505,0.0,0.0
27,29,H97: 3126,11.14,0.004,11.19,0.005,11.09,0.018,10.9,0.103,8.46,K7,H97,H,[H97b] 3126,05 34 12.9,-05 28 48.2,1,14.201613,0.3548,5.761811294395503,0.7526290220171055,0.0896731857449002
28,30,R01- 1036,11.57,0.005,11.57,0.007,11.49,0.021,10.97,0.06,8.39,,,,[R2001]  1036,05 34 13.0,-05 42 13.4,1,15.098091,0.4938,6.519289294395504,0.611337878516043,0.0896731857449002
29,31,R01- 1048,10.36,0.003,10.22,0.003,10.07,0.012,9.67,0.041,8.77,,,,[R2001]  1048,05 34 14.2,-05 42 21.0,1,15.07703,,,0.0,0.0
30,32,R01- 1051,12.5,0.007,12.49,0.011,12.72,0.033,12.52,0.082,1.43,,,,[R2001]  1051,05 34 14.4,-04 58 33.7,1,16.548454,0.6247,7.838753294395504,0.36522039739523243,0.0896731857449002
31,33,R01- 1086,10.08,0.002,9.59,0.002,9.42,0.004,8.83,0.004,8.75,,,,[R2001]  1086,05 34 17.1,-04 48 03.7,1,18.270182,,,0.0,0.0
32,34,HBJM 10075,11.03,0.004,11.04,0.006,10.85,0.03,10.52,0.117,1.65,,,,[H97b] 10075,05 34 17.1,-05 38 17.1,1,15.417346,,,0.0,0.0
33,35,R01- 1098,11.5,0.004,11.44,0.007,11.58,0.015,11.38,0.021,6.63,,,,[R2001]  1098,05 34 17.6,-06 03 38.2,1,15.213473,0.4159,6.712571294395504,0.5752853003615732,0.0896731857449002
34,36,H97: 3151,10.62,0.003,10.83,0.005,10.65,0.009,10.53,0.029,3.24,M1,H97,H,[H97b] 3151,05 34 18.0,-05 33 33.3,1,14.133532,2.5248,3.5237292943955048,0.0,0.0
35,37,H97: 3141,10.44,0.003,10.43,0.004,10.44,0.012,10.45,0.053,5.22,,,,[H97b] 3141,05 34 18.3,-05 31 16.4,1,17.118011,5.0471,3.985909294395505,0.0,0.0
36,38,H97: 3158,10.8,0.003,10.8,0.004,10.82,0.012,10.79,0.042,6.29,M0,H97,H,[H97b] 3158,05 34 18.5,-05 34 00.2,2,14.189453,,,0.0,0.0
37,39,Par 1409,7.73,0.002,7.57,0.002,7.2,0.001,6.16,0.002,1.5,,,,Parenago 1409,05 34 18.6,-05 04 47.9,1,11.445726,0.5765,2.7842242943955036,0.0,0.0
38,40,H97: 3149,12.65,0.009,12.62,0.011,12.34,0.049,11.26,0.101,2.48,M3.5,H97,L,[H97b] 3149,05 34 19.1,-05 33 11.4,1,17.811941,,,0.0,0.0
39,41,R01- 1124,12.43,0.008,12.25,0.01,12.27,0.021,12.15,0.025,2.33,,,,[R2001]  1124,05 34 19.9,-06 18 47.9,1,16.32607,0.5912,7.649869294395504,0.4004526237415152,0.0896731857449002
40,42,R01- 1132,11.84,0.006,11.94,0.008,11.81,0.018,12.03,0.054,5.4,,,,[R2001]  1132,05 34 20.3,-04 58 56.4,1,15.878984,0.5968,7.197183294395504,0.4848914095361215,0.0896731857449002
41,43,R01- 1150,11.32,0.004,11.24,0.007,11.25,0.013,11.14,0.027,4.51,M6,R01,L,[R2001]  1150,05 34 21.4,-04 55 47.9,1,16.002983,,,0.0,0.0
42,44,Par 1435,9.87,0.002,9.33,0.002,9.14,0.004,8.31,0.003,10.57,,,,Parenago 1435,05 34 23.0,-04 41 39.3,1,14.651336,2.8289,3.7374332943955046,0.0,0.0
43,45,H97: 3020,9.67,0.002,9.94,0.003,9.72,0.012,9.63,0.051,21.45,M0.5,H97,H,[H97b] 3020,05 34 23.9,-05 15 40.3,1,15.003438,4.8344,2.0840362943955046,0.0,0.0
44,46,R01- 1175,11.23,0.004,11.48,0.006,11.33,0.013,11.19,0.019,2.09,M0,R01,H,[R2001]  1175,05 34 24.3,-06 06 55.6,1,14.601104,0.5497,5.966402294395504,0.7144669944202298,0.0896731857449002
45,47,CHS 3730,11.63,0.005,11.59,0.007,11.48,0.019,11.31,0.045,7.95,,,,[CHS2001] 3730,05 34 24.4,-04 52 52.4,1,17.80471,3.3159,6.403809294395504,0.6328781757289763,0.0896731857449002
46,48,R01- 1183,10.53,0.003,10.52,0.004,10.64,0.01,10.42,0.039,5.12,,,,[R2001]  1183,05 34 25.2,-04 45 10.9,1,15.231329,,,0.0,0.0
47,49,R01- 1186,10.78,0.003,11.05,0.005,10.73,0.011,10.68,0.043,2.26,,,,[R2001]  1186,05 34 25.3,-04 54 39.8,1,15.239552,,,0.0,0.0
48,50,HBJM 10135,11.68,0.005,11.76,0.009,11.67,0.02,11.66,0.048,15.0,,,,[H97b] 10135,05 34 26.1,-05 07 33.3,1,16.287485,,,0.0,0.0
49,51,R01- 1200,11.68,0.005,11.76,0.009,11.67,0.02,11.66,0.048,15.0,,,,[R2001]  1200,05 34 26.1,-05 07 33.3,1,16.287485,,,0.0,0.0
50,52,Par 1458,11.06,0.004,10.99,0.005,11.06,0.012,10.92,0.022,6.73,,,,Parenago 1458,05 34 26.5,-05 01 00.9,1,15.204656,,,0.0,0.0
51,53,H97: 3122,11.48,0.005,11.21,0.006,11.43,0.034,11.01,0.116,17.08,,,,[H97b] 3122,05 34 26.8,-05 28 32.2,1,15.103554,,,0.0,0.0
52,54,H97: 3145,10.24,0.003,10.21,0.003,10.17,0.016,10.16,0.077,1.66,M3,H97,L,[H97b] 3145,05 34 27.1,-05 32 29.1,1,15.696405,,,0.0,0.0
53,55,Par 1469,8.49,0.002,8.61,0.003,8.57,0.005,8.61,0.027,5.03,G9IV-V,H97,H,Parenago 1469,05 34 27.3,-05 24 22.3,1,11.650246,0.953,2.612244294395504,0.0,0.0
54,56,H97: 3120,11.1,0.005,11.09,0.006,10.93,0.025,10.43,0.084,1.57,,,,[H97b] 3120,05 34 27.5,-05 28 28.5,1,15.528883,,,0.0,0.0
55,57,R01- 1227,8.42,0.002,7.21,0.002,6.68,0.002,5.91,0.001,9.35,,,,[R2001]  1227,05 34 27.7,-05 37 19.2,1,18.044678,6.2441,3.7155752943955047,0.0,0.0
56,58,HBJM 10141,8.42,0.002,7.21,0.002,6.68,0.002,5.91,0.001,8.87,,,,[H97b] 10141,05 34 27.7,-05 37 19.2,1,18.044678,6.2441,3.7155752943955047,0.0,0.0
57,59,R01- 1228,11.91,0.008,11.85,0.01,11.81,0.056,11.18,0.165,17.55,,,,[R2001]  1228,05 34 27.8,-05 42 10.1,2,15.633917,,,0.0,0.0
58,60,Par 1486,10.61,0.003,10.75,0.004,10.63,0.008,10.55,0.021,3.88,K5,R01,H,Parenago 1486,05 34 28.0,-05 59 52.5,1,13.532107,0.7472,4.699905294395505,0.9507046268874026,0.0896731857449002
59,61,R01- 1234,11.13,0.004,11.41,0.007,11.2,0.011,11.08,0.019,7.0,K8,R01,H,[R2001]  1234,05 34 28.1,-06 16 13.2,1,14.5518,1.6071,4.859698294395503,0.92089869761689,0.0896731857449002
60,62,Par 1485,10.28,0.002,10.32,0.003,10.32,0.009,10.21,0.024,1.92,,,,Parenago 1485,05 34 28.9,-05 47 13.8,1,13.483571,,,0.0,0.0
61,63,Par 1482,9.63,0.003,9.68,0.003,9.37,0.026,8.95,0.052,3.37,K8-M0,H97,H,Parenago 1482,05 34 29.1,-05 14 14.6,1,14.397004,,,0.0,0.0
62,64,Par 1483,8.88,0.003,8.42,0.002,8.12,0.008,7.55,0.026,8.26,K4,H97,H,Parenago 1483,05 34 29.3,-05 14 39.8,1,13.841247,2.911,2.8452442943955045,0.0,0.0
63,65,R01- 1247,12.8,0.009,12.86,0.011,12.81,0.035,12.43,0.124,2.11,,,,[R2001]  1247,05 34 29.6,-05 04 28.9,1,17.59711,,,0.0,0.0
64,66,R01- 1249,11.48,0.004,11.39,0.006,11.14,0.014,9.95,0.017,10.26,,,,[R2001]  1249,05 34 29.6,-05 47 24.7,2,15.160836,0.4641,6.611734294395504,0.5940942625167731,0.0896731857449002
65,67,R01- 1251,11.7,0.005,11.71,0.008,11.62,0.018,11.69,0.046,7.2,,,,[R2001]  1251,05 34 29.9,-05 04 05.4,2,15.646241,0.6156,6.9456402943955045,0.5318113175862156,0.0896731857449002
66,68,R01- 1257,11.25,0.004,11.27,0.006,11.29,0.015,11.07,0.023,0.75,,,,[R2001]  1257,05 34 30.2,-04 58 30.4,2,15.289117,,,0.0,0.0
67,69,R01- 1258,12.26,0.008,12.46,0.011,12.35,0.027,12.3,0.064,3.09,,,,[R2001]  1258,05 34 30.4,-04 57 05.2,1,16.346037,0.6135,7.647535294395505,0.4008879809787825,0.0896731857449002
68,70,R01- 1265,12.94,0.009,12.69,0.011,12.61,0.03,11.95,0.041,1.68,M5,R01,L,[R2001]  1265,05 34 31.0,-05 58 03.7,1,17.464998,0.385,8.994996294395504,0.14954826482060773,0.0896731857449002
69,71,JW 15,10.59,0.003,10.35,0.003,10.12,0.012,9.48,0.036,9.65,M1,H97,H,JW 15,05 34 31.1,-05 21 55.9,1,15.3724,1.1237,6.163698294395504,0.6776656913452028,0.0896731857449002
70,72,JW 17,10.72,0.003,10.75,0.004,10.63,0.019,10.05,0.066,3.14,M4,H97,L,JW 17,05 34 31.3,-05 28 54.8,1,15.066507,,,0.0,0.0
71,73,Par 1497,11.61,0.005,11.62,0.007,11.61,0.019,11.76,0.064,12.06,,,,Parenago 1497,05 34 31.8,-05 35 20.0,1,15.086097,,,0.0,0.0
72,74,JW 20,11.09,0.004,11.17,0.005,11.05,0.016,11.01,0.068,0.67,M3.5,H97,L,JW 20,05 34 31.9,-05 26 36.8,1,15.18668,,,0.0,0.0
73,75,H97: 3115,10.48,0.003,10.11,0.003,9.74,0.006,8.66,0.017,0.85,M3,H97,L,[H97b] 3115,05 34 32.0,-05 27 42.6,1,17.170973,3.3878,5.698171294395504,0.7644996880585906,0.0896731857449002
74,76,R01- 1278,12.5,0.009,12.44,0.011,12.39,0.055,11.32,0.1,2.67,M5,R01,L,[R2001]  1278,05 34 32.2,-05 41 48.5,1,16.728586,0.7301,7.9134847943955045,0.35128085183725616,0.0896731857449002
75,77,Par 1496,10.93,0.003,11.01,0.005,10.9,0.01,10.9,0.022,0.5,,,,Parenago 1496,05 34 32.9,-05 00 40.4,2,15.006882,,,0.0,0.0
76,78,R01- 1284,10.96,0.003,10.94,0.005,10.99,0.01,10.98,0.027,1.16,,,,[R2001]  1284,05 34 33.0,-05 57 47.1,1,15.404353,3.786,3.533351294395505,0.0,0.0
77,79,HBJM 10180,13.56,0.011,13.6,0.015,13.06,0.074,12.75,0.15,1.12,,,,[H97b] 10180,05 34 33.3,-05 07 26.7,1,18.24904,,,0.0,0.0
78,80,R01- 1299,11.85,0.006,11.86,0.008,11.83,0.021,11.81,0.027,5.19,,,,[R2001]  1299,05 34 34.3,-06 02 09.7,2,15.782368,0.5543,7.1430652943955035,0.49498595235354675,0.0896731857449002
79,81,Par 1500,11.09,0.004,11.32,0.006,11.25,0.019,11.22,0.071,4.08,K6,R01,H,Parenago 1500,05 34 34.5,-04 41 10.6,1,14.114636,0.7008,5.328834794395505,0.8333914267238873,0.0896731857449002
80,82,HBJM 10192,12.61,0.009,12.59,0.013,12.6,0.035,12.29,0.111,2.3,,,,[H97b] 10192,05 34 35.6,-05 37 24.0,1,17.797903,,,0.0,0.0
81,83,JW 33,12.16,0.007,12.22,0.009,12.14,0.023,11.88,0.051,1.5,,,,JW 33,05 34 35.7,-05 35 52.1,1,16.103796,0.4785,7.540294294395505,0.42089147087481577,0.0896731857449002
82,84,R01- 1329,11.18,0.004,11.18,0.004,11.2,0.014,11.4,0.048,8.39,,,,[R2001]  1329,05 34 36.1,-05 42 15.2,1,14.377857,1.2338,5.059055294395504,0.883712959550538,0.0896731857449002
83,85,Par 1524,10.15,0.002,10.2,0.003,10.04,0.006,9.52,0.014,6.0,,,,Parenago 1524,05 34 36.5,-05 36 17.2,1,14.350425,,,0.0,0.0
84,86,JW 36,10.24,0.002,10.15,0.003,9.73,0.008,8.97,0.023,2.72,M3,H97,L,JW 36,05 34 37.1,-05 31 09.0,1,16.057564,,,0.0,0.0
85,87,Par 1527,9.33,0.002,9.26,0.002,8.63,0.003,8.04,0.008,8.27,K2-K5,H97,H,Parenago 1527,05 34 37.5,-05 34 51.9,1,14.088563,1.3378,4.665761294395503,0.9570734518662241,0.0896731857449002
86,88,Par 1536,10.47,0.003,10.45,0.004,10.46,0.008,10.47,0.035,1.86,,,,Parenago 1536,05 34 37.7,-05 43 04.5,1,14.847003,,,0.0,0.0
87,89,R01- 1351,11.41,0.005,11.63,0.007,11.38,0.032,11.08,0.076,8.42,K7,R01,H,[R2001]  1351,05 34 38.0,-04 51 08.9,1,15.805328,2.3278,5.392527294395505,0.821510967942862,0.0896731857449002
88,90,CHS 4881,12.63,0.009,12.3,0.01,12.08,0.026,11.62,0.057,2.84,,,,[CHS2001] 4881,05 34 38.2,-05 05 17.2,1,18.29695,1.4246,8.787347294395504,0.188280696208109,0.0896731857449002
89,91,Par 1544,10.59,0.003,10.59,0.003,10.62,0.009,10.53,0.019,4.42,K6,R01,H,Parenago 1544,05 34 38.7,-05 57 43.1,1,13.651517,,,0.0,0.0
90,92,Par 1555,10.95,0.003,10.86,0.004,10.82,0.009,10.65,0.016,4.71,,,,Parenago 1555,05 34 38.7,-06 06 19.3,1,13.872574,,,0.0,0.0
91,93,R01- 1372,11.11,0.004,11.25,0.006,11.12,0.011,10.99,0.02,4.96,,,,[R2001]  1372,05 34 39.7,-06 07 13.3,2,15.590133,,,0.0,0.0
92,94,R01- 1374,11.89,0.005,11.8,0.007,11.88,0.02,11.78,0.024,2.66,M3,R01,L,[R2001]  1374,05 34 39.9,-06 08 34.1,1,15.654278,0.5363,7.032976294395505,0.5155206750743624,0.0896731857449002
93,95,Par 1534,10.49,0.002,10.47,0.003,10.54,0.008,10.44,0.016,2.36,,,,Parenago 1534,05 34 40.1,-04 58 39.8,1,13.957875,,,0.0,0.0
94,96,Par 1554,10.05,0.002,10.11,0.003,10.21,0.007,10.29,0.023,2.42,,,,Parenago 1554,05 34 40.3,-05 50 15.6,1,12.21002,0.3068,3.8182182943955034,0.0,0.0
95,97,R01- 1382,10.9,0.003,10.78,0.004,10.8,0.016,10.67,0.064,18.88,,,,[R2001]  1382,05 34 40.6,-04 43 31.5,1,16.5918,5.2715,3.235299294395505,0.0,0.0
96,98,Par 1564,9.68,0.002,9.69,0.002,9.57,0.006,9.43,0.015,4.61,K8,R01,H,Parenago 1564,05 34 41.0,-05 45 17.4,1,13.203361,2.0066,3.1117582943955036,0.0,0.0
97,99,Par 1550,10.51,0.003,10.31,0.003,10.05,0.016,9.04,0.032,7.08,,,,Parenago 1550,05 34 41.8,-04 53 46.2,1,14.956728,,,0.0,0.0
98,100,R01- 1406,12.81,0.011,12.66,0.011,12.6,0.032,12.37,0.091,1.64,M4,R01,L,[R2001]  1406,05 34 42.0,-05 02 24.9,1,17.016937,0.7706,8.161336294395506,0.3050495133007021,0.0896731857449002
99,101,R01- 1407,12.04,0.007,11.75,0.007,11.23,0.013,10.5,0.026,3.3,,,,[R2001]  1407,05 34 42.0,-05 04 31.8,1,17.845938,,,0.0,0.0
100,102,Par 1569,9.84,0.003,9.88,0.003,9.84,0.03,9.58,0.125,4.1,K6,H97,H,Parenago 1569,05 34 43.0,-05 20 07.0,1,14.073436,,,0.0,0.0
101,103,R01- 1415,11.43,0.005,11.52,0.007,11.45,0.016,11.41,0.031,14.14,M2,R01,H,[R2001]  1415,05 34 43.1,-06 12 38.9,1,15.186908,0.5265,6.5754062943955045,0.6008704654714043,0.0896731857449002
102,104,JW 70,11.72,0.006,11.63,0.007,11.66,0.028,11.84,0.139,1.5,M5,H97,L,JW 70,05 34 44.4,-05 26 06.1,1,16.850363,,,0.0,0.0
103,105,R01- 1428,11.99,0.007,12.07,0.01,11.92,0.022,12.02,0.055,5.53,M4,R01,L,[R2001]  1428,05 34 44.4,-05 56 14.9,1,15.994729,0.5586,7.3511272943955035,0.4561764847532163,0.0896731857449002
104,106,Par 1567,10.7,0.004,10.73,0.004,10.69,0.021,10.51,0.086,1.63,K4,R01,H,Parenago 1567,05 34 44.5,-04 42 14.6,1,13.296471,0.4086,4.802869294395505,0.931498918865332,0.0896731857449002
105,107,JW 73,9.85,0.002,9.08,0.002,8.65,0.004,7.78,0.009,2.23,M1,H97,H,JW 73,05 34 44.7,-05 33 42.2,1,15.839243,,,0.0,0.0
106,108,R01- 1432,11.57,0.006,11.14,0.005,10.88,0.018,10.45,0.069,4.22,,,,[R2001]  1432,05 34 44.8,-04 56 40.8,1,16.722626,0.6953,7.942325294395504,0.34590128012104,0.0896731857449002
107,109,R01- 1435,12.78,0.01,12.74,0.012,12.71,0.068,12.25,0.19,2.03,M4.5,R01,L,[R2001]  1435,05 34 45.0,-04 55 39.4,1,17.09158,0.8977,8.108878294395504,0.31483441900632975,0.0896731857449002
108,110,Par 1587,8.93,0.003,9.0,0.004,8.95,0.004,8.78,0.019,3.45,K2,H97,H,Parenago 1587,05 34 45.2,-05 25 04.1,1,12.209391,1.4325,2.691889294395505,0.0,0.0
109,111,Par 1584,11.13,0.004,11.05,0.005,11.16,0.012,10.96,0.02,20.6,,,,Parenago 1584,05 34 45.5,-05 02 07.9,1,14.89719,,,0.0,0.0
110,112,JW 76,10.65,0.004,10.79,0.005,10.52,0.03,10.3,0.129,6.33,M4,H97,L,JW 76,05 34 45.6,-05 29 21.0,1,15.098366,,,0.0,0.0
111,113,R01- 1447,10.71,0.003,10.89,0.005,10.22,0.007,8.83,0.004,11.06,M3.5,R01,L,[R2001]  1447,05 34 45.9,-05 41 09.7,1,15.72539,,,0.0,0.0
112,114,JW 79,12.28,0.009,12.2,0.011,12.16,0.06,11.55,0.176,2.14,M4.5,H97,L,JW 79,05 34 46.1,-05 37 31.2,1,17.088572,,,0.0,0.0
113,115,Par 1600,10.35,0.003,10.46,0.004,10.19,0.021,9.71,0.073,4.41,M0,H97,H,Parenago 1600,05 34 46.4,-05 24 31.9,1,14.406723,,,0.0,0.0
114,116,R01- 1457,10.78,0.004,10.73,0.004,10.74,0.023,10.72,0.109,0.72,,,,[R2001]  1457,05 34 46.4,-04 54 02.1,1,18.359098,5.3876,4.886496794395503,0.915900016852339,0.0896731857449002
115,117,JW 83,10.17,0.005,9.71,0.004,9.12,0.025,8.14,0.055,7.4,M2,H97,H,JW 83,05 34 46.6,-05 23 25.6,1,16.369326,5.386,2.898324294395504,0.0,0.0
116,118,R01- 1461,11.76,0.006,11.72,0.007,11.62,0.03,11.49,0.133,5.6,M2.5,R01,L,[R2001]  1461,05 34 46.7,-04 57 44.1,1,15.480432,0.4958,6.899630294395504,0.5403934883042949,0.0896731857449002
117,119,Par 1593,11.06,0.004,11.02,0.005,11.03,0.012,10.88,0.024,13.07,,,,Parenago 1593,05 34 46.8,-04 59 12.4,1,16.809671,1.0695,7.655169294395504,0.3994640233321068,0.0896731857449002
118,120,Par 1606,10.06,0.002,10.15,0.003,10.02,0.009,9.86,0.038,3.25,M1.5,H97,H,Parenago 1606,05 34 46.9,-05 35 07.9,1,14.463654,4.3035,2.0751512943955035,0.0,0.0
119,121,Par 1616,10.9,0.003,10.93,0.004,10.9,0.01,10.97,0.025,11.44,,,,Parenago 1616,05 34 47.5,-05 46 30.1,1,16.0043,,,0.0,0.0
120,122,R01- 1471,10.58,0.003,10.49,0.004,10.35,0.025,9.42,0.055,12.46,,,,[R2001]  1471,05 34 47.6,-04 50 01.4,1,16.58563,3.959,4.541629294395504,0.9802275926053972,0.0896731857449002
121,123,Par 1756,10.35,0.002,10.35,0.003,10.4,0.008,10.4,0.031,4.18,,,,Parenago 1756,05 34 47.6,-05 43 50.7,1,12.716104,0.3753,4.2558012943955035,0.0,0.0
122,124,R01- 1473,10.66,0.003,10.11,0.003,9.86,0.005,9.25,0.005,3.67,,,,[R2001]  1473,05 34 47.7,-06 19 40.1,2,15.269289,,,0.0,0.0
123,125,Par 1604,10.92,0.005,10.71,0.005,10.26,0.03,8.99,0.053,17.08,M4,H97,L,Parenago 1604,05 34 47.9,-05 30 46.6,1,14.818172,,,0.0,0.0
124,126,JW 93,11.24,0.004,11.18,0.005,11.23,0.019,11.63,0.129,5.89,M4.5,H97,L,JW 93,05 34 47.9,-05 35 43.8,1,17.125353,,,0.0,0.0
125,127,CHS 5742,11.6,0.004,11.09,0.005,10.78,0.008,10.15,0.01,7.09,,,,[CHS2001] 5742,05 34 47.9,-06 21 41.8,1,17.222588,,,0.0,0.0
126,128,Par 1599,10.03,0.002,9.89,0.003,9.69,0.005,8.87,0.004,9.25,,,,Parenago 1599,05 34 47.9,-05 04 55.0,1,14.832779,,,0.0,0.0
127,129,R01- 1480,12.19,0.007,12.23,0.009,12.28,0.022,12.2,0.025,2.75,,,,[R2001]  1480,05 34 48.1,-06 18 11.6,1,16.096434,0.5543,7.457131294395504,0.4364037304613874,0.0896731857449002
128,130,Par 1598,9.59,0.003,9.63,0.003,9.52,0.018,9.42,0.032,6.82,M1,R01,H,Parenago 1598,05 34 48.2,-04 47 40.1,1,13.39537,,,0.0,0.0
129,131,H97: 3130,12.77,0.011,12.48,0.012,12.4,0.048,11.28,0.067,3.46,M4.5,H97,L,[H97b] 3130,05 34 48.2,-05 30 10.2,1,18.520403,,,0.0,0.0
130,132,JW 94,11.14,0.004,11.27,0.006,10.98,0.022,10.74,0.067,4.75,M2.5,H97,H,JW 94,05 34 48.3,-05 32 35.1,1,16.838728,,,0.0,0.0
131,133,Par 1612,10.72,0.003,10.67,0.004,10.68,0.011,10.65,0.05,1.3,K8,H97,H,Parenago 1612,05 34 48.3,-05 37 22.8,1,13.902919,1.3239,4.494017294395505,0.9891085817986129,0.0896731857449002
132,134,Par 1603,11.38,0.006,11.39,0.008,11.46,0.017,11.33,0.029,9.0,,,,Parenago 1603,05 34 48.4,-05 05 01.4,2,15.106976,,,0.0,0.0
133,135,Par 1613,10.87,0.003,10.9,0.004,10.92,0.018,10.99,0.083,2.98,K6,R01,H,Parenago 1613,05 34 48.5,-05 41 58.2,1,13.686006,0.5104,5.090604294395504,0.8778281757219395,0.0896731857449002
134,136,R01- 1489,11.43,0.006,11.18,0.006,10.87,0.023,10.1,0.044,5.65,M3.5,R01,L,[R2001]  1489,05 34 48.6,-04 47 50.0,1,16.059444,0.4866,7.487842794395505,0.43067516414828605,0.0896731857449002
135,137,JW 100,11.88,0.007,11.39,0.007,11.13,0.02,10.53,0.053,2.09,M2.5,H97,H,JW 100,05 34 48.8,-05 33 33.1,1,16.783361,,,0.0,0.0
136,138,JW 99,9.83,0.004,9.94,0.005,9.69,0.031,9.26,0.109,1.69,M1,H97,H,JW 99,05 34 48.8,-05 23 18.0,1,14.555361,4.2597,2.210659294395505,0.0,0.0
137,139,JW 101,11.65,0.014,10.63,0.006,9.47,0.031,7.59,0.036,9.37,,,,JW 101,05 34 48.9,-05 31 45.9,1,15.411764,0.341,6.985763294395504,0.5243272394328724,0.0896731857449002
138,140,R01- 1493,12.19,0.009,12.19,0.011,12.09,0.048,11.44,0.135,11.45,,,,[R2001]  1493,05 34 48.9,-04 57 14.3,1,16.55936,1.0268,7.447558294395504,0.43818936663387414,0.0896731857449002
139,141,JW 104,11.24,0.006,10.77,0.005,10.55,0.033,9.66,0.07,1.78,M3,H97,L,JW 104,05 34 49.1,-05 26 26.6,1,16.484816,0.7166,7.683213294395504,0.39423302147075284,0.0896731857449002
140,142,Par 1625,10.35,0.002,10.05,0.003,9.78,0.005,8.99,0.008,6.95,M3.5,R01,L,Parenago 1625,05 34 49.1,-05 46 05.0,1,15.064927,,,0.0,0.0
141,143,CHS 5951,11.07,0.004,10.89,0.004,10.65,0.008,9.73,0.008,10.03,,,,[CHS2001] 5951,05 34 50.0,-06 28 12.1,1,14.262395,1.8864,4.290993294395504,0.0,0.0
142,144,Par 1622,10.91,0.005,10.85,0.007,10.96,0.045,10.55,0.164,4.94,K8,H97,H,Parenago 1622,05 34 50.5,-05 11 10.6,1,14.44855,2.0462,4.317348294395504,0.0,0.0
143,145,JW 114,10.78,0.007,10.59,0.006,10.21,0.037,9.44,0.097,8.73,M1,H97,H,JW 114,05 34 50.5,-05 23 35.4,1,15.871574,,,0.0,0.0
144,146,Par 1633,10.13,0.003,10.23,0.004,10.07,0.022,9.68,0.079,2.34,K5,H97,H,Parenago 1633,05 34 50.7,-05 24 01.4,1,13.0578,,,0.0,0.0
145,147,JW 117,9.46,0.002,9.22,0.002,8.9,0.006,8.37,0.026,8.87,M0,H97,H,JW 117,05 34 50.7,-05 27 01.1,1,14.344956,2.5445,3.7154542943955047,0.0,0.0
146,148,R01- 1518,11.76,0.006,11.79,0.008,11.73,0.019,11.64,0.054,5.82,M1,R01,H,[R2001]  1518,05 34 50.9,-06 00 13.6,1,15.392712,0.441,6.866710294395505,0.5465340025428163,0.0896731857449002
147,149,Par 1643,9.79,0.002,9.98,0.003,9.67,0.006,9.17,0.024,3.2,,,,Parenago 1643,05 34 51.0,-05 42 21.4,1,12.488465,0.4914,3.9120642943955044,0.0,0.0
148,150,Par 1620,10.19,0.002,10.24,0.003,10.12,0.009,9.84,0.031,1.29,,,,Parenago 1620,05 34 51.1,-04 43 41.4,1,13.155997,,,0.0,0.0
149,151,JW 121,9.66,0.003,9.22,0.003,8.7,0.016,7.92,0.045,5.54,M3,H97,L,JW 121,05 34 51.2,-05 16 54.9,1,16.548773,,,0.0,0.0
150,152,R01- 1524,12.1,0.007,11.94,0.009,11.95,0.022,11.93,0.051,3.15,M4,R01,L,[R2001]  1524,05 34 51.4,-05 00 11.4,1,16.2817,0.8055,7.391198294395505,0.44870210607660954,0.0896731857449002
151,153,Par 1642,8.64,0.002,8.23,0.002,7.9,0.004,6.88,0.013,6.63,K2,H97,H,Parenago 1642,05 34 51.6,-05 25 13.0,1,13.957253,2.0986,3.7736522943955038,0.0,0.0
152,154,HBJM 10288,10.4,0.003,10.36,0.003,10.17,0.01,9.84,0.038,7.44,,,,[H97b] 10288,05 34 51.8,-05 39 24.1,1,15.290154,,,0.0,0.0
153,155,R01- 1526,10.4,0.003,10.36,0.003,10.17,0.01,9.84,0.038,7.36,,,,[R2001]  1526,05 34 51.8,-05 39 24.1,1,15.290154,,,0.0,0.0
154,156,R01- 1528,11.44,0.004,11.52,0.007,11.46,0.015,11.34,0.023,1.82,,,,[R2001]  1528,05 34 52.1,-06 03 20.7,1,14.939937,,,0.0,0.0
155,157,R01- 1535,11.55,0.005,11.46,0.007,11.43,0.014,11.31,0.021,0.9,M3,R01,L,[R2001]  1535,05 34 52.4,-06 11 57.0,1,15.346974,,,0.0,0.0
156,158,JW 133,10.76,0.004,10.82,0.005,10.81,0.029,10.66,0.121,2.03,M1.5,H97,H,JW 133,05 34 52.6,-05 24 03.8,1,14.507621,,,0.0,0.0
157,159,JW 135,9.78,0.003,9.45,0.002,9.1,0.009,8.28,0.026,3.69,M3,H97,L,JW 135,05 34 52.7,-05 29 45.3,1,15.506721,,,0.0,0.0
158,160,JW 136,9.12,0.002,8.87,0.003,8.67,0.008,7.93,0.028,8.65,,,,JW 136,05 34 52.7,-05 27 55.0,1,14.828218,,,0.0,0.0
159,161,JW 137,9.12,0.002,8.87,0.003,8.67,0.008,7.93,0.028,8.65,,,,JW 137,05 34 52.7,-05 27 53.0,1,15.193907,,,0.0,0.0
160,162,JW 138,11.23,0.007,10.94,0.007,10.13,0.037,8.89,0.065,4.44,M3.5,H97,L,JW 138,05 34 52.9,-05 28 59.1,1,16.059362,0.2484,7.725961294395503,0.38625930632528976,0.0896731857449002
161,163,JW 140,11.05,0.003,11.08,0.005,11.04,0.014,11.27,0.051,4.58,M3.5,H97,L,JW 140,05 34 53.4,-05 10 27.9,1,15.390889,,,0.0,0.0
162,164,R01- 1555,12.76,0.01,12.4,0.011,12.06,0.026,11.4,0.058,2.02,,,,[R2001]  1555,05 34 53.5,-05 40 04.0,1,17.465794,,,0.0,0.0
163,165,JW 149,11.08,0.008,10.83,0.006,10.29,0.036,9.24,0.068,2.76,M3,H97,L,JW 149,05 34 54.6,-05 28 18.2,1,17.200209,,,0.0,0.0
164,166,Par 1655,11.31,0.004,11.35,0.006,11.36,0.014,11.46,0.044,7.36,,,,Parenago 1655,05 34 55.4,-05 01 39.4,1,14.918934,0.5525,6.281432294395504,0.6557049591739672,0.0896731857449002
165,167,JW 156,9.76,0.002,9.49,0.002,8.82,0.005,7.79,0.015,7.92,M0.5,H97,H,JW 156,05 34 55.6,-05 36 06.2,1,17.04217,5.9491,3.008067294395504,0.0,0.0
166,168,Par 1659,8.05,0.002,8.09,0.002,7.93,0.003,7.96,0.023,17.4,K2,H97,H,Parenago 1659,05 34 56.0,-05 23 13.0,1,11.099768,1.1575,1.8572652943955035,0.0,0.0
167,169,JW 158,10.27,0.002,10.3,0.003,10.27,0.014,10.08,0.046,1.92,M1.5,H97,H,JW 158,05 34 56.0,-05 29 26.4,1,14.537218,4.1212,2.3310162943955035,0.0,0.0
168,170,JW 159,10.74,0.005,10.82,0.005,10.62,0.037,10.16,0.119,1.12,M2,H97,H,JW 159,05 34 56.0,-05 31 13.1,1,14.831566,,,0.0,0.0
169,171,R01- 1591,11.39,0.004,11.39,0.006,11.48,0.017,11.49,0.051,0.46,,,,[R2001]  1591,05 34 56.1,-05 06 01.8,1,15.550913,,,0.0,0.0
170,172,R01- 1592,11.55,0.005,11.53,0.006,11.57,0.016,11.51,0.022,4.19,,,,[R2001]  1592,05 34 56.3,-06 04 17.4,1,15.110431,,,0.0,0.0
171,173,JW 166,11.61,0.005,11.69,0.008,11.57,0.031,11.08,0.124,0.67,M5,H97,L,JW 166,05 34 56.4,-05 38 05.2,1,15.72338,,,0.0,0.0
172,174,JW 164,10.53,0.003,10.28,0.003,9.91,0.01,9.11,0.027,6.52,M2,H97,H,JW 164,05 34 56.5,-05 27 51.1,1,15.322326,,,0.0,0.0
173,175,R01- 1595,11.61,0.006,11.87,0.009,11.72,0.05,10.71,0.115,0.84,M2,R01,H,[R2001]  1595,05 34 56.6,-05 52 07.0,1,15.738347,0.5565,7.096845294395504,0.5036072940329108,0.0896731857449002
174,176,JW 168,11.83,0.008,11.85,0.008,11.82,0.037,11.76,0.145,0.92,M5.5,H97,L,JW 168,05 34 56.8,-05 26 37.2,1,16.601412,1.1746,7.341810294395504,0.45791436966082183,0.0896731857449002
175,177,CHS 6568,9.93,0.003,9.61,0.002,9.37,0.006,9.02,0.029,6.19,,,,[CHS2001] 6568,05 34 56.8,-04 46 04.8,1,14.892733,2.2352,4.572531294395505,0.9744634926478943,0.0896731857449002
176,178,JW 169,11.04,0.005,10.73,0.006,10.37,0.031,9.77,0.069,3.82,,,,JW 169,05 34 56.9,-05 22 06.3,1,17.33208,,,0.0,0.0
177,179,R01- 1603,11.81,0.007,11.72,0.009,11.64,0.021,11.59,0.074,5.99,M2.5,R01,L,[R2001]  1603,05 34 57.2,-05 42 02.8,1,15.521493,0.4934,6.943091294395504,0.5322867784254186,0.0896731857449002
178,180,JW 175,10.51,0.009,10.03,0.008,9.49,0.052,8.06,0.069,9.19,M3,H97,L,JW 175,05 34 57.8,-05 22 51.2,1,15.652281,,,0.0,0.0
179,181,JW 177,10.45,0.004,10.06,0.004,9.8,0.028,9.58,0.132,9.09,M0,H97,H,JW 177,05 34 58.0,-05 17 37.7,1,16.020409,1.9456,5.989806294395505,0.7101014842388678,0.0896731857449002
180,182,JW 178,10.91,0.004,10.83,0.004,10.97,0.029,10.8,0.124,1.27,M2,H97,H,JW 178,05 34 58.2,-05 09 27.6,1,15.492446,4.3728,3.0346442943955036,0.0,0.0
181,183,CHS 6721,11.16,0.004,11.0,0.004,10.9,0.014,10.98,0.07,4.42,,,,[CHS2001] 6721,05 34 58.3,-05 38 25.7,1,18.922098,5.2139,5.623197294395505,0.7784844667502056,0.0896731857449002
182,184,JW 186,11.18,0.004,10.69,0.004,10.49,0.018,9.7,0.04,6.03,M2.5,H97,H,JW 186,05 34 58.5,-05 32 49.9,1,17.60719,,,0.0,0.0
183,185,R01- 1630,8.48,0.002,7.99,0.002,7.5,0.002,6.89,0.004,14.19,,,,[R2001]  1630,05 34 59.2,-05 44 55.3,1,17.234146,4.6416,4.507544294395505,0.9865854124136482,0.0896731857449002
184,186,R01- 1632,10.97,0.003,10.75,0.004,10.76,0.012,10.45,0.039,5.59,,,,[R2001]  1632,05 34 59.3,-05 05 30.0,1,15.542288,,,0.0,0.0
185,187,Par 1686,10.02,0.005,9.45,0.003,9.09,0.021,8.33,0.055,8.73,M2,H97,H,Parenago 1686,05 34 59.6,-05 25 40.0,1,15.026439,,,0.0,0.0
186,188,JW 194,12.51,0.01,12.33,0.012,11.9,0.048,10.91,0.098,13.87,M5.5,H97,L,JW 194,05 35 00.4,-05 09 44.1,1,17.44552,,,0.0,0.0
187,189,JW 200,11.21,0.009,10.82,0.005,10.49,0.05,9.31,0.086,3.11,M2.5,H97,H,JW 200,05 35 00.9,-05 31 05.9,1,17.540552,,,0.0,0.0
188,190,JW 210,9.53,0.006,9.07,0.003,8.53,0.026,7.41,0.049,9.96,K6-K8,H97,H,JW 210,05 35 01.3,-05 20 22.1,1,15.604229,,,0.0,0.0
189,191,Par 1715,10.8,0.003,10.85,0.004,10.79,0.012,10.81,0.032,2.04,M0,R01,H,Parenago 1715,05 35 01.4,-05 55 54.8,1,14.249749,,,0.0,0.0
190,192,Par 1693,11.14,0.004,11.21,0.006,11.14,0.029,11.11,0.129,2.83,M1.5,H97,H,Parenago 1693,05 35 01.4,-05 09 32.6,1,14.908166,,,0.0,0.0
191,193,R01- 1659,11.28,0.005,11.19,0.007,11.3,0.033,10.61,0.09,5.44,M3,R01,L,[R2001]  1659,05 35 02.0,-04 41 14.5,1,17.445812,,,0.0,0.0
192,194,JW 222,9.77,0.004,9.48,0.003,9.11,0.027,8.7,0.093,5.06,M2,H97,H,JW 222,05 35 02.2,-05 29 09.9,1,16.897308,,,0.0,0.0
193,195,Par 1692,11.33,0.006,11.36,0.009,11.33,0.03,11.43,0.193,5.42,M2.5,R01,L,Parenago 1692,05 35 02.4,-04 49 16.2,2,15.69877,,,0.0,0.0
194,196,R01- 1663,9.79,0.003,9.87,0.005,9.79,0.008,9.73,0.031,6.96,,,,[R2001]  1663,05 35 02.7,-04 49 29.3,1,13.969032,,,0.0,0.0
195,197,JW 228,12.45,0.012,12.17,0.012,11.62,0.071,10.24,0.123,3.22,M5,H97,L,JW 228,05 35 02.8,-05 32 02.8,1,17.844366,,,0.0,0.0
196,198,Par 1741,11.32,0.004,11.35,0.006,11.4,0.015,11.28,0.022,6.41,,,,Parenago 1741,05 35 02.9,-06 05 25.2,1,14.846787,,,0.0,0.0
197,199,JW 229,10.88,0.007,10.73,0.009,10.64,0.063,10.01,0.184,7.75,M1.5,H97,H,JW 229,05 35 03.2,-05 18 29.9,1,15.435377,,,0.0,0.0
198,200,Par 1701,7.67,0.001,7.31,0.002,7.12,0.002,6.64,0.003,10.46,,,,Parenago 1701,05 35 03.3,-04 49 21.0,1,12.606713,,,0.0,0.0
199,201,Par 1725,9.39,0.005,9.15,0.003,8.9,0.029,8.09,0.072,4.44,M1.5,H97,H,Parenago 1725,05 35 03.9,-05 29 03.4,1,13.944856,3.3229,2.536954294395505,0.0,0.0
200,202,JW 237,10.81,0.006,10.38,0.006,10.12,0.033,9.29,0.078,5.22,M4,H97,L,JW 237,05 35 04.0,-05 18 59.8,1,16.917917,,,0.0,0.0
201,203,R01- 1681,11.51,0.005,11.39,0.007,11.38,0.028,11.65,0.167,18.51,M3.5,R01,L,[R2001]  1681,05 35 04.0,-05 40 51.6,1,15.991894,,,0.0,0.0
202,204,JW 243,10.34,0.006,9.94,0.006,9.41,0.018,8.68,0.044,10.1,M2,H97,H,JW 243,05 35 04.1,-05 26 37.2,1,14.966702,,,0.0,0.0
203,205,JW 245,9.72,0.003,9.45,0.004,9.06,0.012,8.57,0.035,9.46,M2,H97,H,JW 245,05 35 04.2,-05 26 27.8,1,15.292636,,,0.0,0.0
204,206,Par 1724,7.19,0.001,7.22,0.002,7.09,0.002,7.02,0.004,5.61,K0V,H97,H,Parenago 1724,05 35 04.3,-05 08 12.5,1,10.146164,1.1533,0.907862294395505,0.0,0.0
205,207,JW 248,8.89,0.006,8.55,0.006,8.0,0.023,7.22,0.06,6.21,M0.5,H97,H,JW 248,05 35 04.4,-05 23 13.9,1,14.57122,,,0.0,0.0
206,208,Par 1737,8.49,0.005,8.24,0.003,7.92,0.019,7.82,0.091,3.82,K2,H97,H,Parenago 1737,05 35 04.5,-05 23 56.5,1,14.568772,,,0.0,0.0
207,209,JW 250,10.39,0.006,10.11,0.008,9.79,0.027,9.64,0.116,2.71,M3,H97,L,JW 250,05 35 04.5,-05 26 04.4,1,15.584298,,,0.0,0.0
208,210,JW 254,10.39,0.005,10.05,0.006,9.6,0.025,9.16,0.083,3.52,M3,H97,L,JW 254,05 35 04.6,-05 26 23.1,1,15.999413,,,0.0,0.0
209,211,JW 258,9.86,0.004,9.59,0.005,9.33,0.019,8.62,0.056,10.98,M0.5,H97,H,JW 258,05 35 04.8,-05 26 38.0,1,15.208543,,,0.0,0.0
210,212,JW 257,10.84,0.024,10.35,0.035,9.84,0.073,8.68,0.093,5.22,M4.5,H97,L,JW 257,05 35 04.8,-05 22 38.7,1,16.07257,,,0.0,0.0
211,213,Par 1721,10.91,0.004,10.96,0.006,10.93,0.017,10.87,0.068,24.87,M1.5,R01,H,Parenago 1721,05 35 04.9,-04 49 13.1,1,14.668904,,,0.0,0.0
212,214,JW 263,10.53,0.003,10.08,0.003,9.8,0.009,8.82,0.028,7.75,M4.5,H97,L,JW 263,05 35 05.1,-05 36 43.8,1,16.2107,,,0.0,0.0
213,215,Par 1748,9.31,0.002,8.99,0.003,8.64,0.006,8.16,0.024,8.25,M0,H97,H,Parenago 1748,05 35 05.3,-05 34 28.5,1,15.402205,2.4979,4.819303294395505,0.9284335114952731,0.0896731857449002
214,216,JW 278,8.06,0.004,7.62,0.003,7.25,0.01,6.67,0.029,6.76,K2-K7,H97,H,JW 278,05 35 05.7,-05 24 18.5,1,15.15616,,,0.0,0.0
215,217,JW 269,10.11,0.004,9.68,0.003,9.43,0.031,8.62,0.075,5.8,,,,JW 269,05 35 05.7,-05 11 35.1,1,18.186419,,,0.0,0.0
216,218,R01- 1710,11.09,0.004,11.18,0.005,11.25,0.017,10.97,0.041,4.18,M0,R01,H,[R2001]  1710,05 35 06.1,-05 45 31.2,2,14.307561,,,0.0,0.0
217,219,Par 1755,7.78,0.002,6.94,0.002,6.01,0.004,4.91,0.009,2.85,M0.5,H97,H,Parenago 1755,05 35 06.4,-05 33 35.2,1,15.82361,,,0.0,0.0
218,220,JW 299,11.57,0.013,11.24,0.017,10.69,0.064,9.39,0.106,2.76,,,,JW 299,05 35 06.9,-05 26 00.6,1,17.18556,,,0.0,0.0
219,221,JW 301,10.19,0.004,10.22,0.004,9.75,0.033,8.93,0.073,7.92,,,,JW 301,05 35 07.5,-05 11 14.5,1,15.97405,,,0.0,0.0
220,222,Par 1763,9.73,0.003,9.67,0.003,9.53,0.019,9.73,0.079,4.17,M3,H97,L,Parenago 1763,05 35 07.6,-05 36 19.6,1,13.691401,,,0.0,0.0
221,223,CHS 7678,8.72,0.01,8.19,0.007,7.78,0.053,6.62,0.107,7.88,,,,[CHS2001] 7678,05 35 07.7,-05 21 01.5,1,20.207525,,,0.0,0.0
222,224,JW 326,9.95,0.005,9.86,0.003,0.0,0.0,9.69,0.191,6.63,K6-K8,H97,H,JW 326,05 35 08.7,-05 29 01.6,1,16.933598,,,0.0,0.0
223,225,CHS 7797,12.75,0.013,11.92,0.012,11.0,0.018,9.89,0.043,17.08,,,,[CHS2001] 7797,05 35 08.7,-05 31 27.5,1,19.890568,,,0.0,0.0
224,226,R01- 1750,10.72,0.003,10.38,0.003,10.22,0.008,9.47,0.024,1.97,M4,R01,L,[R2001]  1750,05 35 08.7,-05 04 40.8,1,15.948042,,,0.0,0.0
225,227,Par 1773,9.69,0.003,9.83,0.003,9.71,0.03,9.48,0.119,1.57,K1-K4,H97,H,Parenago 1773,05 35 09.1,-05 29 59.2,1,12.738749,1.1324,3.5213462943955047,0.0,0.0
226,228,Par 1764,10.11,0.002,10.31,0.003,10.17,0.007,10.09,0.034,7.84,M0,R01,H,Parenago 1764,05 35 09.1,-05 06 47.2,1,13.80773,2.4872,3.235528294395504,0.0,0.0
227,229,H97: 3134,8.05,0.002,7.66,0.002,7.17,0.002,6.39,0.005,6.09,,,,[H97b] 3134,05 35 09.2,-05 30 58.5,1,17.814333,,,0.0,0.0
228,230,JW 338,9.46,0.004,9.08,0.004,8.7,0.029,7.79,0.056,6.62,M3.5,H97,L,JW 338,05 35 09.9,-05 19 34.0,1,16.097113,,,0.0,0.0
229,231,CHS 8034,12.65,0.011,12.25,0.012,11.99,0.048,11.51,0.141,2.94,,,,[CHS2001] 8034,05 35 10.7,-04 42 07.6,1,20.526106,,,0.0,0.0
230,232,JW 356,8.21,0.006,7.74,0.005,6.98,0.042,5.87,0.074,4.69,M3,H97,L,JW 356,05 35 10.9,-05 24 48.6,1,15.413756,,,0.0,0.0
231,233,R01- 1782,12.11,0.008,12.2,0.012,12.13,0.032,12.28,0.174,2.5,M3.5,R01,L,[R2001]  1782,05 35 11.0,-04 47 12.4,1,16.045937,0.5224,7.438535294395503,0.4398724121979013,0.0896731857449002
232,234,R01- 1787,11.56,0.006,11.64,0.008,11.3,0.027,10.96,0.084,1.09,,,,[R2001]  1787,05 35 11.2,-05 41 36.2,1,17.805592,3.3378,6.3827902943955035,0.6367988157279181,0.0896731857449002
233,235,Par 1799,8.48,0.004,8.51,0.005,8.44,0.047,7.43,0.089,0.5,G0-G2,H97,H,Parenago 1799,05 35 11.6,-05 16 57.7,1,12.0486,2.7793,1.1842982943955036,0.0,0.0
234,236,Par 1812,10.27,0.002,10.37,0.003,10.29,0.007,10.5,0.031,4.04,K8,R01,H,Parenago 1812,05 35 11.9,-05 45 37.9,1,14.353689,3.6924,2.576287294395504,0.0,0.0
235,237,JW 373,8.03,0.007,7.92,0.01,7.35,0.05,6.39,0.106,9.81,K2-K3,H97,H,JW 373,05 35 12.0,-05 20 33.1,1,14.960885,,,0.0,0.0
236,238,JW 380,10.86,0.005,10.8,0.005,10.72,0.033,10.04,0.086,4.75,,,,JW 380,05 35 12.1,-05 31 38.8,1,15.394177,,,0.0,0.0
237,239,JW 379,11.24,0.005,10.86,0.005,10.69,0.024,9.53,0.053,11.3,M5.4,H97,L,JW 379,05 35 12.2,-05 30 20.2,1,16.759611,,,0.0,0.0
238,240,Par 1809,8.96,0.003,8.71,0.003,8.35,0.003,7.68,0.01,16.2,M0.5,H97,H,Parenago 1809,05 35 12.2,-05 30 32.9,1,15.044456,,,0.0,0.0
239,241,SMMV 1944,9.93,0.003,9.99,0.003,10.04,0.01,9.86,0.053,2.4,,,,SMMV 1944,05 35 12.5,-04 51 55.6,1,14.180141,3.4058,2.689340294395505,0.0,0.0
240,242,JW 383,11.05,0.013,11.11,0.02,10.83,0.062,10.15,0.161,7.11,M3,H97,L,JW 383,05 35 12.7,-05 16 13.5,1,16.11732,,,0.0,0.0
241,243,JW 388,10.11,0.009,10.12,0.009,10.1,0.064,9.86,0.186,7.78,K5,H97,H,JW 388,05 35 12.8,-05 15 24.0,1,15.092017,3.1659,3.841115294395504,0.0,0.0
242,244,JW 402,10.63,0.004,10.22,0.003,10.04,0.026,9.22,0.056,15.0,M5.5,H97,L,JW 402,05 35 13.0,-05 34 03.6,1,16.822506,,,0.0,0.0
243,245,JW 401,6.87,0.005,6.39,0.005,5.78,0.017,4.89,0.047,17.91,K0-K2,H97,H,JW 401,05 35 13.1,-05 24 55.4,1,13.81923,,,0.0,0.0
244,246,Par 1805,11.04,0.005,11.04,0.006,11.13,0.043,10.91,0.154,9.76,,,,Parenago 1805,05 35 13.3,-05 09 19.6,1,14.920941,,,0.0,0.0
245,247,Par 1798,7.45,0.001,7.46,0.002,7.53,0.002,7.39,0.01,2.51,,,,Parenago 1798,05 35 13.3,-04 51 44.9,2,9.373474,,,0.0,0.0
246,248,JW 406,9.55,0.007,9.47,0.008,9.09,0.059,8.0,0.105,2.26,M1,H97,H,JW 406,05 35 13.5,-05 17 10.3,1,15.586679,,,0.0,0.0
247,249,JW 413,6.85,0.004,6.11,0.003,5.3,0.004,4.12,0.026,10.08,K5,H97,H,JW 413,05 35 13.6,-05 19 54.9,1,16.101273,,,0.0,0.0
248,250,JW 422,10.16,0.008,9.77,0.006,9.52,0.057,8.48,0.113,6.37,,,,JW 422,05 35 13.7,-05 28 46.3,1,16.341679,,,0.0,0.0
249,251,JW 430,10.18,0.005,9.83,0.004,9.14,0.018,8.08,0.034,2.5,,,,JW 430,05 35 13.8,-05 34 54.9,1,16.935438,,,0.0,0.0
250,252,Par 1850,10.35,0.002,10.19,0.003,10.08,0.006,9.65,0.016,5.26,,,,Parenago 1850,05 35 14.0,-05 52 09.0,1,13.891104,1.0118,4.794302294395504,0.9330969074894979,0.0896731857449002
251,254,JW 447,10.58,0.003,10.08,0.003,9.52,0.005,8.57,0.02,2.6,,,,JW 447,05 35 14.4,-05 32 46.5,1,17.327873,,,0.0,0.0
252,255,Par 1878,10.43,0.002,10.61,0.004,10.47,0.008,10.38,0.013,3.95,,,,Parenago 1878,05 35 14.5,-06 05 12.3,1,12.743511,0.2388,4.4197092943955045,0.0,0.0
253,256,R01- 1839,11.83,0.01,11.54,0.009,10.55,0.053,8.99,0.079,3.12,,,,[R2001]  1839,05 35 14.9,-05 07 47.6,1,17.692617,0.9768,8.630814294395504,0.21747854296383934,0.0896731857449002
254,257,JW 466,11.2,0.006,11.08,0.006,11.04,0.05,10.26,0.129,6.12,M3.5,H97,L,JW 466,05 35 14.9,-05 36 39.2,1,15.928855,,,0.0,0.0
255,258,R01- 1843,12.09,0.007,12.33,0.011,12.0,0.022,12.01,0.045,3.94,,,,[R2001]  1843,05 35 14.9,-05 56 36.2,1,16.145123,,,0.0,0.0
256,259,Par 1862,6.92,0.016,6.39,0.019,5.62,0.056,4.57,0.173,8.71,G8-K1,H97,H,Parenago 1862,05 35 15.6,-05 22 56.6,1,12.260441,,,0.0,0.0
257,260,Par 1873,9.69,0.002,9.24,0.002,8.76,0.004,7.81,0.01,7.42,,,,Parenago 1873,05 35 15.7,-05 32 59.2,1,15.377524,,,0.0,0.0
258,261,R01- 1862,12.3,0.009,12.2,0.011,12.32,0.033,12.97,0.16,4.46,,,,[R2001]  1862,05 35 15.8,-05 03 26.2,1,17.983746,,,0.0,0.0
259,262,CHS 8744,12.86,0.012,12.53,0.016,12.34,0.026,11.63,0.027,2.18,,,,[CHS2001] 8744,05 35 15.8,-06 09 46.7,1,18.43195,,,0.0,0.0
260,263,R01- 1871,11.72,0.005,11.61,0.006,11.57,0.019,11.72,0.064,3.68,M6,R01,L,[R2001]  1871,05 35 16.3,-06 18 43.1,1,16.637224,,,0.0,0.0
261,264,Par 1900,10.7,0.004,10.89,0.005,10.75,0.028,10.48,0.09,4.11,K5,R01,H,Parenago 1900,05 35 16.4,-05 42 39.6,1,13.298965,,,0.0,0.0
262,265,Par 1899,11.44,0.005,11.37,0.007,11.34,0.017,11.24,0.058,9.51,M3,R01,L,Parenago 1899,05 35 16.5,-05 40 18.0,2,14.948199,0.4457,6.417498294395504,0.6303247887492971,0.0896731857449002
263,266,R01- 1888,11.68,0.006,11.57,0.008,11.18,0.016,10.48,0.032,2.05,M5,R01,L,[R2001]  1888,05 35 17.2,-05 41 53.9,1,16.390617,,,0.0,0.0
264,267,Par 1917,9.85,0.002,9.12,0.002,8.67,0.003,7.55,0.005,18.68,,,,Parenago 1917,05 35 17.3,-05 42 14.6,1,15.624192,,,0.0,0.0
265,268,JW 550,7.68,0.002,7.65,0.002,7.4,0.015,7.35,0.055,6.83,K2-K3,H97,H,JW 550,05 35 17.5,-05 17 40.1,1,16.183935,,,0.0,0.0
266,269,Par 1882,9.7,0.002,9.26,0.002,9.2,0.005,8.19,0.009,5.65,K6,R01,H,Parenago 1882,05 35 17.8,-04 44 52.5,1,13.903509,1.5737,4.244807294395503,0.0,0.0
267,270,JW 571,11.08,0.008,10.65,0.006,10.43,0.062,9.53,0.175,4.16,M0-M3,H97,L,JW 571,05 35 17.9,-05 30 40.8,1,17.259726,,,0.0,0.0
268,271,CHS 9036,10.82,0.004,10.59,0.004,9.99,0.016,9.15,0.032,7.3,,,,[CHS2001] 9036,05 35 17.9,-04 53 36.3,1,19.566135,,,0.0,0.0
269,272,Par 1929,7.98,0.001,7.65,0.002,7.33,0.002,6.53,0.005,5.53,,,,Parenago 1929,05 35 17.9,-05 42 34.0,1,13.582442,,,0.0,0.0
270,273,JW 579,10.7,0.003,10.15,0.003,10.03,0.009,9.24,0.028,2.81,M3,H97,L,JW 579,05 35 18.0,-05 35 15.7,1,16.928288,,,0.0,0.0
271,274,JW 566,7.53,0.003,6.81,0.002,6.25,0.004,5.49,0.011,7.04,,,,JW 566,05 35 18.0,-05 16 13.6,1,18.614342,,,0.0,0.0
272,275,Par 1942,10.61,0.003,10.77,0.004,10.67,0.014,10.61,0.053,1.07,M1,H97,H,Parenago 1942,05 35 19.0,-05 37 36.8,1,14.238172,,,0.0,0.0
273,276,HBJM 10548,12.83,0.017,12.5,0.016,12.27,0.059,11.62,0.163,3.31,,,,[H97b] 10548,05 35 19.0,-05 37 23.4,1,19.19775,,,0.0,0.0
274,277,CHS 9269,11.81,0.006,11.85,0.008,11.84,0.022,11.79,0.058,3.97,,,,[CHS2001] 9269,05 35 19.3,-06 24 14.5,1,15.41626,0.4827,6.848557294395505,0.5499200522069077,0.0896731857449002
275,278,R01- 1933,11.3,0.005,11.27,0.008,11.4,0.019,11.55,0.074,5.82,,,,[R2001]  1933,05 35 19.5,-05 36 51.8,1,15.37224,,,0.0,0.0
276,279,R01- 1937,11.71,0.006,11.41,0.007,11.12,0.014,10.61,0.029,2.28,,,,[R2001]  1937,05 35 19.7,-04 48 18.0,1,17.51771,,,0.0,0.0
277,280,Par 1941,11.02,0.005,11.06,0.006,10.99,0.032,10.83,0.142,5.16,,,,Parenago 1941,05 35 19.9,-05 33 53.5,1,15.043906,,,0.0,0.0
278,281,Par 1938,7.69,0.009,7.17,0.006,6.73,0.033,6.23,0.099,0.96,K7,H97,H,Parenago 1938,05 35 20.0,-05 21 05.9,1,14.069387,,,0.0,0.0
279,282,JW 646,12.12,0.007,11.8,0.008,11.55,0.02,10.87,0.05,1.94,M3,H97,L,JW 646,05 35 20.2,-05 34 57.2,1,17.254677,,,0.0,0.0
280,283,JW 635,8.93,0.005,8.54,0.005,8.04,0.02,7.3,0.049,4.12,M4.5,H97,L,JW 635,05 35 20.2,-05 13 59.4,1,17.531664,,,0.0,0.0
281,284,JW 649,11.4,0.006,11.13,0.006,10.63,0.029,9.87,0.066,2.13,M6,H97,L,JW 649,05 35 20.3,-05 32 16.8,1,17.336416,,,0.0,0.0
282,285,JW 654,11.49,0.005,11.23,0.006,11.27,0.016,11.04,0.038,2.42,M5,H97,L,JW 654,05 35 20.3,-05 36 39.4,1,17.13044,,,0.0,0.0
283,286,R01- 1945,10.99,0.003,10.98,0.004,11.02,0.016,10.68,0.062,4.8,,,,[R2001]  1945,05 35 20.4,-05 02 26.6,1,15.440367,,,0.0,0.0
284,287,Par 1960,8.11,0.011,7.67,0.013,7.05,0.027,5.97,0.04,34.5,M0,H97,H,Parenago 1960,05 35 20.5,-05 23 29.8,1,14.633403,,,0.0,0.0
285,288,JW 655,7.63,0.003,7.47,0.003,7.31,0.012,7.24,0.051,1.73,,,,JW 655,05 35 20.7,-05 15 49.3,1,13.91386,,,0.0,0.0
286,289,R01- 1950,10.36,0.003,10.29,0.004,10.31,0.023,10.3,0.122,5.02,K8,R01,H,[R2001]  1950,05 35 20.8,-04 58 34.2,1,16.396305,,,0.0,0.0
287,290,Par 1979,10.11,0.002,9.84,0.003,9.45,0.007,8.46,0.018,7.33,,,,Parenago 1979,05 35 21.3,-05 42 12.3,1,15.554418,,,0.0,0.0
288,291,R01- 1959,11.98,0.007,11.93,0.009,11.88,0.019,11.93,0.028,3.38,,,,[R2001]  1959,05 35 21.3,-05 56 35.9,1,15.987312,0.5361,7.366210294395504,0.45336307721210256,0.0896731857449002
289,292,JW 676,10.8,0.006,10.28,0.004,9.32,0.012,8.37,0.026,6.63,K5,H97,H,JW 676,05 35 21.6,-05 09 38.9,1,18.02638,,,0.0,0.0
290,293,JW 677,10.74,0.006,10.22,0.004,9.95,0.023,9.2,0.064,3.96,M3,H97,L,JW 677,05 35 21.6,-05 09 49.7,1,16.030445,,,0.0,0.0
291,294,JW 691,10.5,0.021,10.34,0.013,9.73,0.147,8.22,0.187,6.29,M4,H97,L,JW 691,05 35 21.9,-05 15 01.1,1,17.394522,,,0.0,0.0
292,295,JW 715,11.56,0.01,11.05,0.008,10.93,0.062,10.25,0.199,4.46,M6,H97,L,JW 715,05 35 22.3,-05 31 16.9,1,16.984146,,,0.0,0.0
293,296,JW 719,11.33,0.004,11.32,0.005,11.45,0.019,11.29,0.058,6.85,M4-M,H97,L,JW 719,05 35 22.3,-05 35 26.7,1,15.874228,,,0.0,0.0
294,297,Par 1948,9.42,0.003,9.41,0.002,9.07,0.009,8.15,0.031,10.9,,,,Parenago 1948,05 35 22.3,-04 42 07.6,1,14.166903,2.3542,3.727700294395504,0.0,0.0
295,298,JW 716,9.81,0.009,9.32,0.009,8.84,0.055,7.76,0.108,3.95,M4.5,H97,L,JW 716,05 35 22.4,-05 27 28.4,1,16.229954,,,0.0,0.0
296,299,CHS 9739,9.92,0.002,9.85,0.003,9.39,0.005,8.9,0.023,6.08,,,,[CHS2001] 9739,05 35 22.8,-04 48 29.8,1,14.670089,,,0.0,0.0
297,300,JW 727,10.23,0.004,9.99,0.003,9.59,0.02,8.94,0.059,6.03,M2,H97,H,JW 727,05 35 22.8,-05 31 37.2,1,15.444867,,,0.0,0.0
298,301,R01- 1980,10.45,0.003,10.49,0.003,10.5,0.011,10.43,0.044,0.57,,,,[R2001]  1980,05 35 22.8,-05 44 42.9,1,14.979212,,,0.0,0.0
299,302,Par 1995,10.38,0.003,10.29,0.004,10.14,0.024,9.27,0.061,13.87,M1,H97,H,Parenago 1995,05 35 22.9,-05 32 29.0,1,14.838462,,,0.0,0.0
300,303,Par 1966,10.65,0.003,10.85,0.005,10.66,0.01,10.53,0.037,1.07,M1,R01,H,Parenago 1966,05 35 23.2,-04 43 02.9,1,14.223755,,,0.0,0.0
301,304,CHS 9801,10.7,0.003,10.77,0.004,10.6,0.009,10.53,0.03,6.08,,,,[CHS2001] 9801,05 35 23.3,-04 49 04.6,1,14.341047,,,0.0,0.0
302,305,JW 735,10.39,0.016,9.76,0.011,8.96,0.067,7.45,0.101,5.21,M3,H97,L,JW 735,05 35 23.3,-05 28 10.1,1,16.272245,,,0.0,0.0
303,306,Par 1988,10.05,0.014,10.12,0.015,9.91,0.06,8.84,0.11,7.64,K8,H97,H,Parenago 1988,05 35 23.4,-05 10 51.8,1,13.42294,,,0.0,0.0
304,307,JW 753,10.21,0.006,9.76,0.004,9.5,0.045,8.7,0.111,8.55,M2,H97,H,JW 753,05 35 24.2,-05 29 57.2,1,14.95328,,,0.0,0.0
305,308,CHS 10032,11.16,0.004,11.29,0.006,11.17,0.014,11.04,0.029,15.05,,,,[CHS2001] 10032,05 35 25.2,-05 55 55.2,1,14.843253,2.7385,4.0197517943955035,0.0,0.0
306,309,H97: 3128,11.38,0.006,11.15,0.007,10.79,0.039,9.72,0.075,2.47,,,,[H97b] 3128,05 35 25.2,-05 29 51.6,1,16.359598,1.1311,7.143496294395504,0.494905558621688,0.0896731857449002
307,310,JW 778,11.61,0.006,11.5,0.007,11.52,0.028,12.24,0.188,1.71,M4,H97,L,JW 778,05 35 25.2,-05 33 21.1,1,16.605722,,,0.0,0.0
308,311,JW 783,10.48,0.003,10.12,0.003,9.56,0.006,8.54,0.016,1.15,,,,JW 783,05 35 25.5,-05 34 04.8,1,17.489109,,,0.0,0.0
309,312,CHS 10073,9.93,0.002,9.56,0.002,9.22,0.004,8.39,0.004,7.5,,,,[CHS2001] 10073,05 35 25.5,-05 45 44.9,1,16.003046,,,0.0,0.0
310,313,CHS 10081,10.98,0.003,10.7,0.004,10.31,0.007,9.58,0.009,4.28,,,,[CHS2001] 10081,05 35 25.6,-06 13 04.4,1,18.764748,,,0.0,0.0
311,314,JW 788,10.28,0.005,9.89,0.005,9.5,0.03,8.95,0.078,4.76,M4,H97,L,JW 788,05 35 25.7,-05 30 38.1,1,15.932467,,,0.0,0.0
312,315,R01- 2012,11.13,0.004,10.71,0.004,10.42,0.011,9.53,0.025,7.33,,,,[R2001]  2012,05 35 25.7,-04 49 31.3,1,16.257914,,,0.0,0.0
313,316,JW 789,12.07,0.011,11.87,0.013,11.58,0.07,10.87,0.155,3.21,M3,H97,L,JW 789,05 35 25.7,-05 29 35.4,1,17.619373,0.7704,8.763972294395503,0.19264079706668574,0.0896731857449002
314,317,CHS 10147,10.55,0.003,10.23,0.003,9.72,0.005,8.96,0.008,5.9,,,,[CHS2001] 10147,05 35 26.2,-05 45 08.5,1,15.242089,0.5,6.657087294395504,0.5856346409430062,0.0896731857449002
315,318,Par 2032,7.95,0.003,7.71,0.002,7.21,0.021,6.65,0.06,10.33,G5,H97,H,Parenago 2032,05 35 26.3,-05 25 39.7,1,11.397721,0.972,2.3407192943955035,0.0,0.0
316,319,Par 2019,10.66,0.004,10.58,0.004,10.5,0.044,10.01,0.146,0.93,,,,Parenago 2019,05 35 26.6,-04 56 06.7,2,14.583791,,,0.0,0.0
317,320,CHS 10241,11.0,0.003,11.23,0.006,11.24,0.013,11.07,0.023,9.04,,,,[CHS2001] 10241,05 35 26.8,-06 26 47.5,1,14.228755,,,0.0,0.0
318,321,JW 812,10.63,0.003,10.2,0.004,9.88,0.013,8.79,0.03,4.39,,,,JW 812,05 35 27.2,-05 30 24.7,1,15.63721,,,0.0,0.0
319,322,CHS 10277,11.56,0.007,11.17,0.006,10.73,0.042,10.35,0.16,2.64,,,,[CHS2001] 10277,05 35 27.2,-04 55 18.6,1,18.526712,,,0.0,0.0
320,323,Par 2048,9.78,0.002,9.81,0.002,9.82,0.017,9.79,0.089,4.62,K8V,H97,H,Parenago 2048,05 35 27.5,-05 35 19.5,1,13.105382,,,0.0,0.0
321,324,Par 2046,8.02,0.004,7.54,0.003,7.1,0.018,6.45,0.065,9.57,K6-K8,H97,H,Parenago 2046,05 35 28.1,-05 24 58.3,1,14.44558,,,0.0,0.0
322,325,R01- 2045,11.25,0.005,11.3,0.006,11.16,0.052,10.71,0.174,0.84,,,,[R2001]  2045,05 35 28.2,-05 00 49.6,2,15.56835,,,0.0,0.0
323,326,R01- 2048,10.71,0.003,10.3,0.003,9.81,0.008,8.87,0.023,7.38,,,,[R2001]  2048,05 35 28.3,-05 59 13.3,1,15.373467,,,0.0,0.0
324,327,R01- 2056,10.57,0.003,10.23,0.003,9.93,0.012,9.05,0.03,5.21,,,,[R2001]  2056,05 35 28.6,-04 47 26.5,1,15.892684,,,0.0,0.0
325,328,JW 834,8.6,0.006,8.21,0.009,7.72,0.022,6.78,0.059,7.01,,,,JW 834,05 35 28.9,-05 16 18.5,1,14.339305,,,0.0,0.0
326,329,Par 2070,10.3,0.003,10.33,0.003,10.4,0.012,10.44,0.047,5.7,,,,Parenago 2070,05 35 29.0,-05 49 48.6,1,13.369993,,,0.0,0.0
327,330,JW 836,9.3,0.009,8.99,0.008,8.34,0.044,7.26,0.081,12.2,M0,H97,H,JW 836,05 35 29.0,-05 29 10.5,1,14.771595,2.4269,4.259693294395504,0.0,0.0
328,331,JW 843,11.18,0.004,11.15,0.006,11.16,0.016,10.7,0.054,0.84,M2,H97,H,JW 843,05 35 29.7,-05 31 12.4,1,15.137321,,,0.0,0.0
329,332,R01- 2073,11.53,0.004,11.45,0.007,11.35,0.014,11.48,0.02,6.19,,,,[R2001]  2073,05 35 30.2,-06 12 06.0,2,15.080009,0.445,6.550008294395504,0.6056079132459422,0.0896731857449002
330,333,Par 2079,11.13,0.003,11.03,0.005,11.11,0.015,11.01,0.044,10.08,K8,R01,H,Parenago 2079,05 35 30.2,-05 51 17.0,1,14.390926,2.2487,4.057224294395505,0.0,0.0
331,334,Par 2064,10.84,0.003,10.91,0.005,10.91,0.013,10.83,0.042,3.2,K7,R01,H,Parenago 2064,05 35 30.5,-04 51 29.0,1,14.292407,1.4658,4.741605294395503,0.9429263934930623,0.0896731857449002
332,335,JW 863,10.25,0.003,9.94,0.003,9.5,0.013,8.87,0.038,7.91,M3.5,H97,L,JW 863,05 35 30.8,-05 30 36.2,1,15.417651,,,0.0,0.0
333,336,Par 2066,10.11,0.004,9.78,0.004,9.41,0.027,8.38,0.05,7.61,M0,R01,H,Parenago 2066,05 35 30.9,-04 55 17.9,1,14.135627,1.6856,4.365024794395504,0.0,0.0
334,337,R01- 2088,11.6,0.007,11.53,0.008,11.54,0.017,11.48,0.038,3.71,,,,[R2001]  2088,05 35 31.3,-05 58 33.4,2,15.187855,0.3938,6.709053294395504,0.575941507197838,0.0896731857449002
335,338,R01- 2092,12.15,0.007,12.0,0.011,12.02,0.022,11.91,0.025,7.4,M3.5,R01,L,[R2001]  2092,05 35 31.5,-06 14 18.9,2,15.930679,0.5424,7.303277294395505,0.4651018676894914,0.0896731857449002
336,339,R01- 2093,6.54,0.001,5.7,0.002,5.07,0.001,4.02,0.001,12.91,,,,[R2001]  2093,05 35 31.5,-05 05 47.4,1,18.124653,,,0.0,0.0
337,340,R01- 2094,9.89,0.003,9.83,0.003,9.72,0.023,9.27,0.078,3.91,,,,[R2001]  2094,05 35 31.5,-05 40 27.8,1,16.867313,,,0.0,0.0
338,342,JW 878,11.01,0.006,11.09,0.006,10.71,0.052,9.76,0.126,5.51,M6,H97,L,JW 878,05 35 31.7,-05 30 04.1,1,16.171972,5.7793,2.3076702943955034,0.0,0.0
339,343,R01- 2096,11.83,0.006,11.57,0.006,11.7,0.03,11.15,0.051,10.67,M3.5,R01,L,[R2001]  2096,05 35 31.7,-04 41 07.7,1,16.647465,,,0.0,0.0
340,344,H97: 5156,12.54,0.01,12.27,0.012,11.87,0.038,10.75,0.053,4.36,,,,[H97b] 5156,05 35 31.9,-05 31 47.8,1,18.612011,,,0.0,0.0
341,345,JW 879,10.34,0.013,9.87,0.02,9.6,0.044,8.53,0.054,1.12,,,,JW 879,05 35 32.0,-05 16 21.0,1,16.766537,,,0.0,0.0
342,346,CHS 10870,11.62,0.008,10.84,0.006,10.09,0.01,9.3,0.03,5.55,,,,[CHS2001] 10870,05 35 32.3,-04 46 48.4,1,19.041317,,,0.0,0.0
343,347,JW 885,10.54,0.009,10.05,0.007,9.66,0.069,8.34,0.108,9.14,,,,JW 885,05 35 32.4,-05 15 06.9,1,18.730871,,,0.0,0.0
344,348,Par 2097,10.37,0.009,10.53,0.009,10.03,0.09,9.06,0.195,1.1,M1.5,H97,H,Parenago 2097,05 35 32.5,-05 26 10.4,1,14.280237,,,0.0,0.0
345,349,Par 2081,9.98,0.002,9.83,0.002,9.66,0.009,8.51,0.024,5.05,K4,R01,H,Parenago 2081,05 35 33.0,-04 43 58.9,1,13.538937,,,0.0,0.0
346,350,R01- 2115,11.9,0.006,11.72,0.008,11.58,0.033,10.94,0.085,2.81,,,,[R2001]  2115,05 35 33.2,-05 47 07.5,2,15.879528,0.5722,7.222326294395504,0.4802015265023301,0.0896731857449002
347,351,CHS 11123,10.12,0.002,10.03,0.003,9.36,0.004,8.75,0.004,6.24,,,,[CHS2001] 11123,05 35 34.7,-06 02 47.2,1,18.689198,5.7423,4.861895794395505,0.9204888015003283,0.0896731857449002
348,352,JW 906,10.86,0.004,10.69,0.005,0.0,0.0,9.86,0.078,10.66,M3,H97,L,JW 906,05 35 34.7,-05 34 38.1,1,15.627526,,,0.0,0.0
349,353,CHS 11149,13.33,0.011,13.12,0.012,12.62,0.022,11.48,0.022,7.38,,,,[CHS2001] 11149,05 35 34.9,-06 08 36.5,1,19.443111,,,0.0,0.0
350,354,JW 913,13.9,0.022,13.61,0.017,12.63,0.085,10.67,0.074,9.56,K1-K5,H97,H,JW 913,05 35 35.1,-05 33 49.2,1,17.980473,,,0.0,0.0
351,355,H97: 5083,10.12,0.007,9.88,0.004,9.38,0.034,8.39,0.056,7.59,,,,[H97b] 5083,05 35 36.2,-05 20 20.4,1,18.888023,,,0.0,0.0
352,356,Par 2115,8.73,0.002,8.31,0.002,8.09,0.003,7.47,0.008,8.3,,,,Parenago 2115,05 35 36.4,-05 01 15.6,1,13.036394,1.5008,3.450592294395504,0.0,0.0
353,357,Par 2123,9.39,0.002,9.03,0.002,8.75,0.008,8.14,0.028,1.15,M1,H97,H,Parenago 2123,05 35 36.4,-05 34 11.1,1,14.323411,2.6672,3.571209294395505,0.0,0.0
354,358,Par 2117,11.04,0.004,11.11,0.006,10.93,0.02,10.47,0.063,6.94,,,,Parenago 2117,05 35 36.6,-05 04 39.3,1,15.250219,0.5213,6.643917294395504,0.588091219695871,0.0896731857449002
355,359,Par 2134,10.34,0.003,10.36,0.004,10.4,0.013,10.11,0.043,5.59,K7,H97,H,Parenago 2134,05 35 36.7,-05 37 41.5,1,14.075429,,,0.0,0.0
356,360,R01- 2168,11.51,0.005,11.53,0.007,11.41,0.015,11.35,0.029,3.47,,,,[R2001]  2168,05 35 36.7,-05 58 56.3,1,16.17132,,,0.0,0.0
357,361,R01- 2171,10.84,0.003,11.08,0.004,11.14,0.013,10.94,0.027,5.75,,,,[R2001]  2171,05 35 36.8,-06 16 31.0,1,14.144091,,,0.0,0.0
358,362,JW 925,11.23,0.005,11.01,0.005,10.81,0.032,10.43,0.155,4.71,,,,JW 925,05 35 37.2,-05 10 29.5,1,15.31776,,,0.0,0.0
359,363,R01- 2176,11.97,0.007,11.97,0.009,11.88,0.022,11.98,0.088,2.76,M3.5,R01,L,[R2001]  2176,05 35 37.3,-06 00 00.2,1,16.050163,0.6315,7.333661294395505,0.4594343894216057,0.0896731857449002
360,364,R01- 2178,11.55,0.005,11.24,0.005,10.92,0.016,9.93,0.031,9.04,,,,[R2001]  2178,05 35 37.5,-05 51 28.1,1,17.337301,,,0.0,0.0
361,365,Par 2121,11.81,0.006,11.75,0.008,11.68,0.018,11.54,0.059,15.45,M2.5,R01,L,Parenago 2121,05 35 38.0,-04 48 33.4,2,15.44698,0.5811,6.780879294395504,0.5625439198447906,0.0896731857449002
362,366,R01- 2188,9.74,0.002,9.46,0.002,9.19,0.009,8.4,0.026,6.09,,,,[R2001]  2188,05 35 38.5,-04 59 41.2,1,15.904613,4.1888,3.630811294395505,0.0,0.0
363,367,Par 2144,8.0,0.003,7.64,0.002,7.06,0.01,6.29,0.029,5.15,K2,H97,H,Parenago 2144,05 35 38.9,-05 12 42.0,1,14.361652,4.4971,1.7795507943955045,0.0,0.0
364,368,Par 2143,9.9,0.002,10.05,0.003,10.09,0.025,10.3,0.166,1.17,M2,H97,H,Parenago 2143,05 35 39.1,-05 08 56.4,1,12.99259,,,0.0,0.0
365,369,Par 2136,10.4,0.003,10.5,0.004,10.39,0.009,10.44,0.043,1.69,,,,Parenago 2136,05 35 39.8,-04 44 04.9,1,14.933766,,,0.0,0.0
366,370,SMMV 3465,10.07,0.002,9.68,0.002,9.3,0.007,8.43,0.027,5.79,,,,SMMV 3465,05 35 40.0,-05 06 36.8,1,17.715097,,,0.0,0.0
367,371,Par 2137,10.06,0.002,9.75,0.002,9.48,0.004,8.67,0.003,11.02,K8,R01,H,Parenago 2137,05 35 40.0,-04 45 55.4,1,14.059869,1.9431,4.031767294395504,0.0,0.0
368,372,CHS 11666,11.05,0.021,10.68,0.009,9.97,0.077,8.85,0.142,12.06,,,,[CHS2001] 11666,05 35 40.8,-05 12 47.9,1,18.251984,,,0.0,0.0
369,373,Par 2145,10.19,0.002,10.23,0.003,10.21,0.007,9.94,0.027,5.5,,,,Parenago 2145,05 35 40.8,-04 48 30.5,1,12.514225,0.3054,4.123823294395503,0.0,0.0
370,374,HBJM 10743,12.16,0.011,11.83,0.011,11.61,0.067,10.55,0.161,2.57,,,,[H97b] 10743,05 35 40.8,-05 11 11.9,1,17.458515,,,0.0,0.0
371,375,Par 2155,11.53,0.006,11.5,0.008,11.14,0.053,10.03,0.132,5.47,,,,Parenago 2155,05 35 41.0,-05 06 25.3,1,15.610919,,,0.0,0.0
372,376,JW 956,11.62,0.008,11.34,0.008,11.04,0.04,10.25,0.092,2.82,,,,JW 956,05 35 41.3,-05 38 34.2,1,16.53105,,,0.0,0.0
373,377,R01- 2222,12.42,0.008,12.33,0.01,12.3,0.039,12.02,0.151,3.17,,,,[R2001]  2222,05 35 41.7,-05 49 26.2,1,16.472847,0.623,7.764845294395505,0.37900633683417456,0.0896731857449002
374,378,CHS 11859,10.14,0.003,10.25,0.004,10.2,0.026,10.33,0.111,3.34,K6-K,H97,H,[CHS2001] 11859,05 35 42.8,-05 11 54.8,1,13.424715,1.4016,3.938113294395505,0.0,0.0
375,379,Par 2185,9.57,0.002,9.69,0.002,9.56,0.008,9.66,0.043,1.94,K6-K,H97,H,Parenago 2185,05 35 43.2,-05 36 27.4,1,12.503455,,,0.0,0.0
376,380,Par 2173,9.71,0.003,9.77,0.003,9.73,0.031,9.54,0.108,1.43,K5V,H97,H,Parenago 2173,05 35 43.2,-05 09 17.1,1,13.379795,,,0.0,0.0
377,381,Par 2172,9.71,0.003,9.77,0.003,9.73,0.031,9.54,0.108,1.02,K5V,H97,H,Parenago 2172,05 35 43.2,-05 09 17.1,1,13.379795,,,0.0,0.0
378,382,Par 2184,10.23,0.003,9.88,0.003,9.58,0.011,9.04,0.034,8.07,M1,H97,H,Parenago 2184,05 35 43.4,-05 32 44.1,1,14.584414,,,0.0,0.0
379,383,R01- 2252,12.16,0.008,12.1,0.012,12.1,0.024,12.23,0.077,8.38,M3,R01,L,[R2001]  2252,05 35 44.0,-05 56 53.3,1,16.046516,0.4956,7.465915294395504,0.43476526517978925,0.0896731857449002
380,384,JW 974,10.97,0.004,10.92,0.005,10.54,0.012,9.92,0.034,4.07,M6,H97,L,JW 974,05 35 44.2,-05 36 39.8,1,16.290499,,,0.0,0.0
381,385,HBJM 10772,11.1,0.004,11.06,0.006,11.1,0.018,10.9,0.058,2.76,,,,[H97b] 10772,05 35 44.5,-05 07 31.7,2,14.947291,,,0.0,0.0
382,386,Par 2169,11.29,0.005,11.22,0.006,11.4,0.035,10.59,0.075,6.58,M1,R01,H,Parenago 2169,05 35 44.5,-04 44 15.9,1,14.809444,0.5037,6.220742294395505,0.6670253664969812,0.0896731857449002
383,387,Par 2180,11.15,0.004,11.11,0.006,11.08,0.011,10.95,0.024,7.61,M2.5,R01,L,Parenago 2180,05 35 44.6,-04 50 09.8,1,14.996164,0.6664,6.244762294395505,0.6625449548314519,0.0896731857449002
384,388,CHS 12130,8.69,0.002,8.25,0.002,7.76,0.002,7.3,0.002,3.25,,,,[CHS2001] 12130,05 35 45.9,-06 25 59.2,1,17.008118,4.6989,4.2242152943955045,0.0,0.0
385,389,Par 2210,10.75,0.004,10.92,0.005,10.83,0.034,10.65,0.168,1.1,,,,Parenago 2210,05 35 46.4,-05 41 00.8,1,15.081088,,,0.0,0.0
386,390,R01- 2295,12.46,0.008,12.52,0.013,12.49,0.027,12.22,0.063,4.15,M6,R01,L,[R2001]  2295,05 35 47.1,-06 11 45.3,1,17.94544,,,0.0,0.0
387,391,R01- 2297,12.24,0.007,12.05,0.01,12.06,0.026,11.96,0.078,4.36,,,,[R2001]  2297,05 35 47.4,-05 55 11.3,1,16.016884,0.5696,7.362282294395504,0.45409576068496377,0.0896731857449002
388,392,Par 2207,10.67,0.005,10.65,0.006,10.65,0.048,9.92,0.126,8.18,M1.5,H97,H,Parenago 2207,05 35 47.4,-05 13 18.6,1,14.224385,2.8821,3.2572832943955046,0.0,0.0
389,393,JW 1000,10.12,0.005,9.6,0.004,9.27,0.037,8.19,0.065,7.48,M2,H97,H,JW 1000,05 35 47.6,-05 19 14.5,1,16.839443,4.02,4.734441294395504,0.944262682789587,0.0896731857449002
390,394,JW 1002,10.29,0.002,10.01,0.003,9.89,0.006,9.26,0.019,3.94,M6,H97,L,JW 1002,05 35 47.6,-05 37 38.8,1,16.55643,,,0.0,0.0
391,395,R01- 2304,9.8,0.002,9.59,0.002,9.13,0.003,8.54,0.004,4.79,,,,[R2001]  2304,05 35 48.1,-05 53 57.4,1,15.897102,,,0.0,0.0
392,396,R01- 2308,11.61,0.005,11.71,0.007,11.78,0.02,11.91,0.057,9.29,,,,[R2001]  2308,05 35 48.3,-06 17 59.4,2,15.536064,0.5316,6.919462294395505,0.5366942574905533,0.0896731857449002
393,397,R01- 2318,11.09,0.004,11.15,0.005,11.11,0.021,10.92,0.076,0.93,,,,[R2001]  2318,05 35 48.9,-05 00 28.6,1,16.04725,4.384,3.578249294395505,0.0,0.0
394,398,Par 2215,11.19,0.005,10.75,0.005,10.55,0.014,9.97,0.036,2.66,M1,R01,H,Parenago 2215,05 35 49.0,-05 01 39.4,2,15.354857,0.6247,6.645156294395504,0.5878601110343793,0.0896731857449002
395,399,Par 2235,10.71,0.007,10.65,0.005,10.35,0.064,9.14,0.115,8.63,M0-M0,H97,H,Parenago 2235,05 35 49.5,-05 35 26.3,2,13.926422,1.6349,4.206520294395505,0.0,0.0
396,400,R01- 2337,11.36,0.005,11.59,0.008,11.39,0.033,10.89,0.08,1.55,,,,[R2001]  2337,05 35 50.4,-04 42 08.2,1,16.422377,,,0.0,0.0
397,401,R01- 2342,11.96,0.007,11.52,0.007,11.32,0.022,10.61,0.054,7.42,,,,[R2001]  2342,05 35 50.9,-04 43 23.1,1,17.482258,1.544,7.8532562943955035,0.3625151763130499,0.0896731857449002
398,402,Par 2243,9.58,0.002,9.25,0.002,8.92,0.004,7.94,0.006,4.98,,,,Parenago 2243,05 35 51.1,-05 07 08.9,2,13.564971,,,0.0,0.0
399,403,R01- 2356,11.23,0.005,11.17,0.006,11.16,0.031,10.75,0.081,6.24,M2,R01,H,[R2001]  2356,05 35 52.2,-05 39 24.7,1,16.253263,,,0.0,0.0
400,404,Par 2258,9.62,0.003,9.43,0.002,9.09,0.006,8.19,0.024,7.75,K5-K6,H97,H,Parenago 2258,05 35 52.8,-05 12 59.0,1,14.273129,0.4464,5.741728294395504,0.7563750714512791,0.0896731857449002
401,405,R01- 2366,11.54,0.006,11.44,0.007,11.32,0.027,11.02,0.098,6.62,,,,[R2001]  2366,05 35 53.6,-05 02 34.5,1,16.769266,3.6844,4.999864294395504,0.8947537608447134,0.0896731857449002
402,406,Par 2255,10.01,0.002,9.71,0.002,9.25,0.004,8.67,0.006,5.66,,,,Parenago 2255,05 35 54.1,-04 47 19.4,1,15.153193,,,0.0,0.0
403,407,JW 1025,11.54,0.008,11.26,0.008,10.85,0.066,9.41,0.101,4.52,M5.5,H97,L,JW 1025,05 35 54.2,-05 17 10.4,1,17.470192,,,0.0,0.0
404,408,HBJM 1026,9.54,0.004,9.06,0.003,8.85,0.03,7.9,0.064,4.21,M0.5,H97,H,[H97b] 1026,05 35 54.3,-05 26 44.5,1,14.256231,2.1909,3.9803292943955046,0.0,0.0
405,409,Par 2257,9.94,0.002,10.05,0.003,9.98,0.006,9.9,0.02,1.32,G6,R01,H,Parenago 2257,05 35 54.5,-04 48 04.9,1,11.814171,0.2432,3.4859692943955043,0.0,0.0
406,410,JW 1031,11.46,0.005,11.54,0.007,11.37,0.03,10.69,0.068,8.86,,,,JW 1031,05 35 55.0,-05 13 15.8,1,15.147061,,,0.0,0.0
407,411,Par 2268,10.86,0.004,10.86,0.005,10.94,0.035,10.9,0.177,6.54,K6,R01,H,Parenago 2268,05 35 56.1,-04 56 55.1,1,13.963237,,,0.0,0.0
408,412,R01- 2397,11.52,0.005,11.52,0.006,11.48,0.022,11.44,0.11,0.52,,,,[R2001]  2397,05 35 56.2,-05 52 28.5,2,15.629422,0.5705,6.973920294395505,0.5265362950259151,0.0896731857449002
409,413,R01- 2400,10.0,0.002,9.64,0.002,9.46,0.008,8.9,0.023,4.88,,,,[R2001]  2400,05 35 56.9,-05 45 19.1,1,16.28562,2.7261,5.474518294395503,0.806217319620407,0.0896731857449002
410,414,R01- 2408,11.49,0.006,11.4,0.007,11.49,0.052,10.8,0.137,1.77,M2,R01,H,[R2001]  2408,05 35 57.5,-05 39 51.4,1,15.944698,0.9661,6.893597294395505,0.5415188140149401,0.0896731857449002
411,415,R01- 2410,11.54,0.005,11.63,0.008,11.72,0.019,11.62,0.028,6.09,,,,[R2001]  2410,05 35 57.7,-06 11 24.7,1,15.252483,0.4431,6.724381294395505,0.5730824002043822,0.0896731857449002
412,416,CHS 13140,12.24,0.007,12.3,0.011,12.34,0.026,12.44,0.054,2.27,,,,[CHS2001] 13140,05 35 58.3,-06 22 11.6,1,17.767403,,,0.0,0.0
413,417,HBJM 10874,13.11,0.01,12.56,0.01,12.33,0.038,11.5,0.084,2.8,,,,[H97b] 10874,05 35 58.8,-05 10 14.6,1,18.736795,,,0.0,0.0
414,418,R01- 2424,12.77,0.009,12.38,0.011,12.2,0.024,11.32,0.034,13.94,,,,[R2001]  2424,05 35 58.9,-06 02 39.7,1,17.2182,0.0016,9.131598294395504,0.12406811519471567,0.0896731857449002
415,419,R01- 2425,11.85,0.006,11.82,0.008,11.83,0.026,11.83,0.07,9.09,,,,[R2001]  2425,05 35 59.0,-05 59 08.5,2,15.666935,0.4926,7.089333294395503,0.5050084952163878,0.0896731857449002
416,420,Par 2282,11.5,0.005,11.57,0.008,11.61,0.044,11.42,0.186,8.6,M1,R01,H,Parenago 2282,05 35 59.2,-04 58 46.2,2,15.123196,0.4972,6.540994294395505,0.60728928005317,0.0896731857449002
417,421,JW 1044,11.07,0.007,10.9,0.005,10.42,0.044,9.38,0.094,2.98,M4.5,H97,L,JW 1044,05 35 59.5,-05 37 09.6,1,16.172014,,,0.0,0.0
418,422,Par 2307,8.78,0.003,8.44,0.002,8.17,0.002,7.51,0.002,9.21,,,,Parenago 2307,05 35 59.8,-06 16 06.6,1,13.214391,,,0.0,0.0
419,423,R01- 2434,12.08,0.008,12.29,0.013,12.03,0.037,11.84,0.126,1.01,,,,[R2001]  2434,05 35 59.9,-05 04 30.8,1,17.549625,,,0.0,0.0
420,424,R01- 2436,11.83,0.007,11.79,0.009,11.85,0.029,11.74,0.096,7.96,M2.5,R01,L,[R2001]  2436,05 36 00.2,-04 43 46.0,1,15.883095,0.694,7.104093294395504,0.5022553363410192,0.0896731857449002
421,425,R01- 2437,9.8,0.002,9.91,0.003,9.72,0.005,9.7,0.008,9.47,K6,R01,H,[R2001]  2437,05 36 00.2,-06 03 29.5,1,14.687219,4.0696,2.5326172943955036,0.0,0.0
422,426,Par 2306,10.56,0.004,10.62,0.005,10.52,0.029,10.09,0.087,9.46,,,,Parenago 2306,05 36 00.8,-05 41 06.5,1,14.101925,2.1922,3.824723294395504,0.0,0.0
423,427,Par 2304,10.28,0.002,10.24,0.003,10.32,0.014,10.27,0.058,2.52,,,,Parenago 2304,05 36 02.6,-05 07 36.5,1,13.722716,,,0.0,0.0
424,428,JW 1051,12.15,0.008,11.92,0.009,11.86,0.054,11.1,0.103,2.25,M3,H97,L,JW 1051,05 36 02.8,-05 32 54.4,1,17.515879,,,0.0,0.0
425,429,H97: 1053,11.76,0.008,11.54,0.009,11.26,0.051,10.22,0.089,1.05,M5,H97,L,[H97b] 1053,05 36 03.9,-05 30 18.8,1,16.612507,,,0.0,0.0
426,430,Par 2318,10.34,0.002,10.43,0.003,10.37,0.009,10.22,0.031,1.1,M0,R01,H,Parenago 2318,05 36 04.5,-05 09 28.9,1,13.681243,,,0.0,0.0
427,431,CHS 13694,10.74,0.003,10.64,0.004,10.76,0.009,10.54,0.016,2.54,,,,[CHS2001] 13694,05 36 05.2,-06 25 25.4,1,14.410564,,,0.0,0.0
428,432,Par 2332,9.56,0.002,9.58,0.002,9.51,0.007,9.46,0.03,4.46,K7,R01,H,Parenago 2332,05 36 07.3,-05 40 22.2,1,14.433728,,,0.0,0.0
429,433,H97: 5087,11.13,0.005,11.13,0.006,11.01,0.042,10.79,0.183,0.81,M4,H97,L,[H97b] 5087,05 36 08.7,-05 21 02.2,1,15.340031,,,0.0,0.0
430,434,R01- 2515,11.9,0.008,11.95,0.011,11.92,0.07,10.64,0.118,5.29,,,,[R2001]  2515,05 36 09.0,-05 44 48.0,2,15.721808,0.5117,7.125107294395503,0.49833562898402467,0.0896731857449002
431,435,R01- 2517,10.62,0.003,10.61,0.004,10.55,0.009,10.46,0.031,6.55,M1,R01,H,[R2001]  2517,05 36 09.2,-05 51 02.9,1,15.075407,3.331,3.659405294395505,0.0,0.0
432,436,Par 2348,11.33,0.004,11.4,0.007,11.36,0.016,11.35,0.024,6.95,K8,R01,H,Parenago 2348,05 36 09.4,-05 46 26.6,2,14.52724,0.9799,5.462337294395503,0.8084894217987773,0.0896731857449002
433,437,R01- 2524,10.65,0.003,10.77,0.004,10.73,0.008,10.59,0.016,1.8,,,,[R2001]  2524,05 36 09.5,-06 18 36.3,1,14.296535,,,0.0,0.0
434,438,R01- 2532,13.07,0.01,12.94,0.012,12.89,0.049,12.44,0.129,0.54,,,,[R2001]  2532,05 36 10.0,-05 05 35.4,1,17.773455,,,0.0,0.0
435,439,H97: 5073,10.18,0.003,10.14,0.003,10.02,0.015,10.08,0.076,0.86,K3,H97,H,[H97b] 5073,05 36 10.5,-05 19 44.9,1,13.514942,0.8891,4.540840294395505,0.9803747635054967,0.0896731857449002
436,440,Par 2347,10.18,0.003,10.14,0.003,10.02,0.015,10.08,0.076,6.01,K3,H97,H,Parenago 2347,05 36 10.5,-05 19 44.9,1,13.514942,0.8891,4.540840294395505,0.9803747635054967,0.0896731857449002
437,441,R01- 2553,11.26,0.004,11.28,0.005,11.37,0.02,11.2,0.05,0.34,K3,R01,H,[R2001]  2553,05 36 11.4,-05 38 51.6,1,16.069683,3.3176,4.667081294395505,0.9568272344028108,0.0896731857449002
438,442,R01- 2569,11.6,0.005,11.58,0.006,11.75,0.034,11.3,0.119,4.1,,,,[R2001]  2569,05 36 13.1,-04 55 13.8,1,16.017979,,,0.0,0.0
439,443,Par 2363,11.03,0.004,11.04,0.005,11.14,0.038,10.89,0.142,0.82,M0,R01,H,Parenago 2363,05 36 14.7,-05 37 35.0,1,14.611087,2.4374,4.088685294395503,0.0,0.0
440,444,R01- 2596,11.89,0.006,11.82,0.008,11.72,0.023,11.37,0.077,1.24,,,,[R2001]  2596,05 36 15.8,-04 55 20.2,1,17.141603,,,0.0,0.0
441,445,HBJM 11056,13.8,0.011,13.2,0.014,12.82,0.041,11.84,0.054,3.74,,,,[H97b] 11056,05 36 16.2,-05 07 47.3,1,20.429327,,,0.0,0.0
442,446,CHS 14574,12.37,0.009,12.27,0.012,12.12,0.027,11.73,0.045,2.05,,,,[CHS2001] 14574,05 36 16.3,-05 40 02.2,1,17.01764,,,0.0,0.0
443,447,Par 2368,8.86,0.002,8.61,0.002,8.14,0.002,6.8,0.003,7.41,K6,R01,H,Parenago 2368,05 36 17.0,-05 11 42.8,1,12.598325,,,0.0,0.0
444,448,CHS 14673,11.63,0.005,11.61,0.008,11.51,0.015,11.41,0.024,6.19,,,,[CHS2001] 14673,05 36 17.7,-06 28 36.3,1,15.229865,0.4188,6.726063294395503,0.5727686594706658,0.0896731857449002
445,449,HBJM 11082,11.83,0.006,11.79,0.009,11.75,0.023,11.77,0.056,1.5,,,,[H97b] 11082,05 36 18.8,-05 12 18.3,1,16.127329,0.8263,7.216027294395504,0.4813764687616791,0.0896731857449002
446,450,R01- 2642,12.45,0.008,12.31,0.009,12.44,0.025,12.3,0.06,1.56,,,,[R2001]  2642,05 36 19.3,-05 00 28.4,1,17.342213,,,0.0,0.0
447,451,CHS 14797,10.86,0.003,10.57,0.004,10.2,0.006,9.4,0.007,3.65,,,,[CHS2001] 14797,05 36 19.4,-06 25 51.2,1,16.946981,,,0.0,0.0
448,452,H97: 5002,11.84,0.006,11.54,0.007,11.24,0.018,10.32,0.039,3.94,,,,[H97b] 5002,05 36 19.9,-05 13 06.5,1,17.08172,,,0.0,0.0
449,453,Par 2378,10.56,0.003,10.63,0.004,10.72,0.01,10.52,0.023,10.18,K7,R01,H,Parenago 2378,05 36 20.6,-05 41 39.6,1,13.619318,,,0.0,0.0
450,454,Par 2384,10.47,0.003,10.39,0.003,9.95,0.006,8.99,0.005,5.97,K7,R01,H,Parenago 2384,05 36 24.2,-05 44 48.6,1,13.725049,1.2531,4.386947294395505,0.0,0.0
451,455,H97: 5065,12.13,0.007,12.07,0.009,12.15,0.048,11.83,0.182,1.31,,,,[H97b] 5065,05 36 25.6,-05 18 42.0,1,16.807705,,,0.0,0.0
452,456,R01- 2711,11.17,0.004,11.38,0.007,11.38,0.018,11.19,0.058,9.57,M0.5,R01,H,[R2001]  2711,05 36 25.8,-04 50 19.8,1,14.328652,0.4537,5.789950294395505,0.7473802999575716,0.0896731857449002
453,457,R01- 2715,8.27,0.002,7.88,0.002,7.47,0.001,6.69,0.002,4.36,,,,[R2001]  2715,05 36 26.1,-06 08 03.8,1,14.491327,4.433,1.9733252943955044,0.0,0.0
454,458,R01- 2722,11.09,0.003,11.11,0.005,10.51,0.008,9.86,0.02,2.21,,,,[R2001]  2722,05 36 26.9,-05 56 30.2,1,17.71885,,,0.0,0.0
455,459,R01- 2724,12.5,0.01,12.11,0.011,11.75,0.02,11.03,0.037,2.64,M6,R01,L,[R2001]  2724,05 36 26.9,-04 55 06.2,1,17.546066,,,0.0,0.0
456,460,Par 2390,10.76,0.003,10.73,0.004,10.8,0.01,10.7,0.017,5.08,,,,Parenago 2390,05 36 27.3,-05 46 42.4,1,13.946177,1.1708,4.690374294395504,0.952482428870747,0.0896731857449002
457,461,H97: 5146,10.3,0.002,10.1,0.003,9.82,0.006,9.11,0.016,5.88,M2.5,H97,H,[H97b] 5146,05 36 27.5,-05 30 55.6,1,14.489546,,,0.0,0.0
458,462,R01- 2751,11.52,0.005,11.54,0.007,11.33,0.016,10.95,0.029,5.66,,,,[R2001]  2751,05 36 29.3,-04 53 51.0,1,15.745256,,,0.0,0.0
459,463,H97: 5079,10.8,0.004,10.64,0.004,10.8,0.013,10.74,0.047,5.06,M1,H97,H,[H97b] 5079,05 36 29.7,-05 20 06.8,1,14.720513,2.6677,3.967812294395504,0.0,0.0
460,464,H97: 5078,10.68,0.003,10.8,0.005,10.61,0.012,10.35,0.044,2.46,,,,[H97b] 5078,05 36 30.2,-05 20 06.0,1,14.721642,,,0.0,0.0
