recno,Vmag,Teff,logL,M (Hil97),M (Dav14),M (TESS),M (V),M_e (V),M (iso),M_e (iso),M (G),M_e (G)
3,6.524999294395505,3970.0,-0.328,0.51,0.69,,0.5041978643251775,0.05236065508113028,0.5796703296703296,0.02670241030063397,0.4887392212641187,0.05845925294391721
8,8.744998294395502,3260.0,-0.948,0.26,0.23,0.654,0.25585625821747743,0.05236065508113028,0.18264984227129338,0.02670241030063397,0.0,0.0
14,7.884998294395505,2880.0,-0.158,0.14,0.16,,0.3403016366043042,0.05236065508113028,0.1,0.02670241030063397,0.0,0.0
17,,3360.0,-0.732,,0.29,0.59,0.0,0.0,0.22142857142857145,0.02670241030063397,0.24839635604585386,0.05845925294391721
19,6.724997294395504,3630.0,-0.224,0.28,0.43,,0.4752637175459289,0.05236065508113028,0.36730769230769234,0.02670241030063397,0.5103253272382527,0.05845925294391721
23,6.604998294395504,3940.0,-0.217,0.36,0.63,0.98,0.4926717393082925,0.05236065508113028,0.5631868131868132,0.02670241030063397,0.4977458436827948,0.05845925294391721
27,9.814998294395503,2880.0,-0.888,0.14,0.1,,0.16530588173128866,0.05236065508113028,0.1,0.02670241030063397,0.0,0.0
30,9.184998294395504,3160.0,-0.904,0.22,0.19,,0.2115521200339485,0.05236065508113028,0.15110410094637225,0.02670241030063397,0.0,0.0
31,9.474998294395503,3260.0,-0.924,0.19,0.22,0.646,0.1870048387992548,0.05236065508113028,0.18264984227129338,0.02670241030063397,0.0,0.0
36,5.384997294395504,3700.0,0.179,0.23,0.41,,0.7566893214053997,0.05236065508113028,0.44878048780487806,0.02670241030063397,0.3422311961395048,0.05845925294391721
49,10.464998294395505,3160.0,-0.974,0.13,0.19,0.61,0.13916215300447646,0.05236065508113028,0.15110410094637225,0.02670241030063397,0.0,0.0
52,2.2749982943955036,5210.0,1.004,2.92,2.53,2.41,0.0,0.0,1.0,0.02670241030063397,0.0,0.0
53,6.2449992943955035,4020.0,-0.295,0.67,0.76,,0.5530627452944912,0.05236065508113028,0.6052208835341365,0.02670241030063397,0.41745792794911485,0.05845925294391721
54,11.024998294395504,2840.0,-1.072,0.11,,0.667,0.11715315042644218,0.05236065508113028,0.1,0.02670241030063397,0.0,0.0
67,5.144998294395505,4080.0,0.113,0.59,0.78,0.86,0.8278946584833516,0.05236065508113028,0.7,0.02670241030063397,0.3085978505661026,0.05845925294391721
72,6.894998294395505,3630.0,-0.361,0.3,0.41,,0.45145670070129706,0.05236065508113028,0.36730769230769234,0.02670241030063397,0.2816622377611106,0.05845925294391721
73,8.224999294395504,3160.0,-0.283,0.16,0.24,2.06,0.3078526177315459,0.05236065508113028,0.15110410094637225,0.02670241030063397,0.3468562955979379,0.05845925294391721
76,7.894998294395505,3490.0,-0.587,0.29,0.35,,0.3394283475719861,0.05236065508113028,0.2833333333333333,0.02670241030063397,0.28364181479727946,0.05845925294391721
78,8.374998294395505,3940.0,-0.028,0.2,0.62,,0.29318396999651525,0.05236065508113028,0.5631868131868132,0.02670241030063397,0.32326805288287813,0.05845925294391721
94,,3360.0,-0.204,,0.3,,0.0,0.0,0.22142857142857145,0.02670241030063397,0.5738484525275304,0.05845925294391721
95,7.924996294395504,3260.0,-0.459,0.21,0.27,,0.3368219037988993,0.05236065508113028,0.18264984227129338,0.02670241030063397,0.0,0.0
98,8.604998294395505,3360.0,-0.76,0.23,0.29,,0.27004151106428226,0.05236065508113028,0.22142857142857145,0.02670241030063397,0.2606535985736906,0.05845925294391721
99,,2880.0,-1.072,,,0.647,0.0,0.0,0.1,0.02670241030063397,0.0,0.0
100,8.824998294395504,3260.0,-0.654,0.21,0.24,,0.24808751548161567,0.05236065508113028,0.18264984227129338,0.02670241030063397,0.21379609587060575,0.05845925294391721
106,,3560.0,,,,,0.0,0.0,,0.02670241030063397,0.3781929355965349,0.05845925294391721
128,6.8149982943955045,3770.0,-0.433,0.39,0.52,,0.46320728608941186,0.05236065508113028,0.4618055555555556,0.02670241030063397,0.3351246601733817,0.05845925294391721
139,3.0649982943955045,4550.0,0.79,1.5,1.63,,0.0,0.0,1.3418367346938775,0.02670241030063397,0.0,0.0
142,8.284998294395505,3160.0,-0.309,0.16,0.24,,0.3023648867901711,0.05236065508113028,0.15110410094637225,0.02670241030063397,0.3484118957598143,0.05845925294391721
143,6.744998294395504,3770.0,-0.405,0.38,0.5,,0.4728275844098906,0.05236065508113028,0.4618055555555556,0.02670241030063397,0.3915848676046927,0.05845925294391721
144,10.494998294395502,3020.0,-1.091,0.14,0.13,0.653,0.137739159233678,0.05236065508113028,0.10694006309148266,0.02670241030063397,0.0,0.0
148,7.474998294395505,3490.0,-0.42,0.26,0.36,,0.37908186470899746,0.05236065508113028,0.2833333333333333,0.02670241030063397,0.0,0.0
159,7.844998294395504,3160.0,-0.4,0.16,0.23,,0.34470189987308447,0.05236065508113028,0.15110410094637225,0.02670241030063397,0.38293157852118775,0.05845925294391721
164,6.844996294395504,3425.0,-0.074,0.19,0.31,,0.45847078935906516,0.05236065508113028,0.2523809523809524,0.02670241030063397,0.0,0.0
167,8.984998294395504,3160.0,-0.59,0.18,0.22,,0.2320549223972639,0.05236065508113028,0.15110410094637225,0.02670241030063397,0.0,0.0
168,8.124998294395505,3260.0,-0.377,0.2,0.27,,0.31749287626319767,0.05236065508113028,0.18264984227129338,0.02670241030063397,0.0,0.0
169,8.155000294395505,3425.0,-0.599,0.26,0.31,,0.31505487326122356,0.05236065508113028,0.2523809523809524,0.02670241030063397,0.0,0.0
173,8.764998294395506,3260.0,-0.632,0.21,0.27,,0.25389155799191715,0.05236065508113028,0.18264984227129338,0.02670241030063397,0.0,0.0
174,9.574998294395504,3360.0,-1.045,0.21,0.26,,0.17947253545850858,0.05236065508113028,0.22142857142857145,0.02670241030063397,0.0,0.0
176,7.764998294395504,3360.0,-0.416,0.21,0.31,,0.3518609735923497,0.05236065508113028,0.22142857142857145,0.02670241030063397,0.3704425872577081,0.05845925294391721
177,7.164998294395504,3525.0,-0.442,0.29,0.38,,0.4136895550255281,0.05236065508113028,0.3,0.02670241030063397,0.27208247591158086,0.05845925294391721
184,11.054999294395506,2840.0,-1.141,0.11,,0.556,0.11595520831583915,0.05236065508113028,0.1,0.02670241030063397,0.0,0.0
186,6.4849982943955045,3940.0,-0.252,0.42,0.66,,0.5120313697664315,0.05236065508113028,0.5631868131868132,0.02670241030063397,0.4285914926941182,0.05845925294391721
187,5.144998294395505,4140.0,0.092,0.69,0.82,,0.8278946584833516,0.05236065508113028,0.7,0.02670241030063397,0.7997327677980199,0.05845925294391721
188,6.334998294395504,3940.0,-0.109,0.33,0.64,,0.5376494408788399,0.05236065508113028,0.5631868131868132,0.02670241030063397,0.4708717139008827,0.05845925294391721
192,7.544999294395504,3360.0,-0.236,0.2,0.29,,0.37328233752136986,0.05236065508113028,0.22142857142857145,0.02670241030063397,0.0,0.0
194,4.604999294395505,4760.0,0.228,1.37,1.51,,1.0220712352574914,0.05236065508113028,0.8387434554973823,0.02670241030063397,0.5450424333944399,0.05845925294391721
196,8.924998294395506,3260.0,-0.695,0.2,0.25,,0.23809488409486543,0.05236065508113028,0.18264984227129338,0.02670241030063397,0.22858182233530414,0.05845925294391721
200,8.884998294395503,3360.0,-0.772,0.23,0.28,,0.24179406194161834,0.05236065508113028,0.22142857142857145,0.02670241030063397,0.22272438129285305,0.05845925294391721
203,7.174998294395504,3560.0,-0.352,0.29,0.37,,0.41156904214852047,0.05236065508113028,0.32243589743589746,0.02670241030063397,0.4860705576919173,0.05845925294391721
207,,3700.0,-0.129,,0.44,,0.0,0.0,0.4131944444444445,0.02670241030063397,0.3996555176117899,0.05845925294391721
209,9.014998294395506,3020.0,-0.926,0.2,0.14,0.655,0.2285047424579021,0.05236065508113028,0.10694006309148266,0.02670241030063397,0.0,0.0
216,6.034999294395504,3940.0,0.006,0.3,0.62,,0.5897563175450579,0.05236065508113028,0.5631868131868132,0.02670241030063397,0.0,0.0
229,7.654998294395504,3360.0,-0.592,0.28,0.3,,0.36194810451003717,0.05236065508113028,0.22142857142857145,0.02670241030063397,0.38498057590799767,0.05845925294391721
230,2.414997294395505,4550.0,1.143,1.34,2.08,,0.0,0.0,1.3418367346938775,0.02670241030063397,0.0,0.0
231,7.1149982943955035,3560.0,-0.372,0.28,0.38,,0.42011687177868345,0.05236065508113028,0.32243589743589746,0.02670241030063397,0.4177945275310927,0.05845925294391721
232,10.114998294395503,2840.0,-0.96,0.11,,0.589,0.15264920347244804,0.05236065508113028,0.1,0.02670241030063397,0.0,0.0
233,8.974998294395503,2880.0,-0.604,0.14,0.13,1.97,0.23265195862029767,0.05236065508113028,0.1,0.02670241030063397,0.25087316664351544,0.05845925294391721
235,7.914997294395505,3490.0,-0.598,0.3,0.36,,0.33768848691293857,0.05236065508113028,0.2833333333333333,0.02670241030063397,0.32529584675527823,0.05845925294391721
237,10.074998294395504,2880.0,-0.904,0.12,0.11,,0.1542262340486992,0.05236065508113028,0.1,0.02670241030063397,0.0,0.0
240,6.074998294395504,3970.0,-0.15,0.44,0.67,,0.5837258017184691,0.05236065508113028,0.5796703296703296,0.02670241030063397,0.0,0.0
242,9.684998294395504,3160.0,-0.868,0.17,0.2,,0.17092097783280943,0.05236065508113028,0.15110410094637225,0.02670241030063397,0.0,0.0
250,8.474999294395504,3360.0,-0.609,0.23,0.28,,0.283552289977892,0.05236065508113028,0.22142857142857145,0.02670241030063397,0.0,0.0
251,6.504998294395504,3560.0,-0.443,0.35,0.38,,0.5080995208654797,0.05236065508113028,0.32243589743589746,0.02670241030063397,0.0,0.0
255,9.414998294395504,2800.0,-0.556,0.15,0.11,,0.19137984344999617,0.05236065508113028,0.1,0.02670241030063397,0.2782386402011385,0.05845925294391721
260,8.614998294395503,3360.0,-0.772,0.23,0.28,,0.26934852500568957,0.05236065508113028,0.22142857142857145,0.02670241030063397,0.29265082807311515,0.05845925294391721
265,7.7649962943955035,3630.0,-0.449,0.29,0.43,,0.3518609735923497,0.05236065508113028,0.36730769230769234,0.02670241030063397,0.37304616846861494,0.05845925294391721
274,6.4849982943955045,3770.0,-0.301,0.35,0.51,,0.5120313697664315,0.05236065508113028,0.4618055555555556,0.02670241030063397,0.3119782271639404,0.05845925294391721
300,1.874997294395504,4550.0,1.357,1.52,2.51,,0.0,0.0,1.3418367346938775,0.02670241030063397,0.0,0.0
310,7.6149982943955035,3560.0,-0.605,0.33,0.37,,0.3666282669840486,0.05236065508113028,0.32243589743589746,0.02670241030063397,0.3129945015609833,0.05845925294391721
323,7.354998294395504,3490.0,-0.374,0.25,0.35,,0.3909526332845051,0.05236065508113028,0.2833333333333333,0.02670241030063397,0.32942652963376284,0.05845925294391721
328,4.434997794395505,4760.0,0.296,1.38,1.58,,1.0926857779218853,0.05236065508113028,0.9,0.02670241030063397,0.5010910757572575,0.05845925294391721
330,5.224997294395504,4235.0,0.106,0.69,0.95,,0.8006966624955979,0.05236065508113028,0.6915662650602409,0.02670241030063397,0.5145839055431581,0.05845925294391721
332,7.775000294395504,3360.0,-0.328,0.21,0.3,,0.3509580207526128,0.05236065508113028,0.22142857142857145,0.02670241030063397,0.287012144822387,0.05845925294391721
333,8.714998294395505,3490.0,-0.928,0.3,0.33,,0.2591646022688198,0.05236065508113028,0.2833333333333333,0.02670241030063397,0.21159710726726025,0.05845925294391721
338,6.6949982943955035,3700.0,-0.342,0.33,0.46,,0.4801737032995592,0.05236065508113028,0.4131944444444445,0.02670241030063397,0.3468562955979379,0.05845925294391721
340,9.064998294395503,3020.0,-0.76,0.15,0.15,,0.22385551330425044,0.05236065508113028,0.10694006309148266,0.02670241030063397,0.25483681507111566,0.05845925294391721
342,9.914996294395506,2880.0,-0.864,0.15,0.11,,0.1611124224814569,0.05236065508113028,0.1,0.02670241030063397,0.0,0.0
348,6.604998294395504,3770.0,-0.35,0.37,0.52,,0.4926717393082925,0.05236065508113028,0.4618055555555556,0.02670241030063397,0.26683270711846674,0.05845925294391721
349,5.974997294395504,4140.0,-0.106,0.62,0.86,,0.6020048980004077,0.05236065508113028,0.7,0.02670241030063397,0.5539615198575856,0.05845925294391721
354,7.6849972943955045,3560.0,-0.634,0.34,0.38,,0.3591687332821208,0.05236065508113028,0.32243589743589746,0.02670241030063397,0.354822700096629,0.05845925294391721
366,8.184998294395504,3160.0,-0.638,0.22,0.22,,0.3118332996333996,0.05236065508113028,0.15110410094637225,0.02670241030063397,0.28320073406260066,0.05845925294391721
369,8.064998294395503,3260.0,-0.352,0.19,0.26,,0.3232551706196343,0.05236065508113028,0.18264984227129338,0.02670241030063397,0.34773479058079504,0.05845925294391721
370,6.674998294395504,3940.0,-0.33,0.45,0.66,,0.4826476855887318,0.05236065508113028,0.5631868131868132,0.02670241030063397,0.0,0.0
372,,3160.0,,0.17,,,0.0,0.0,,0.02670241030063397,0.0,0.0
391,8.394998294395505,3020.0,-0.676,0.23,0.16,,0.29168115133416955,0.05236065508113028,0.10694006309148266,0.02670241030063397,0.3147303736012491,0.05845925294391721
395,10.244998294395502,2880.0,-0.932,0.13,,,0.14763437171694038,0.05236065508113028,0.1,0.02670241030063397,0.20605448532362325,0.05845925294391721
396,,3910.0,-0.42,,0.63,,0.0,0.0,0.5467032967032966,0.02670241030063397,0.0,0.0
402,8.904998294395503,3260.0,-0.688,0.2,0.26,,0.23993734422306234,0.05236065508113028,0.18264984227129338,0.02670241030063397,0.0,0.0
405,8.714999294395506,3260.0,-0.932,0.19,0.23,,0.2591646022688198,0.05236065508113028,0.18264984227129338,0.02670241030063397,0.0,0.0
406,7.464998294395505,3770.0,-0.694,0.5,0.51,,0.38005717521906285,0.05236065508113028,0.4618055555555556,0.02670241030063397,0.42489085498639456,0.05845925294391721
407,9.234998294395504,3260.0,-0.819,0.2,0.24,,0.20671597066556133,0.05236065508113028,0.18264984227129338,0.02670241030063397,0.0,0.0
408,,2840.0,,,,,0.0,0.0,,0.02670241030063397,0.0,0.0
417,6.784997294395504,3490.0,-0.144,0.22,0.35,,0.4667917434327709,0.05236065508113028,0.2833333333333333,0.02670241030063397,0.31438070608027413,0.05845925294391721
425,4.264997294395505,4550.0,0.403,1.07,1.44,,1.1772188259659715,0.05236065508113028,1.3418367346938775,0.02670241030063397,0.0,0.0
435,8.234998294395504,3360.0,-0.744,0.2,0.29,,0.3070626000363092,0.05236065508113028,0.22142857142857145,0.02670241030063397,0.296004738670947,0.05845925294391721
460,9.404998294395503,2880.0,-0.61,0.15,0.13,,0.1923658831684281,0.05236065508113028,0.1,0.02670241030063397,0.0,0.0
461,5.774998294395504,4140.0,0.121,0.41,0.83,,0.6519192253005995,0.05236065508113028,0.7,0.02670241030063397,0.6855089515614762,0.05845925294391721
463,3.384997294395504,3940.0,0.989,,0.75,,0.0,0.0,0.6445454545454545,0.02670241030063397,0.0,0.0
470,8.784997294395504,3020.0,-0.408,0.15,0.19,,0.25194194454595426,0.05236065508113028,0.10694006309148266,0.02670241030063397,0.33127206507075097,0.05845925294391721
474,6.724997294395504,3630.0,-0.294,0.28,0.42,,0.4752637175459289,0.05236065508113028,0.36730769230769234,0.02670241030063397,0.0,0.0
478,3.344998294395504,4330.0,0.687,1.11,1.11,,0.0,0.0,0.8,0.02670241030063397,0.0,0.0
479,1.594998294395504,5210.0,1.128,3.04,2.73,,0.0,0.0,1.0,0.02670241030063397,0.0,0.0
489,,3700.0,-0.064,,0.46,,0.0,0.0,0.4131944444444445,0.02670241030063397,0.6507722759259148,0.05845925294391721
515,4.554997294395504,3940.0,0.386,0.31,0.72,,1.043298514022833,0.05236065508113028,0.6709999999999999,0.02670241030063397,0.24477084490946663,0.05845925294391721
518,5.454997294395504,4140.0,0.248,0.38,0.83,,0.7374937198886039,0.05236065508113028,0.7,0.02670241030063397,0.34501041275757904,0.05845925294391721
523,,4020.0,-0.145,,0.71,,0.0,0.0,0.6052208835341365,0.02670241030063397,0.0,0.0
527,10.524998294395504,2840.0,-0.928,0.12,,,0.13668147098676844,0.05236065508113028,0.1,0.02670241030063397,0.0,0.0
537,2.594998294395504,4920.0,0.917,2.42,2.47,,0.0,0.0,0.9,0.02670241030063397,0.6609253203109638,0.05845925294391721
548,5.534999294395504,3630.0,0.183,0.21,0.41,,0.7151006816293707,0.05236065508113028,0.4085106382978724,0.02670241030063397,0.222390323914482,0.05845925294391721
549,8.704997294395506,3260.0,-0.604,0.21,0.24,,0.25983138689757995,0.05236065508113028,0.18264984227129338,0.02670241030063397,0.2635820266086384,0.05845925294391721
554,7.944998294395505,3360.0,-0.395,0.21,0.29,,0.3350954033939768,0.05236065508113028,0.22142857142857145,0.02670241030063397,0.2726805259524123,0.05845925294391721
557,,2880.0,-0.836,,0.12,,0.0,0.0,0.1,0.02670241030063397,0.0,0.0
560,4.474997294395504,4140.0,0.36,0.62,0.79,,1.0759689115493494,0.05236065508113028,0.8899082568807339,0.02670241030063397,0.0,0.0
571,7.934997294395503,3260.0,-0.612,0.25,0.26,,0.33595754452820287,0.05236065508113028,0.18264984227129338,0.02670241030063397,0.3064438104923074,0.05845925294391721
573,,3360.0,,,,,0.0,0.0,,0.02670241030063397,0.22404683864747665,0.05845925294391721
576,3.664998294395504,4020.0,-0.024,1.62,0.73,,0.0,0.0,0.6052208835341365,0.02670241030063397,0.6289880722150955,0.05845925294391721
624,8.804998294395505,3260.0,-0.648,0.21,0.25,,0.25000730202938626,0.05236065508113028,0.18264984227129338,0.02670241030063397,0.22489527212933413,0.05845925294391721
658,,3260.0,-0.622,,0.25,,0.0,0.0,0.18264984227129338,0.02670241030063397,0.21215650281294288,0.05845925294391721
661,9.354997294395504,2880.0,-0.589,0.15,0.17,,0.1958572019532738,0.05236065508113028,0.1,0.02670241030063397,0.0,0.0
662,,4140.0,0.357,,0.79,,0.0,0.0,0.8899082568807339,0.02670241030063397,0.792188846839386,0.05845925294391721
663,2.294998294395505,4550.0,0.964,2.62,1.76,,0.0,0.0,1.3418367346938775,0.02670241030063397,0.0,0.0
665,5.844998294395504,3940.0,0.003,0.35,0.62,,0.6353814186790309,0.05236065508113028,0.5631868131868132,0.02670241030063397,0.5573436712125919,0.05845925294391721
669,7.584998294395504,3360.0,-0.742,0.33,0.29,,0.3694653626501568,0.05236065508113028,0.22142857142857145,0.02670241030063397,0.27805311883871364,0.05845925294391721
677,6.914998294395504,3630.0,-0.376,0.41,0.43,,0.4491425988932652,0.05236065508113028,0.36730769230769234,0.02670241030063397,0.5057222774631118,0.05845925294391721
691,,3260.0,-0.275,,0.26,,0.0,0.0,0.18264984227129338,0.02670241030063397,0.0,0.0
712,9.934998294395504,3020.0,-0.866,0.15,0.15,,0.1602865834860858,0.05236065508113028,0.10694006309148266,0.02670241030063397,0.0,0.0
749,7.714998294395505,3020.0,-0.744,0.23,0.15,,0.3564107046288066,0.05236065508113028,0.10694006309148266,0.02670241030063397,0.36761178715748566,0.05845925294391721
757,3.3549982943955037,4550.0,0.601,1.79,1.54,,0.0,0.0,1.3418367346938775,0.02670241030063397,0.7917926467950686,0.05845925294391721
768,2.1949982943955035,4330.0,1.201,1.19,1.26,,0.0,0.0,1.0,0.02670241030063397,0.0,0.0
769,7.454998294395503,3360.0,-0.38,0.21,0.3,,0.3810349950303625,0.05236065508113028,0.22142857142857145,0.02670241030063397,0.3932645627716064,0.05845925294391721
782,,3260.0,-0.748,,0.24,,0.0,0.0,0.18264984227129338,0.02670241030063397,0.227795516676444,0.05845925294391721
796,9.264998294395506,3160.0,-0.698,0.18,0.22,,0.20355344825655075,0.05236065508113028,0.15110410094637225,0.02670241030063397,0.2516972786410835,0.05845925294391721
818,5.954999294395504,3360.0,-0.458,0.36,0.3,,0.6066634190171932,0.05236065508113028,0.22142857142857145,0.02670241030063397,0.0,0.0
845,,3425.0,-0.386,,0.33,,0.0,0.0,0.2523809523809524,0.02670241030063397,0.2945357570464311,0.05845925294391721
852,2.124998294395505,5030.0,1.119,2.73,2.86,,0.0,0.0,1.0,0.02670241030063397,0.0,0.0
864,8.354998294395505,3425.0,-0.675,0.27,0.33,,0.2954527284244781,0.05236065508113028,0.2523809523809524,0.02670241030063397,0.24775500663219951,0.05845925294391721
882,5.274999294395505,4550.0,0.001,1.17,1.28,,0.7884469019676165,0.05236065508113028,1.3418367346938775,0.02670241030063397,0.6403656288301209,0.05845925294391721
886,7.124998294395505,3300.0,-0.03,0.14,0.31,,0.41903875925452083,0.05236065508113028,0.19526813880126184,0.02670241030063397,0.40747312282604675,0.05845925294391721
907,,3280.0,-0.505,,0.28,,0.0,0.0,0.18895899053627763,0.02670241030063397,0.28214021214564505,0.05845925294391721
911,10.324998294395504,2880.0,-1.064,0.13,,0.587,0.14425940259152326,0.05236065508113028,0.1,0.02670241030063397,0.0,0.0
913,,2840.0,-0.588,,0.1,,0.0,0.0,0.1,0.02670241030063397,0.31120744815426993,0.05845925294391721
920,,3260.0,-0.472,,0.26,,0.0,0.0,0.18264984227129338,0.02670241030063397,0.3567608362341291,0.05845925294391721
926,6.174997294395505,3728.0,-0.161,0.29,0.49,,0.5660017264371805,0.05236065508113028,0.4326388888888889,0.02670241030063397,0.5068620442264324,0.05845925294391721
933,8.874999294395503,3360.0,-0.769,0.23,0.28,0.632,0.24303984908647883,0.05236065508113028,0.22142857142857145,0.02670241030063397,0.0,0.0
965,10.674998294395506,3020.0,-1.161,0.14,0.12,0.631,0.13083949834440614,0.05236065508113028,0.10694006309148266,0.02670241030063397,0.0,0.0
970,5.154998294395504,4080.0,0.175,0.51,0.74,,0.8236509901025743,0.05236065508113028,0.7,0.02670241030063397,0.25862565447130853,0.05845925294391721
971,5.4849982943955045,4140.0,-0.045,0.75,0.83,,0.729952524622886,0.05236065508113028,0.7,0.02670241030063397,0.47898954203999744,0.05845925294391721
994,4.474998294395505,4020.0,0.411,0.47,0.76,,1.0759689115493494,0.05236065508113028,0.756043956043956,0.02670241030063397,0.0,0.0
1008,8.524998294395504,3490.0,-0.686,0.27,0.35,,0.278497732746333,0.05236065508113028,0.2833333333333333,0.02670241030063397,0.26192429846043136,0.05845925294391721
1014,7.294998294395505,4550.0,0.396,0.34,1.46,,0.3970266962601697,0.05236065508113028,1.3418367346938775,0.02670241030063397,0.0,0.0
1020,7.3649982943955035,3425.0,-0.279,0.22,0.36,,0.38994936262671437,0.05236065508113028,0.2523809523809524,0.02670241030063397,0.4310283725921829,0.05845925294391721
1021,7.534998294395503,3260.0,-0.141,0.14,0.26,,0.37424272687496196,0.05236065508113028,0.18264984227129338,0.02670241030063397,0.0,0.0
1024,,3940.0,-0.554,,0.68,,0.0,0.0,0.5631868131868132,0.02670241030063397,0.24565683209961506,0.05845925294391721
1036,9.464998294395505,3160.0,-0.625,0.14,0.23,,0.1874859691346614,0.05236065508113028,0.15110410094637225,0.02670241030063397,0.2520403318021518,0.05845925294391721
1041,9.234998294395504,3020.0,-0.732,0.15,0.15,,0.20671597066556133,0.05236065508113028,0.10694006309148266,0.02670241030063397,0.22216792547477876,0.05845925294391721
1048,6.374998294395505,3770.0,-0.259,0.34,0.51,,0.5307861219152645,0.05236065508113028,0.4618055555555556,0.02670241030063397,0.570794480560191,0.05845925294391721
1061,7.684997794395505,3490.0,-0.504,0.28,0.35,,0.3591687332821208,0.05236065508113028,0.2833333333333333,0.02670241030063397,0.3181604095943163,0.05845925294391721
1068,9.484998294395504,3160.0,-0.944,0.17,0.2,,0.18604627901953766,0.05236065508113028,0.15110410094637225,0.02670241030063397,0.2365839383513222,0.05845925294391721
1075,8.794998294395503,3260.0,-0.641,0.21,0.26,,0.2512954059658042,0.05236065508113028,0.18264984227129338,0.02670241030063397,0.0,0.0
1077,6.224998294395505,3700.0,-0.153,0.28,0.46,,0.5573425350953936,0.05236065508113028,0.4131944444444445,0.02670241030063397,0.43933760311593106,0.05845925294391721
1080,6.834997294395505,3700.0,-0.482,0.39,0.47,,0.4596503535140614,0.05236065508113028,0.4131944444444445,0.02670241030063397,0.3626089324107456,0.05845925294391721
1081,,3020.0,-1.1,,0.13,0.611,0.0,0.0,0.10694006309148266,0.02670241030063397,0.0,0.0
1085,7.234997294395503,3360.0,-0.112,0.18,0.3,,0.40319512934078117,0.05236065508113028,0.22142857142857145,0.02670241030063397,0.27773640689444395,0.05845925294391721
1088,8.364997294395502,3490.0,-0.775,0.3,0.34,,0.2946945315792435,0.05236065508113028,0.2833333333333333,0.02670241030063397,0.0,0.0
1095,8.654998294395503,3260.0,-0.588,0.2,0.27,,0.2652277947910774,0.05236065508113028,0.18264984227129338,0.02670241030063397,0.0,0.0
1103,7.264997294395505,3490.0,-0.335,0.25,0.35,,0.4000990254304078,0.05236065508113028,0.2833333333333333,0.02670241030063397,0.3919006231449368,0.05845925294391721
1108,8.075000294395503,2856.0,-0.5,0.15,0.12,,0.3224256265775923,0.05236065508113028,0.1,0.02670241030063397,0.32237963319120544,0.05845925294391721
1115,,3260.0,,,,,0.0,0.0,,0.02670241030063397,0.0,0.0
1132,,2880.0,-0.852,,0.12,,0.0,0.0,0.1,0.02670241030063397,0.0,0.0
1133,8.354997294395504,3160.0,-0.337,0.16,0.23,,0.2954527284244781,0.05236065508113028,0.15110410094637225,0.02670241030063397,0.0,0.0
1147,,3700.0,,0.3,,,0.0,0.0,,0.02670241030063397,0.6065493241174932,0.05845925294391721
1149,7.134997294395504,3940.0,-0.514,0.54,0.68,,0.4179634134048073,0.05236065508113028,0.5631868131868132,0.02670241030063397,0.28468434452972624,0.05845925294391721
1160,2.544999294395504,5390.0,0.914,2.51,2.2,,0.0,0.0,1.1,0.02670241030063397,0.0,0.0
1163,8.214998294395505,3770.0,-0.433,0.2,0.52,,0.30943875607837673,0.05236065508113028,0.4618055555555556,0.02670241030063397,0.32298063489972006,0.05845925294391721
1165,2.184997794395505,4760.0,0.89,2.68,2.21,,0.0,0.0,0.9,0.02670241030063397,0.0,0.0
1170,,2800.0,-0.732,,,,0.0,0.0,0.1,0.02670241030063397,0.0,0.0
1173,,3260.0,,,,,0.0,0.0,,0.02670241030063397,0.2017139103657478,0.05845925294391721
1180,,2880.0,-0.458,,0.13,,0.0,0.0,0.1,0.02670241030063397,0.27621219016382814,0.05845925294391721
1187,8.004998294395504,3360.0,-0.421,0.22,0.3,,0.3291220469643065,0.05236065508113028,0.22142857142857145,0.02670241030063397,0.4049554196793695,0.05845925294391721
1195,7.564999294395504,3260.0,-0.151,0.14,0.27,,0.3713689462020635,0.05236065508113028,0.18264984227129338,0.02670241030063397,0.42985598384354423,0.05845925294391721
1197,8.594998294395504,3160.0,-0.431,0.17,0.23,,0.27143283655987616,0.05236065508113028,0.15110410094637225,0.02670241030063397,0.27172731531762917,0.05845925294391721
1205,8.684998294395504,3160.0,-0.508,0.18,0.23,,0.2618420515627735,0.05236065508113028,0.15110410094637225,0.02670241030063397,0.3199962360710436,0.05845925294391721
1206,6.524998294395504,3560.0,-0.168,0.25,0.4,,0.5041978643251775,0.05236065508113028,0.32243589743589746,0.02670241030063397,0.47220845710965365,0.05845925294391721
1210,,3940.0,0.024,,0.64,,0.0,0.0,0.5631868131868132,0.02670241030063397,0.47965568596589647,0.05845925294391721
1211,8.494998294395502,3360.0,-0.643,0.23,0.29,,0.2813749140873865,0.05236065508113028,0.22142857142857145,0.02670241030063397,0.3005476728418918,0.05845925294391721
1212,6.504998294395504,3770.0,-0.308,0.35,0.53,,0.5080995208654797,0.05236065508113028,0.4618055555555556,0.02670241030063397,0.4102231156549256,0.05845925294391721
1213,8.314998294395503,3160.0,-0.32,0.16,0.23,,0.2992730738142913,0.05236065508113028,0.15110410094637225,0.02670241030063397,0.4071335185636194,0.05845925294391721
1214,6.354999294395505,3630.0,-0.334,0.34,0.43,,0.5348935275403243,0.05236065508113028,0.36730769230769234,0.02670241030063397,0.46447666690872863,0.05845925294391721
1217,4.694999294395505,3630.0,0.516,0.15,0.41,,0.9859574562714499,0.05236065508113028,0.42121212121212126,0.02670241030063397,0.4557045685749381,0.05845925294391721
1218,7.565000294395505,3490.0,-0.458,0.27,0.35,,0.3713689462020635,0.05236065508113028,0.2833333333333333,0.02670241030063397,0.3489061437298626,0.05845925294391721
1220,,3260.0,-0.1,,0.28,,0.0,0.0,0.18264984227129338,0.02670241030063397,0.32823842086424354,0.05845925294391721
1223,8.124999294395503,3490.0,-0.679,0.3,0.35,,0.31749287626319767,0.05236065508113028,0.2833333333333333,0.02670241030063397,0.3363563167066323,0.05845925294391721
1226,10.414998294395504,2832.0,-0.913,0.12,,0.621,0.1409615863436173,0.05236065508113028,0.1,0.02670241030063397,0.0,0.0
1228,8.394999294395506,3260.0,-0.482,0.2,0.25,,0.29168115133416955,0.05236065508113028,0.18264984227129338,0.02670241030063397,0.3576245063023331,0.05845925294391721
1235,8.024997294395503,3425.0,-0.672,0.3,0.31,,0.32743501491281596,0.05236065508113028,0.2523809523809524,0.02670241030063397,0.34804417692413636,0.05845925294391721
1239,8.244998294395502,3260.0,-0.421,0.2,0.27,,0.3062746097006688,0.05236065508113028,0.18264984227129338,0.02670241030063397,0.3331001382460702,0.05845925294391721
1243,8.574998294395504,3020.0,-0.572,0.21,0.18,,0.27353327723396353,0.05236065508113028,0.10694006309148266,0.02670241030063397,0.32545864659300244,0.05845925294391721
1246,9.024998294395504,2880.0,-0.459,0.15,0.13,,0.22791834890595689,0.05236065508113028,0.1,0.02670241030063397,0.27621219016382814,0.05845925294391721
1249,8.824998294395504,3360.0,-0.824,0.23,0.28,,0.24808751548161567,0.05236065508113028,0.22142857142857145,0.02670241030063397,0.0,0.0
1253,2.7749982943955036,4550.0,0.83,1.95,1.6,,0.0,0.0,1.3418367346938775,0.02670241030063397,0.0,0.0
1264,10.094998294395504,2725.0,-0.48,0.14,0.11,,0.15343569266011503,0.05236065508113028,0.1,0.02670241030063397,0.2027932754957435,0.05845925294391721
1267,8.824998294395504,3160.0,-0.672,0.18,0.21,,0.24808751548161567,0.05236065508113028,0.15110410094637225,0.02670241030063397,0.2888447268142233,0.05845925294391721
1278,,3457.5,-0.323,,0.36,,0.0,0.0,0.26785714285714285,0.02670241030063397,0.0,0.0
1287,6.124997294395504,3970.0,-0.319,0.65,0.69,,0.5747954519118786,0.05236065508113028,0.5796703296703296,0.02670241030063397,0.33803388076729135,0.05845925294391721
1288,,2880.0,-0.764,,0.12,,0.0,0.0,0.1,0.02670241030063397,0.0,0.0
1296,9.134998294395503,3260.0,-0.778,0.2,0.25,,0.21650141180075821,0.05236065508113028,0.18264984227129338,0.02670241030063397,0.0,0.0
1304,8.534998294395505,3360.0,-0.712,0.23,0.29,,0.27707019361383173,0.05236065508113028,0.22142857142857145,0.02670241030063397,0.26374322806518613,0.05845925294391721
1313,7.124998294395505,3560.0,-0.34,0.28,0.38,,0.41903875925452083,0.05236065508113028,0.32243589743589746,0.02670241030063397,0.4291994640245808,0.05845925294391721
1325,6.824998294395504,3630.0,-0.334,0.29,0.43,,0.46083295247875117,0.05236065508113028,0.36730769230769234,0.02670241030063397,0.4716969037586498,0.05845925294391721
1331,8.164998294395504,3160.0,-0.588,0.18,0.22,,0.31343994750929544,0.05236065508113028,0.15110410094637225,0.02670241030063397,0.28440751738519326,0.05845925294391721
1334,5.684997794395505,3260.0,-0.656,0.57,0.24,,0.6757978081638902,0.05236065508113028,0.18264984227129338,0.02670241030063397,0.3157379294970179,0.05845925294391721
1335,10.974998294395503,2840.0,-1.107,0.11,,0.589,0.11927940581045728,0.05236065508113028,0.1,0.02670241030063397,0.0,0.0
1336,8.044998294395503,3160.0,-0.464,0.17,0.23,,0.3249206670045905,0.05236065508113028,0.15110410094637225,0.02670241030063397,0.3610001032354217,0.05845925294391721
1340,9.014998294395506,3260.0,-0.73,0.2,0.24,,0.2285047424579021,0.05236065508113028,0.18264984227129338,0.02670241030063397,0.0,0.0
1350,,2840.0,-1.122,,,0.64,0.0,0.0,0.1,0.02670241030063397,0.0,0.0
1358,,3240.0,-0.564,,0.27,,0.0,0.0,0.17634069400630914,0.02670241030063397,0.3237535579892428,0.05845925294391721
1360,,2880.0,,,,,0.0,0.0,,0.02670241030063397,0.0,0.0
1363,,3020.0,,,,,0.0,0.0,,0.02670241030063397,0.0,0.0
1370,5.794998294395505,4020.0,-0.114,0.58,0.71,,0.6469131884816507,0.05236065508113028,0.6052208835341365,0.02670241030063397,0.5361478671257498,0.05845925294391721
1372,10.124998294395505,2840.0,-0.692,0.13,0.13,,0.15225747195885675,0.05236065508113028,0.1,0.02670241030063397,0.2154124481675141,0.05845925294391721
1381,7.134998294395505,3630.0,-0.4,0.33,0.43,,0.4179634134048073,0.05236065508113028,0.36730769230769234,0.02670241030063397,0.37019557327376534,0.05845925294391721
1403,7.4449982943955035,3560.0,-0.372,0.25,0.38,,0.38201533059888443,0.05236065508113028,0.32243589743589746,0.02670241030063397,0.34245955693988095,0.05845925294391721
1412,10.094998294395504,2880.0,-0.888,0.14,0.1,,0.15343569266011503,0.05236065508113028,0.1,0.02670241030063397,0.0,0.0
1420,9.564998294395503,2800.0,-0.588,0.14,0.1,,0.17993428651124,0.05236065508113028,0.1,0.02670241030063397,0.0,0.0
1423,7.454998294395503,3630.0,-0.576,0.36,0.42,,0.3810349950303625,0.05236065508113028,0.36730769230769234,0.02670241030063397,0.3679388584476363,0.05845925294391721
1437,8.774998294395504,3360.0,-0.868,0.23,0.27,,0.2532400162737963,0.05236065508113028,0.22142857142857145,0.02670241030063397,0.0,0.0
1444,,3020.0,-0.924,,0.14,0.669,0.0,0.0,0.10694006309148266,0.02670241030063397,0.0,0.0
1447,5.964997294395504,4020.0,-0.12,0.62,0.72,,0.6035537499999128,0.05236065508113028,0.6052208835341365,0.02670241030063397,0.5875831770196416,0.05845925294391721
1459,,3700.0,,,,,0.0,0.0,,0.02670241030063397,0.49588172648671586,0.05845925294391721
1461,7.764998294395504,3490.0,-0.524,0.29,0.35,,0.3518609735923497,0.05236065508113028,0.2833333333333333,0.02670241030063397,0.3759398110874164,0.05845925294391721
1468,8.354998294395505,3360.0,-0.68,0.23,0.29,,0.2954527284244781,0.05236065508113028,0.22142857142857145,0.02670241030063397,0.29926402177648803,0.05845925294391721
1473,10.234998294395504,2880.0,-1.064,0.13,,0.6,0.14801420881226798,0.05236065508113028,0.1,0.02670241030063397,0.0,0.0
1484,8.904998294395503,3020.0,-0.616,0.18,0.17,,0.23993734422306234,0.05236065508113028,0.10694006309148266,0.02670241030063397,0.21519108893854658,0.05845925294391721
1487,10.054998294395505,2840.0,-0.816,0.12,0.11,,0.1550208485162146,0.05236065508113028,0.1,0.02670241030063397,0.0,0.0
1490,10.794998294395503,2800.0,-0.824,0.12,,,0.12621642652430543,0.05236065508113028,0.1,0.02670241030063397,0.0,0.0
1491,8.184998294395504,3360.0,-0.492,0.22,0.3,0.627,0.3118332996333996,0.05236065508113028,0.22142857142857145,0.02670241030063397,0.0,0.0
1492,10.394998294395505,3020.0,-1.077,0.14,0.13,0.616,0.14168785782760615,0.05236065508113028,0.10694006309148266,0.02670241030063397,0.0,0.0
1497,10.784997294395504,3020.0,-1.209,0.13,0.12,0.55,0.1265411590393429,0.05236065508113028,0.10694006309148266,0.02670241030063397,0.0,0.0
1506,8.494998294395502,3160.0,-0.54,0.18,0.22,,0.2813749140873865,0.05236065508113028,0.15110410094637225,0.02670241030063397,0.30745045124278475,0.05845925294391721
1553,7.574998294395504,2840.0,-0.805,0.2,0.11,,0.3704159316033153,0.05236065508113028,0.1,0.02670241030063397,0.0,0.0
1571,7.204998294395503,3700.0,-0.441,0.33,0.47,,0.4073605690070335,0.05236065508113028,0.4131944444444445,0.02670241030063397,0.4122232219409178,0.05845925294391721
