Index,Vmag,masses,mass_e,expected masses,binary,membership,period,parallax,ra,dec
3,9.259990748440748,0.5781858564663753,0.013601094896210647,0.62,,1.0,,2.4534,120.05924365258,-61.45287021099
4,10.359990748440746,0.4734364737936123,0.013601094896210647,0.5,,1.0,,2.4961,120.18677788843,-61.41901849113
5,12.599990748440748,0.26012863998725777,0.013601094896210647,0.26,,1.0,,2.6652,120.17571488661,-61.41768944009
6,10.849990748440748,0.42677538514847213,0.013601094896210647,0.45,,1.0,,2.3295,120.19027193943,-61.39769420946
7,9.799990748440747,0.5267634322452007,0.013601094896210647,0.56,,1.0,,2.3655,119.74149323181,-61.5442220473
8,11.499990748440746,0.36487802266002123,0.013601094896210647,0.39,,1.0,,2.3551,119.58420044294,-61.56489698203
9,9.699990748440745,0.5362861033972702,0.013601094896210647,0.56,,1.0,,2.3789,119.73449458192,-61.52009897939
10,7.889990748440747,0.708646451249726,0.013601094896210647,0.7,,1.0,,2.4656,119.31905410583,-61.5273674191
11,11.829990748440748,0.333453207858192,0.013601094896210647,0.35,,1.0,,2.5885,119.44638519583,-61.51038889698
12,8.979990748440747,0.6048493356921697,0.013601094896210647,0.64,,1.0,,2.46,119.64282512855,-61.45219205814
14,11.259990748440748,0.38773243342498764,0.013601094896210647,0.41,,1.0,,2.351,119.82939006885,-61.4665226129
15,11.549990748440747,0.3601166870839865,0.013601094896210647,0.38,,1.0,,2.2445,119.86670116908,-61.43354720559
16,8.369990748440747,0.6629376297197929,0.013601094896210647,0.7,,1.0,,2.2217,120.06279716525,-61.39379708453
17,9.459990748440747,0.5591405141622366,0.013601094896210647,0.59,,1.0,,2.4893,120.1031493548,-61.30152159021
18,10.959990748440747,0.41630044688119594,0.013601094896210647,0.44,,1.0,,2.4734,119.71733007761,-61.39973495043
19,12.539990748440745,0.26584224267849965,0.013601094896210647,0.26,,1.0,,2.5495,119.69586128546,-61.39623022808
20,10.339990748440746,0.4753410080240261,0.013601094896210647,0.5,,1.0,,2.3959,119.8035785791,-61.31937541865
21,12.209990748440747,0.29726705748032844,0.013601094896210647,0.3,,1.0,,2.2087,119.90022281114,-61.35182331059
22,11.889990748440747,0.32773960516695055,0.013601094896210647,0.35,,1.0,,2.3515,120.27942619471,-61.41780873825
23,10.879990748440745,0.42391858380285163,0.013601094896210647,0.47,,1.0,,2.5318,120.29113538554,-61.39765367264
24,10.829990748440748,0.42867991937888594,0.013601094896210647,0.45,,1.0,,2.5163,120.28419980342,-61.39147518971
25,12.579990748440748,0.2620331742176718,0.013601094896210647,0.26,,1.0,,2.3271,120.20648251133,-61.36205155905
26,12.889990748440747,0.23251289364625682,0.013601094896210647,0.23,,1.0,,2.4556,120.13353808727,-61.27604880153
27,11.889990748440747,0.32773960516695055,0.013601094896210647,0.34,,1.0,,2.5801,120.13758017303,-61.25291491547
28,11.889990748440747,0.32773960516695055,0.013601094896210647,0.34,,1.0,,2.4903,120.09190501163,-61.23277629089
29,9.469990748440745,0.5581882470470299,0.013601094896210647,0.6,,1.0,,2.4817,120.13478721221,-61.22051738545
30,9.989990748440748,0.5086703570562687,0.013601094896210647,0.55,,1.0,,2.3645,120.20560689187,-61.20429495893
31,12.329990748440748,0.2858398520978451,0.013601094896210647,0.3,,1.0,,2.6536,120.19645762639,-61.19704105354
32,10.309990748440745,0.47819780936964706,0.013601094896210647,0.51,,1.0,,2.644,120.03891311063,-61.22450072276
34,12.399990748440745,0.279173982291397,0.013601094896210647,0.27,,1.0,,2.2222,120.1133685921,-61.15829574997
35,11.379990748440745,0.37630522804250455,0.013601094896210647,0.39,,1.0,,2.4685,120.22173591495,-61.12172047565
37,9.889990748440747,0.5181930282083383,0.013601094896210647,0.57,,1.0,,2.3781,120.24650635798,-61.10664658516
39,12.079990748440748,0.30964652997801867,0.013601094896210647,0.32,,1.0,,2.5561,120.73510208587,-60.97907796378
40,11.759990748440748,0.3401190776646408,0.013601094896210647,0.36,,1.0,,2.2012,120.63428531597,-60.96465210603
41,10.949990748440745,0.41725271399640285,0.013601094896210647,0.47,,1.0,,3.0076,120.66238577506,-60.95634837925
42,10.919990748440748,0.42010951534202357,0.013601094896210647,0.48,,1.0,,,120.67986492389,-60.88467506341
43,12.669990748440748,0.2534627701808092,0.013601094896210647,0.26,,1.0,,2.6457,120.94816724265,-60.86391194509
44,9.149990748440745,0.588660794733652,0.013601094896210647,0.6,,1.0,,2.4297,120.82428676016,-60.83279143028
45,11.709990748440747,0.34488041324067553,0.013601094896210647,0.35,,1.0,,2.7582,120.92837734825,-60.74375788303
47,10.849990748440748,0.42677538514847213,0.013601094896210647,0.46,,1.0,,2.5324,118.87025946381,-61.22630345188
48,9.529990748440747,0.5524746443557881,0.013601094896210647,0.58,,1.0,,2.3682,118.81830337245,-61.22692295643
49,10.429990748440746,0.46677060398716375,0.013601094896210647,0.5,,1.0,,2.5974,119.2083066314,-61.53879809411
50,9.669990748440748,0.5391429047428908,0.013601094896210647,0.57,,1.0,,2.4754,119.28711234797,-61.48847056785
52,9.519990748440746,0.5534269114709951,0.013601094896210647,0.58,,1.0,,2.498,119.57602270274,-61.35245814129
54,10.619990748440747,0.44867752879823164,0.013601094896210647,0.48,,1.0,,2.2795,119.43630733117,-61.39236958916
55,9.309990748440745,0.5734245208903409,0.013601094896210647,0.6,,1.0,,2.4604,119.40135115067,-61.35808676264
56,11.109990748440746,0.4020164401530919,0.013601094896210647,0.42,,1.0,,2.2388,119.48734209013,-61.31215198836
57,10.909990748440746,0.4210617824572307,0.013601094896210647,0.45,,1.0,,2.6536,119.11754190857,-61.46291054459
60,12.039990748440745,0.31345559843884674,0.013601094896210647,0.32,,1.0,,2.5665,119.48064835741,-61.25335358055
61,10.429990748440746,0.46677060398716375,0.013601094896210647,0.5,,1.0,,1.3803,119.35127681846,-61.2914865083
62,9.349990748440748,0.569615452429513,0.013601094896210647,0.63,,1.0,,2.433,119.39018760104,-61.25503825903
63,9.969990748440745,0.510574891286683,0.013601094896210647,0.52,,1.0,,2.3836,119.72961640993,-61.30950985555
66,10.289990748440745,0.4801023436000609,0.013601094896210647,0.52,,1.0,3.081,2.9723,119.71205083969,-61.19560978954
68,10.859990748440746,0.42582311803326545,0.013601094896210647,0.45,,1.0,,2.1084,119.93909673089,-61.18507977923
69,12.579990748440748,0.2620331742176718,0.013601094896210647,0.27,,1.0,,2.4049,119.85017291051,-61.191077803
77,9.959990748440747,0.5115271584018897,0.013601094896210647,0.54,,1.0,4.943,2.3983,119.76273028354,-61.10674475059
79,12.349990748440748,0.2839353178674313,0.013601094896210647,0.28,,1.0,,2.6197,119.86981972183,-61.08994765868
82,9.739990748440748,0.5324770349364423,0.013601094896210647,0.56,,1.0,,2.488,119.77976768629,-61.08438564795
83,12.099990748440748,0.30774199574760486,0.013601094896210647,0.32,,1.0,,2.4536,119.83034298122,-61.04770469787
84,9.099990748440748,0.5934221303096864,0.013601094896210647,0.62,,1.0,10.17,2.3794,119.79307726025,-61.04875457869
85,12.159990748440746,0.3020283930563632,0.013601094896210647,0.3,,1.0,,2.4406,119.08303885202,-61.3247983551
86,11.739990748440748,0.3420236118950546,0.013601094896210647,0.35,,1.0,,2.4079,119.19166763217,-61.28584584915
87,11.319990748440746,0.3820188307337462,0.013601094896210647,0.4,,1.0,,2.2008,119.15225296364,-61.22149967979
88,10.889990748440747,0.4229663166876445,0.013601094896210647,0.45,,1.0,,2.4335,119.09482415335,-61.20991606305
89,13.199990748440745,0.20299261307484184,0.013601094896210647,0.2,,1.0,,2.8554,119.28912586417,-61.23988264591
92,8.639990748440747,0.6372264176092056,0.013601094896210647,0.66,,1.0,8.039,2.4219,119.29430641771,-61.18770555467
93,12.589990748440746,0.2610809071024649,0.013601094896210647,0.26,,1.0,,2.2775,119.34907089774,-61.14743436505
95,8.899990748440745,0.6124674726138254,0.013601094896210647,0.62,,1.0,,2.4725,118.96634219605,-61.22240907482
97,12.579990748440748,0.2620331742176718,0.013601094896210647,0.25,,1.0,,2.1714,119.08169655852,-61.20153942797
98,9.819990748440746,0.5248588980147869,0.013601094896210647,0.55,,1.0,,2.466,119.14586346169,-61.16896034327
99,12.719990748440745,0.2487014346047749,0.013601094896210647,0.24,,1.0,,2.368,119.11454557748,-61.15131144746
105,12.689990748440747,0.2515582359503954,0.013601094896210647,0.25,,1.0,,2.3434,119.24297686374,-61.03551572287
106,9.389990748440747,0.5658063839686852,0.013601094896210647,0.58,,1.0,8.907,2.3817,119.1626566388,-61.06287636672
111,11.719990748440745,0.3439281461254686,0.013601094896210647,0.37,,1.0,,2.337,119.55257336738,-61.07487368794
112,12.129990748440745,0.30488519440198414,0.013601094896210647,0.32,,1.0,,2.4234,119.38714591266,-61.12355842505
120,11.189990748440747,0.3943983032314362,0.013601094896210647,0.45,,1.0,,2.584,119.54954077931,-61.02826572676
124,10.709990748440747,0.44010712476136926,0.013601094896210647,0.48,,1.0,,2.4954,119.65320823258,-61.0651726999
129,12.059990748440745,0.3115510642084327,0.013601094896210647,0.34,,1.0,,2.3353,119.61344527641,-61.04589563196
131,10.559990748440745,0.4543911314894735,0.013601094896210647,0.48,,1.0,4.08,2.4273,119.71967348698,-61.03387304754
132,12.859990748440746,0.23536969499187776,0.013601094896210647,0.24,,1.0,,2.2809,119.64258773405,-60.99723090457
133,8.859990748440746,0.6162765410746531,0.013601094896210647,0.63,,1.0,4.287,2.4599,119.63575846787,-60.99603408399
139,8.639990748440747,0.6372264176092056,0.013601094896210647,0.65,,1.0,7.377,2.4558,119.74250596883,-60.94238853176
140,9.469990748440745,0.5581882470470299,0.013601094896210647,0.59,,1.0,1.041,2.3608,119.73125662606,-60.93315629783
150,10.789990748440745,0.432488987839714,0.013601094896210647,0.47,,1.0,0.744,2.3623,119.29312688948,-61.02035198701
152,10.889990748440747,0.4229663166876445,0.013601094896210647,0.45,,1.0,,2.5401,119.25531958038,-61.0194125352
163,10.259990748440748,0.4829591449456815,0.013601094896210647,0.53,,1.0,,2.692,118.75987845437,-61.17709589559
164,10.289990748440745,0.4801023436000609,0.013601094896210647,0.5,,1.0,,2.4406,118.77776893634,-61.12035516732
165,10.609990748440746,0.44962979591343877,0.013601094896210647,0.48,,1.0,,2.3945,118.73477561346,-61.08657400217
166,12.669990748440748,0.2534627701808092,0.013601094896210647,0.25,,1.0,,2.5526,118.54418748267,-61.12631178127
167,11.259990748440748,0.38773243342498764,0.013601094896210647,0.42,,1.0,,2.3081,118.58398975135,-61.10728683653
168,11.099990748440748,0.4029687072682986,0.013601094896210647,0.44,,1.0,,2.5725,118.48764595909,-61.10367291126
169,11.139990748440747,0.39915963880747096,0.013601094896210647,0.43,,1.0,,2.4772,118.50307475538,-61.10727503263
170,12.119990748440747,0.30583746151719104,0.013601094896210647,0.3,,1.0,,2.3009,118.08649963845,-61.24339650721
171,12.809990748440745,0.24013103056791252,0.013601094896210647,0.23,,1.0,,2.4734,118.07481494452,-61.18102227348
172,10.499990748440746,0.46010473418071507,0.013601094896210647,0.51,,1.0,,2.4246,117.79476219213,-61.1430468573
173,11.019990748440746,0.4105868441899543,0.013601094896210647,0.47,,1.0,,2.3166,117.98594727199,-61.15943910003
174,11.299990748440747,0.38392336496416,0.013601094896210647,0.42,,1.0,,2.5116,118.11932639515,-61.10091459564
175,11.419990748440748,0.3724961595816767,0.013601094896210647,0.4,,1.0,,2.6853,118.32845756458,-61.12846523984
176,11.899990748440745,0.32678733805174387,0.013601094896210647,0.33,,1.0,,2.3972,118.30358550604,-61.06728141161
177,10.219990748440745,0.48676821340650944,0.013601094896210647,0.52,,1.0,,2.3919,118.34008254496,-61.03688722211
178,12.589990748440746,0.2610809071024649,0.013601094896210647,0.26,,1.0,,2.4263,118.55264029672,-61.03135470609
179,10.249990748440746,0.4839114120608886,0.013601094896210647,0.51,,1.0,,2.3979,118.58817462687,-60.97026783071
181,10.309990748440745,0.47819780936964706,0.013601094896210647,0.51,,1.0,,2.5049,118.55510766729,-60.95330875697
182,9.749990748440746,0.5315247678212355,0.013601094896210647,0.55,,1.0,,2.4121,118.33770572961,-60.97027011254
183,9.369990748440747,0.567710918199099,0.013601094896210647,0.6,,1.0,,2.3995,118.20904889539,-61.00081581717
184,12.049990748440747,0.3125033313236396,0.013601094896210647,0.32,,1.0,,2.4785,118.41457053829,-60.95120377504
185,10.769990748440746,0.4343935220701278,0.013601094896210647,0.47,,1.0,,2.4594,118.86725293325,-61.17484685695
186,9.889990748440747,0.5181930282083383,0.013601094896210647,0.55,,1.0,,2.3656,118.87071955319,-61.07787786623
187,11.449990748440745,0.369639358236056,0.013601094896210647,0.39,,1.0,,2.4121,118.92620445276,-61.0686034245
188,9.849990748440748,0.522002096669166,0.013601094896210647,0.55,,1.0,,2.4473,118.91670455263,-61.02105131117
189,11.619990748440747,0.3534508172775379,0.013601094896210647,0.37,,1.0,,2.5273,118.94898440483,-61.01357421074
190,9.869990748440747,0.5200975624387522,0.013601094896210647,0.57,,1.0,,2.1813,119.12038994441,-61.03359191577
193,10.949990748440745,0.41725271399640285,0.013601094896210647,0.44,,1.0,,2.3476,119.1953042031,-60.9903201817
194,9.289990748440745,0.5753290551207547,0.013601094896210647,0.61,,1.0,13.412,2.4553,119.12405612899,-60.99993551098
195,9.299990748440747,0.5743767880055477,0.013601094896210647,0.63,,1.0,2.785,2.3991,119.13081026601,-60.9924814777
198,11.049990748440747,0.40773004284433334,0.013601094896210647,0.44,,1.0,,2.5173,118.98751463223,-61.01305353855
201,10.179990748440746,0.4905772818673372,0.013601094896210647,0.53,,1.0,,2.4852,118.74796768157,-61.07296493877
202,8.089990748440746,0.6896011089455873,0.013601094896210647,0.7,,1.0,,2.4177,118.85011168047,-61.02919242508
203,11.489990748440748,0.3658302897752279,0.013601094896210647,0.39,,1.0,,2.4142,118.8954243208,-60.97411916571
204,12.439990748440747,0.27536491383056894,0.013601094896210647,0.28,,1.0,,2.387,118.75275597526,-60.99793212216
205,7.969990748440747,0.7010283143280704,0.013601094896210647,0.7,,1.0,,2.4066,118.77090545652,-60.99183222681
206,11.609990748440746,0.35440308439274504,0.013601094896210647,0.37,,1.0,,2.2913,118.82765628906,-60.9472451827
208,9.969990748440745,0.510574891286683,0.013601094896210647,0.54,,1.0,,2.4667,118.96738091381,-60.90095252246
260,9.009990748440748,0.6019925343465488,0.013601094896210647,0.64,,1.0,,2.4031,118.6979081496,-60.9663743118
261,10.539990748440745,0.45629566571988733,0.013601094896210647,0.48,,1.0,,2.4776,118.81044181452,-60.92676225362
262,11.299990748440747,0.38392336496416,0.013601094896210647,0.41,,1.0,,2.5926,118.72353759658,-60.90938174809
263,12.099990748440748,0.30774199574760486,0.013601094896210647,0.34,,1.0,,2.3063,118.68804713815,-60.90995158008
264,9.579990748440748,0.5477133087797532,0.013601094896210647,0.59,,1.0,,2.4264,118.72775067624,-60.83092831089
266,10.479990748440747,0.4620092684111289,0.013601094896210647,0.51,,1.0,,2.4726,118.93179403341,-60.85843362161
268,10.139990748440747,0.4943863503281648,0.013601094896210647,0.52,,1.0,2.437,2.43,118.86453519308,-60.80915929913
269,9.589990748440746,0.5467610416645465,0.013601094896210647,0.58,,1.0,3.238,2.4462,118.86532933875,-60.80378633879
272,10.169990748440748,0.49152954898254386,0.013601094896210647,0.53,,1.0,0.707,2.3974,118.93695797716,-60.73688079986
273,12.169990748440748,0.3010761259411563,0.013601094896210647,0.31,,1.0,,2.4521,118.56816410813,-60.89493497644
274,10.369990748440747,0.4724842066784052,0.013601094896210647,0.5,,1.0,,2.4443,118.57836701717,-60.84892615903
275,12.559990748440745,0.26393770844808584,0.013601094896210647,0.26,,1.0,,2.2069,118.66320211402,-60.84939870849
276,12.859990748440746,0.23536969499187776,0.013601094896210647,0.24,,1.0,,2.4567,118.66626134422,-60.84219900534
277,9.979990748440747,0.5096226241714759,0.013601094896210647,0.55,,1.0,3.692,2.4904,118.6841493231,-60.82975765336
278,11.689990748440747,0.34678494747108934,0.013601094896210647,0.35,,1.0,,2.2258,118.71605486001,-60.82872447895
280,11.639990748440747,0.3515462830471241,0.013601094896210647,0.37,,1.0,,2.3537,118.55834372714,-60.83662124844
282,13.159990748440746,0.20680168153566947,0.013601094896210647,0.2,,1.0,,2.3991,118.52654528923,-60.81082809852
284,10.649990748440745,0.44582072745261114,0.013601094896210647,0.5,,1.0,,2.3413,118.57161137307,-60.77430419243
289,12.299990748440747,0.28869665344346607,0.013601094896210647,0.29,,1.0,,2.6077,118.73977153283,-60.71054913313
290,11.079990748440748,0.4048732414987124,0.013601094896210647,0.44,,1.0,,2.542,118.75857786301,-60.70815863549
291,10.509990748440748,0.45915246706550805,0.013601094896210647,0.49,,1.0,,2.3436,118.84770556702,-60.69751350885
324,10.199990748440745,0.48867274763692337,0.013601094896210647,0.53,,1.0,,1.8906,119.96432916437,-61.13370937298
325,12.459990748440747,0.2734603796001551,0.013601094896210647,0.28,,1.0,,2.1897,119.97561045807,-61.10487560588
332,10.869990748440747,0.4248708509180583,0.013601094896210647,0.45,,1.0,,2.5116,120.31320086608,-60.93637776251
333,9.469990748440745,0.5581882470470299,0.013601094896210647,0.58,,1.0,13.965,2.4207,119.98263342767,-61.04714899248
334,8.999990748440746,0.6029448014617559,0.013601094896210647,0.62,,1.0,7.782,2.3976,119.96864324386,-61.03352089307
335,11.559990748440745,0.3591644199687798,0.013601094896210647,0.37,,1.0,,2.4519,119.97352774193,-61.01150638553
336,11.089990748440746,0.4039209743835057,0.013601094896210647,0.42,,1.0,,2.379,119.89151422957,-60.9853544366
339,9.869990748440747,0.5200975624387522,0.013601094896210647,0.55,,1.0,,2.426,119.93627183836,-60.97503372379
340,12.019990748440746,0.31536013266926055,0.013601094896210647,0.33,,1.0,,2.6934,120.00598735485,-60.9215537907
347,11.239990748440748,0.38963696765540146,0.013601094896210647,0.41,,1.0,,2.3928,120.44658486004,-60.96508614726
348,8.709990748440747,0.630560547802757,0.013601094896210647,0.66,,1.0,7.311,2.44,120.34529587297,-60.88484538523
350,12.089990748440746,0.308694262862812,0.013601094896210647,0.31,,1.0,,2.4375,120.62872446847,-60.81231987521
351,10.319990748440746,0.47724554225443994,0.013601094896210647,0.5,,1.0,,2.3887,120.70146567891,-60.78595072197
352,11.199990748440745,0.3934460361162295,0.013601094896210647,0.45,,1.0,,2.4302,120.6535919294,-60.79052770512
353,10.329990748440748,0.4762932751392329,0.013601094896210647,0.54,,1.0,,2.4516,120.64454128484,-60.7679287988
359,9.439990748440747,0.5610450483926505,0.013601094896210647,0.62,,1.0,,2.4477,120.34691611821,-60.77066362278
360,9.029990748440747,0.600088000116135,0.013601094896210647,0.64,,1.0,,2.3924,120.40153517811,-60.75767999649
361,11.649990748440745,0.3505940159319174,0.013601094896210647,0.37,,1.0,,2.5937,120.56023244659,-60.76216718516
362,9.329990748440748,0.5715199866599268,0.013601094896210647,0.6,,1.0,,2.4187,120.54146192619,-60.711665952
363,10.649990748440745,0.44582072745261114,0.013601094896210647,0.49,,1.0,,,120.60276183772,-60.71037766164
370,9.409990748440746,0.5639018497382714,0.013601094896210647,0.62,,1.0,,1.857,120.3945274573,-60.73122197097
371,12.109990748440746,0.30678972863239795,0.013601094896210647,0.32,,1.0,,2.1299,119.81489552052,-60.98808731397
375,12.579990748440748,0.2620331742176718,0.013601094896210647,0.27,,1.0,,1.8766,119.82120376235,-60.90343025448
376,8.829990748440748,0.6191333424202736,0.013601094896210647,0.67,,1.0,0.615,2.4446,119.72330208711,-60.90666601609
377,10.879990748440745,0.42391858380285163,0.013601094896210647,0.46,,1.0,1.642,2.5169,119.94405560544,-60.8558708036
385,10.439990748440747,0.4658183368719566,0.013601094896210647,0.49,,1.0,2.231,2.4421,120.07573851714,-60.80474669347
391,9.579990748440748,0.5477133087797532,0.013601094896210647,0.59,,1.0,,2.7948,119.73575444867,-60.87105640986
393,9.639990748440747,0.5419997060885118,0.013601094896210647,0.58,,1.0,0.762,2.4447,119.78992994318,-60.84761879187
404,9.179990748440746,0.585803993388031,0.013601094896210647,0.6,,1.0,0.454,2.4817,119.73491015938,-60.7896505663
405,11.629990748440745,0.3524985501623312,0.013601094896210647,0.4,,1.0,,2.4401,119.78769215689,-60.79913403402
409,10.729990748440747,0.43820259053095545,0.013601094896210647,0.48,,1.0,0.58,2.4615,119.91300818361,-60.76032748152
428,11.289990748440745,0.38487563207936715,0.013601094896210647,0.42,,1.0,,2.3153,120.39433171041,-60.69705107093
429,8.709990748440747,0.630560547802757,0.013601094896210647,0.66,,1.0,,2.4594,120.36491545205,-60.69461777643
435,12.379990748440745,0.2810785165218108,0.013601094896210647,0.29,,1.0,,2.5292,120.17630791624,-60.61561323449
439,10.319990748440746,0.47724554225443994,0.013601094896210647,0.5,,1.0,,2.4488,120.3345320254,-60.56738144137
440,9.839990748440746,0.5229543637843731,0.013601094896210647,0.55,,1.0,,2.3776,120.2667305411,-60.5895169943
441,12.189990748440747,0.29917159171074226,0.013601094896210647,0.34,,1.0,,2.2957,120.25403596112,-60.57235815914
443,9.369990748440747,0.567710918199099,0.013601094896210647,0.62,,1.0,,3.4938,120.24092261814,-60.55913850003
446,11.059990748440745,0.40677777572912666,0.013601094896210647,0.43,,1.0,,2.3374,120.88408313155,-60.7405666107
447,8.789990748440745,0.6229424108811017,0.013601094896210647,0.64,,1.0,,2.5387,120.72979729928,-60.65676062205
448,9.189990748440747,0.5848517262728239,0.013601094896210647,0.61,,1.0,,2.4746,120.64714777021,-60.67208017325
449,11.899990748440745,0.32678733805174387,0.013601094896210647,0.34,,1.0,,2.4833,120.69224101233,-60.62080965599
450,12.559990748440745,0.26393770844808584,0.013601094896210647,0.26,,1.0,,2.7716,120.65007257218,-60.6320533769
451,12.049990748440747,0.3125033313236396,0.013601094896210647,0.31,,1.0,,2.4123,120.64616497485,-60.61976483019
474,9.539990748440745,0.5515223772405813,0.013601094896210647,0.58,,1.0,,2.4745,119.87081636783,-60.66154798029
479,9.859990748440746,0.5210498295539592,0.013601094896210647,0.56,,1.0,,2.3077,119.90142307972,-60.5512624848
501,10.709990748440747,0.44010712476136926,0.013601094896210647,0.45,,1.0,,2.4824,120.00886691249,-60.50854309157
503,12.059990748440745,0.3115510642084327,0.013601094896210647,0.31,,1.0,,2.296,120.03818292339,-60.47109019974
506,9.819990748440746,0.5248588980147869,0.013601094896210647,0.58,,1.0,0.44,2.4187,119.96673423787,-60.48700240763
507,10.619990748440747,0.44867752879823164,0.013601094896210647,0.48,,1.0,,2.4256,120.04924103571,-60.41810252418
532,12.459990748440747,0.2734603796001551,0.013601094896210647,0.27,,1.0,,2.6811,117.83694358833,-61.08562436288
534,11.529990748440747,0.3620212213144003,0.013601094896210647,0.37,,1.0,,2.5432,118.00293370078,-61.04039351426
535,12.759990748440748,0.24489236614394683,0.013601094896210647,0.24,,1.0,,2.8845,118.01624387281,-60.92682988914
537,9.989990748440748,0.5086703570562687,0.013601094896210647,0.54,,1.0,,2.4283,118.21129573687,-60.90487873517
538,8.539990748440745,0.6467490887612751,0.013601094896210647,0.66,,1.0,,2.4354,118.26072848683,-60.84050109148
539,9.739990748440748,0.5324770349364423,0.013601094896210647,0.56,,1.0,,2.4411,118.25228411538,-60.80257126702
540,10.559990748440745,0.4543911314894735,0.013601094896210647,0.49,,1.0,,2.5314,118.29291238656,-60.77773519751
542,10.039990748440745,0.5039090214802343,0.013601094896210647,0.53,,1.0,,2.3279,118.29904141322,-60.6941136042
545,10.579990748440748,0.4524865972590595,0.013601094896210647,0.48,,1.0,,2.494,118.51524949722,-60.77615099006
547,10.929990748440746,0.4191572482268169,0.013601094896210647,0.47,,1.0,,2.5036,118.50681576983,-60.75807157128
