Index,Kmag,masses,mass_e,expected masses,binary,membership,period,parallax,ra,dec
11,5.279359821608809,0.2443724691062356,0.012963976336862026,0.289,2,1.0,29.7371,6.9716,246.37370823812,-22.24851449481
13,6.389359821608808,0.15461002965911141,0.012963976336862026,0.252,2,1.0,1.0026,3.5439,246.37478375201,-23.59343055005
17,6.009359821608809,0.1853395134338025,0.012963976336862026,0.143,2,1.0,1.0897,7.266,246.38636250324,-26.19418108663
22,5.939359821608809,0.19100020781335092,0.012963976336862026,0.25,2,1.0,0.2951,0.16,246.40757203964,-24.22883815986
23,6.1293598216088085,0.17563546592600532,0.012963976336862026,0.192,2,1.0,0.555,0.4547,246.40787741747,-24.71851534798
27,5.609359821608809,0.21768633845979324,0.012963976336862026,0.213,2,1.0,0.6164,7.2013,246.42869303711,-23.42402763842
28,4.4993598216088095,0.3074487779069175,0.012963976336862026,0.271,2,2.0,0.4201,7.7264,246.43003718099,-22.50092323831
31,5.889359821608808,0.1950435609415998,0.012963976336862026,0.132,2,1.0,0.8346,6.9509,246.4551492089,-25.91044612363
34,4.1293598216088085,0.33736959105595904,0.012963976336862026,0.155,2,3.0,0.4594,7.1771,246.46049941191,-24.65414944562
38,5.139359821608808,0.25569385786533244,0.012963976336862026,0.197,2,3.0,0.369,7.4109,246.48370745783,-24.50426153961
40,6.06935982160881,0.18048748967990386,0.012963976336862026,0.207,2,1.0,1.806,7.2959,246.48962714672,-24.50894226289
51,4.47935982160881,0.309066119158217,0.012963976336862026,0.28,2,3.0,0.9991,7.1448,246.53881047417,-24.57017119666
54,5.689359821608809,0.2112169734545951,0.012963976336862026,0.247,2,1.0,1.4471,0.2649,246.55766105426,-24.81307201217
55,6.859359821608809,0.11660251025357216,0.012963976336862026,0.181,2,3.0,1.1411,7.2769,246.57020036022,-24.37321825344
62,5.869359821608809,0.19666090219289928,0.012963976336862026,0.175,2,3.0,1.3178,7.7841,246.58177338976,-21.62254419168
63,5.459359821608809,0.22981639784453983,0.012963976336862026,0.28,2,3.0,1.7686,7.4773,246.58319240666,-22.96956242784
65,6.199359821608809,0.1699747715464569,0.012963976336862026,0.229,2,1.0,0.6137,7.4959,246.5839756073,-22.55363915739
68,5.769359821608809,0.20474760844939693,0.012963976336862026,0.269,2,1.0,2.5101,7.3371,246.58970147124,-24.4337237196
70,5.07935982160881,0.2605458816192309,0.012963976336862026,0.289,2,3.0,0.7418,7.5345,246.59252261902,-22.00258308876
74,6.31935982160881,0.1602707240386596,0.012963976336862026,0.264,2,3.0,0.9672,7.1692,246.60017022174,-24.41347230222
80,6.609359821608809,0.13681927589481646,0.012963976336862026,0.174,2,1.0,0.9839,7.217,246.61679819443,-25.44669847697
91,5.5493598216088085,0.2225383622136919,0.012963976336862026,0.204,2,3.0,1.8469,7.0541,246.66519261599,-22.57240040499
96,6.349359821608809,0.15784471216171037,0.012963976336862026,0.188,2,3.0,0.3588,6.418,246.67865161539,-27.12837887192
101,5.97935982160881,0.18776552531075175,0.012963976336862026,0.173,2,1.0,1.9986,7.306,246.68506503472,-24.78725699376
102,6.789359821608809,0.12226320463312057,0.012963976336862026,0.144,2,2.0,0.6008,9.0853,246.68759385545,-24.38562385949
105,5.529359821608809,0.22415570346499142,0.012963976336862026,0.21,2,3.0,0.5179,7.31,246.70043965781,-24.70101466481
108,6.059359821608808,0.18129616030555373,0.012963976336862026,0.187,2,3.0,0.944,7.3593,246.71034915476,-24.23130176078
110,4.339359821608809,0.3203875079173138,0.012963976336862026,0.229,2,3.0,0.8214,7.5524,246.73410095904,-22.23121748917
112,5.839359821608809,0.19908691406984858,0.012963976336862026,0.183,2,2.0,0.6198,7.3251,246.73654944432,-24.2310946161
113,4.519359821608809,0.305831436655618,0.012963976336862026,0.181,2,3.0,0.5201,,246.74348395821,-24.75895126191
122,4.8793598216088085,0.2767192941322264,0.012963976336862026,0.275,2,3.0,0.5255,6.9613,246.78779680536,-24.20033161536
128,5.609359821608809,0.21768633845979324,0.012963976336862026,0.182,2,3.0,0.5123,9.1317,246.80211639342,-27.1895284252
129,6.779359821608809,0.12307187525877039,0.012963976336862026,0.289,2,3.0,1.6401,7.3633,246.80303502875,-25.06728581933
131,5.559359821608808,0.22172969158804218,0.012963976336862026,0.304,2,1.0,1.6968,7.1056,246.80755439918,-24.72556520521
135,5.72935982160881,0.20798229095199594,0.012963976336862026,0.156,2,1.0,0.761,4.9834,246.81840184158,-17.2533095831
141,5.039359821608809,0.2637805641218301,0.012963976336862026,0.292,2,3.0,0.5312,5.7487,246.84549943288,-24.29937743317
142,6.009359821608809,0.1853395134338025,0.012963976336862026,0.149,2,1.0,1.4821,7.3402,246.84566706343,-24.8020997632
150,4.029359821608809,0.3454562973124567,0.012963976336862026,0.301,2,3.0,0.325,7.0478,246.87849951262,-24.41570179748
158,4.759359821608809,0.28642334164002353,0.012963976336862026,0.217,2,3.0,1.9313,7.1591,246.91091642068,-24.64434045235
162,5.1293598216088085,0.2565025284909822,0.012963976336862026,0.247,2,3.0,0.2639,5.8774,246.92039580238,-26.18251883559
164,7.279359821608809,0.08263834397628189,0.012963976336862026,0.181,2,3.0,0.6493,5.8977,246.93080490777,-20.56730844147
165,6.689359821608809,0.13034991088961823,0.012963976336862026,0.14,2,1.0,1.5936,7.298,246.93837874946,-25.05925788986
166,6.199359821608809,0.1699747715464569,0.012963976336862026,0.269,2,1.0,0.5272,6.9161,246.94284199615,-24.52823989134
175,5.81935982160881,0.20070425532114805,0.012963976336862026,0.172,2,1.0,2.6268,0.425,246.97850878068,-28.72768153961
176,6.099359821608809,0.17806147780295462,0.012963976336862026,0.192,2,3.0,0.4224,,246.98024786272,-24.47777790188
181,6.099359821608809,0.17806147780295462,0.012963976336862026,0.207,2,1.0,0.4837,7.2356,247.00036704896,-24.8953325674
183,5.689359821608809,0.2112169734545951,0.012963976336862026,0.299,2,3.0,0.9397,7.2452,247.01396335334,-24.89006063095
186,5.4193598216088095,0.23305108034713884,0.012963976336862026,0.257,2,2.0,0.2543,6.6878,247.03729859372,-28.21576934356
188,5.2993598216088085,0.24275512785493614,0.012963976336862026,0.177,2,3.0,1.0184,6.9767,247.03967085444,-26.23475672148
190,6.73935982160881,0.12630655776136934,0.012963976336862026,0.169,2,1.0,0.4951,,247.04273066909,-19.11612497105
192,5.9193598216088095,0.1926175490646504,0.012963976336862026,0.206,2,1.0,1.435,7.2622,247.04582768316,-24.95367598163
194,6.019359821608809,0.18453084280815274,0.012963976336862026,0.134,2,1.0,0.4513,0.2594,247.05060865852,-24.1576645578
197,6.259359821608809,0.1651227477925583,0.012963976336862026,0.181,2,3.0,1.5945,7.208,247.05298575271,-24.19337398711
200,5.40935982160881,0.23385975097278855,0.012963976336862026,0.212,2,3.0,0.7863,-0.0167,247.06150877068,-24.38964294041
201,5.769359821608809,0.20474760844939693,0.012963976336862026,0.193,2,2.0,0.2621,3.6768,247.06202375164,-22.43871707003
204,5.6693598216088095,0.2128343147058946,0.012963976336862026,0.29,2,1.0,1.575,7.2403,247.06970123781,-24.08745365683
207,5.9993598216088095,0.18614818405945227,0.012963976336862026,0.147,2,3.0,1.7049,0.6368,247.07784857314,-28.6523215326
210,6.4193598216088095,0.15218401778216195,0.012963976336862026,0.27,2,1.0,4.1674,7.1833,247.08964108686,-24.36540415279
211,4.969359821608808,0.2694412585013785,0.012963976336862026,0.186,2,3.0,1.5654,0.4401,247.08986958615,-24.29582636125
212,5.439359821608809,0.2314337390958393,0.012963976336862026,0.257,2,1.0,1.9005,0.0848,247.09200920498,-24.47842677731
215,6.609359821608809,0.13681927589481646,0.012963976336862026,0.127,2,1.0,0.3454,6.8116,247.09723948667,-24.37806986532
216,5.039359821608809,0.2637805641218301,0.012963976336862026,0.289,2,3.0,0.8336,7.1353,247.10124888711,-24.15896951599
217,5.869359821608809,0.19666090219289928,0.012963976336862026,0.303,2,3.0,1.4806,7.4257,247.10332872486,-24.59554479883
219,4.389359821608808,0.3163441547890651,0.012963976336862026,0.297,2,1.0,7.5153,0.0943,247.10456482372,-24.47217357609
220,5.2993598216088085,0.24275512785493614,0.012963976336862026,0.32,2,3.0,0.8547,6.7582,247.13406695562,-24.09690409888
235,4.81935982160881,0.2815713178861249,0.012963976336862026,0.191,2,2.0,1.0318,2.7666,247.21415695399,-24.10310814164
236,5.64935982160881,0.21445165595719412,0.012963976336862026,0.233,2,3.0,1.461,0.6719,247.21670628635,-24.79441395966
244,5.81935982160881,0.20070425532114805,0.012963976336862026,0.161,2,1.0,1.6268,3.9581,247.24704779948,-24.81916716612
245,5.949359821608809,0.19019153718770115,0.012963976336862026,0.204,2,1.0,1.6063,7.2058,247.26634865927,-24.86163156719
266,6.589359821608809,0.13843661714611588,0.012963976336862026,0.144,2,3.0,1.6489,5.4514,247.56526402685,-27.91631129707
270,5.72935982160881,0.20798229095199594,0.012963976336862026,0.29,2,3.0,3.1147,5.9761,247.70679053304,-27.2297140854
282,5.859359821608809,0.19746957281854904,0.012963976336862026,0.304,2,3.0,1.5522,1.4088,248.1184377693,-19.53339393125
286,7.949359821608809,0.028457412057747433,0.012963976336862026,0.125,2,2.0,1.5372,2.8451,248.2602947511,-19.289608657
287,4.48935982160881,0.30825744853256726,0.012963976336862026,0.261,2,2.0,2.2977,8.5509,248.39564791373,-18.5484593368
288,5.709359821608809,0.20959963220329558,0.012963976336862026,0.191,2,3.0,0.6305,6.2967,248.39593367319,-27.26255925605
291,6.22935982160881,0.16754875966950755,0.012963976336862026,0.241,2,3.0,1.8261,7.3663,248.5243495094,-26.97905190055
293,5.57935982160881,0.22011235033674253,0.012963976336862026,0.183,2,1.0,2.4332,0.8359,248.59329026199,-21.90868482536
297,5.789359821608809,0.20313026719809746,0.012963976336862026,0.201,2,3.0,2.2514,0.1233,248.7222903444,-16.7138544484
298,5.699359821608809,0.21040830282894535,0.012963976336862026,0.3,2,1.0,1.1744,6.6138,248.74432473582,-28.73625230072
301,6.97935982160881,0.10689846274577486,0.012963976336862026,0.304,2,3.0,1.351,0.5272,248.84923004818,-22.49859924134
302,5.9193598216088095,0.1926175490646504,0.012963976336862026,0.201,2,1.0,3.65,1.2175,248.92536356368,-23.16784462832
307,5.599359821608809,0.218495009085443,0.012963976336862026,0.27,2,3.0,1.9464,6.8562,249.18516188214,-17.60041146474
310,5.529359821608809,0.22415570346499142,0.012963976336862026,0.184,2,3.0,0.5122,5.1155,249.61899574678,-19.52398742813
311,4.889359821608808,0.27591062350657664,0.012963976336862026,0.184,2,3.0,2.1105,6.4778,249.61932097787,-18.22056627156
316,5.7993598216088085,0.2023215965724477,0.012963976336862026,0.201,2,1.0,1.2936,6.9793,238.75894476785,-23.16398143371
319,5.949359821608809,0.19019153718770115,0.012963976336862026,0.143,2,3.0,1.6454,6.8557,238.78542958651,-23.31430754946
328,5.099359821608809,0.25892854036793145,0.012963976336862026,0.318,2,3.0,1.9677,7.1486,238.92247777993,-20.72097277154
329,6.2993598216088085,0.16188806528995925,0.012963976336862026,0.174,2,3.0,0.9726,7.1784,238.926118506,-25.78005717692
338,5.029359821608809,0.26458923474747986,0.012963976336862026,0.265,2,3.0,1.7674,8.1419,239.00424552719,-23.63571528257
342,5.7993598216088085,0.2023215965724477,0.012963976336862026,0.253,2,3.0,1.9243,5.6264,239.08579048189,-23.60286142821
348,5.47935982160881,0.2281990565932402,0.012963976336862026,0.158,2,3.0,2.1986,7.1269,239.11502446405,-23.64792398079
349,4.539359821608809,0.3042140954043185,0.012963976336862026,0.29,2,3.0,1.1423,6.8927,239.12301718652,-22.94960843104
356,5.859359821608809,0.19746957281854904,0.012963976336862026,0.236,2,3.0,1.6533,7.0899,239.23100088815,-22.97799571212
364,5.22935982160881,0.24841582223448438,0.012963976336862026,0.3,2,3.0,1.8142,7.0541,239.27035859269,-24.92308490353
365,5.509359821608809,0.2257730447162909,0.012963976336862026,0.181,2,3.0,0.7722,6.8807,239.27667778527,-22.10179062285
369,6.219359821608808,0.16835743029515748,0.012963976336862026,0.125,2,1.0,0.3057,7.3033,239.31964175243,-25.48873814033
378,5.39935982160881,0.23466842159843831,0.012963976336862026,0.196,2,3.0,1.2548,4.314,239.40484210898,-22.75706525235
380,6.339359821608809,0.15865338278736008,0.012963976336862026,0.181,2,2.0,0.3899,7.0617,239.41389852364,-22.34938566344
384,5.72935982160881,0.20798229095199594,0.012963976336862026,0.258,2,3.0,1.7251,7.0735,239.44417833662,-22.48907028367
385,5.23935982160881,0.24760715160883462,0.012963976336862026,0.204,2,3.0,0.3628,7.0137,239.44532658791,-22.67347711174
387,6.349359821608809,0.15784471216171037,0.012963976336862026,0.154,2,3.0,1.7205,5.7423,239.45330329823,-23.52738073799
388,3.769359821608809,0.36648173357935065,0.012963976336862026,0.265,2,3.0,0.3236,6.7803,239.45841219069,-23.08607904169
396,6.759359821608809,0.12468921651006981,0.012963976336862026,0.229,2,1.0,1.0369,6.8633,239.55288601997,-23.47691801414
398,4.40935982160881,0.31472681353776544,0.012963976336862026,0.241,2,3.0,3.0965,8.0388,239.56536725166,-20.36039143134
403,5.949359821608809,0.19019153718770115,0.012963976336862026,0.248,2,1.0,1.7179,6.6514,239.59734061357,-21.86646105816
405,6.2493598216088095,0.16593141841820802,0.012963976336862026,0.179,2,3.0,1.1105,7.1499,239.62339096477,-22.18675133246
409,6.439359821608809,0.15056667653086242,0.012963976336862026,0.301,2,1.0,0.8422,6.3646,239.65079035095,-19.77051693134
411,5.2993598216088085,0.24275512785493614,0.012963976336862026,0.269,2,3.0,1.8162,5.9759,239.65375070431,-22.95432138227
416,6.39935982160881,0.15380135903346148,0.012963976336862026,0.174,2,1.0,1.4332,6.9227,239.75296908188,-23.30750637771
417,4.72935982160881,0.28884935351697283,0.012963976336862026,0.17,2,1.0,2.403,7.7619,239.757961509,-26.27592561059
419,5.199359821608809,0.2508418341114338,0.012963976336862026,0.269,2,3.0,0.619,7.4573,239.79945285142,-26.58366708518
424,5.889359821608808,0.1950435609415998,0.012963976336862026,0.145,2,3.0,1.4106,7.0356,239.85792467216,-23.08573271006
426,4.609359821608809,0.2985534010247701,0.012963976336862026,0.306,2,3.0,3.6874,7.1821,239.9343714717,-20.48992502167
431,5.469359821608808,0.22900772721889007,0.012963976336862026,0.303,2,3.0,0.7104,6.4989,239.99769938985,-22.3306568657
435,5.64935982160881,0.21445165595719412,0.012963976336862026,0.272,2,3.0,1.6656,6.9206,240.05065695369,-21.95101280885
440,6.349359821608809,0.15784471216171037,0.012963976336862026,0.123,2,1.0,0.5851,6.6668,240.1095811088,-22.99490355203
443,5.31935982160881,0.2411377866036365,0.012963976336862026,0.281,2,3.0,0.8106,7.0797,240.12270343753,-20.38168794717
445,5.469359821608808,0.22900772721889007,0.012963976336862026,0.246,2,1.0,1.2661,,240.13054485113,-20.45150132234
455,6.059359821608808,0.18129616030555373,0.012963976336862026,0.23,2,3.0,1.7554,7.1625,240.20711693406,-23.64543210005
458,4.81935982160881,0.2815713178861249,0.012963976336862026,0.194,2,3.0,3.906,6.8138,240.22008186365,-24.67744770827
459,6.029359821608809,0.18372217218250297,0.012963976336862026,0.221,2,1.0,2.0221,8.1878,240.27157736852,-22.45878423206
462,5.97935982160881,0.18776552531075175,0.012963976336862026,0.136,2,3.0,1.3834,7.1336,240.29315771477,-22.37445118148
465,5.769359821608809,0.20474760844939693,0.012963976336862026,0.178,2,1.0,1.9662,8.3087,240.32971893126,-23.11107102805
468,5.039359821608809,0.2637805641218301,0.012963976336862026,0.193,2,1.0,5.0729,6.9789,240.36049089156,-23.02632627644
472,5.9993598216088095,0.18614818405945227,0.012963976336862026,0.161,2,1.0,0.7695,7.6733,240.39698538689,-24.72697256294
474,4.9993598216088095,0.2670152466244291,0.012963976336862026,0.319,2,3.0,1.8094,7.1731,240.42069502397,-20.36901743712
477,6.0493598216088085,0.1821048309312035,0.012963976336862026,0.139,2,3.0,0.52,7.0226,240.45622448787,-22.34598559835
479,5.6693598216088095,0.2128343147058946,0.012963976336862026,0.251,2,1.0,2.0304,,240.46447374128,-24.757081157
481,5.219359821608808,0.24922449286013426,0.012963976336862026,0.26,2,3.0,0.6423,7.1863,240.48525681468,-21.6178572487
488,5.869359821608809,0.19666090219289928,0.012963976336862026,0.299,2,1.0,0.946,7.0559,240.51788389319,-20.84526344339
501,5.57935982160881,0.22011235033674253,0.012963976336862026,0.314,2,1.0,1.8105,6.8815,240.59855240444,-22.33882492712
505,6.73935982160881,0.12630655776136934,0.012963976336862026,0.147,2,3.0,1.7984,6.6819,240.63440026432,-22.01361364395
507,6.119359821608809,0.17644413655165508,0.012963976336862026,0.143,2,3.0,1.7422,7.1299,240.64942440064,-23.33818116272
509,6.599359821608809,0.13762794652046617,0.012963976336862026,0.162,2,3.0,1.184,6.8888,240.67257139746,-22.81175541692
510,5.47935982160881,0.2281990565932402,0.012963976336862026,0.317,2,3.0,1.8029,7.1153,240.67294463216,-21.6402833652
517,6.07935982160881,0.1796788190542541,0.012963976336862026,0.174,2,1.0,1.558,6.7428,240.74393111453,-22.9472009515
518,6.07935982160881,0.1796788190542541,0.012963976336862026,0.149,2,3.0,1.7416,0.3066,240.75070891219,-25.76975825398
519,5.4193598216088095,0.23305108034713884,0.012963976336862026,0.207,2,3.0,1.7852,7.1244,240.75666843992,-22.13134815589
521,5.089359821608809,0.2597372109935812,0.012963976336862026,0.222,2,1.0,0.92,7.0371,240.75747059621,-21.86635004978
526,4.459359821608809,0.31068346040951667,0.012963976336862026,0.22,2,1.0,1.0182,10.3798,240.84768072388,-25.75426447528
529,5.349359821608809,0.2387117747266872,0.012963976336862026,0.254,2,1.0,3.2611,7.0039,240.85935044253,-21.92730540233
536,5.509359821608809,0.2257730447162909,0.012963976336862026,0.173,2,3.0,0.7718,6.5998,240.90733782275,-18.75242923107
538,5.22935982160881,0.24841582223448438,0.012963976336862026,0.231,2,1.0,1.8003,6.5734,240.90955258557,-18.90223632047
540,5.56935982160881,0.22092102096239224,0.012963976336862026,0.289,2,3.0,0.9952,6.8216,240.91786805657,-23.59002711901
542,6.269359821608809,0.1643140771669085,0.012963976336862026,0.168,2,1.0,1.8511,7.1395,240.93055804871,-20.25885070722
545,6.2993598216088085,0.16188806528995925,0.012963976336862026,0.149,2,1.0,1.5999,6.9425,240.96000642051,-23.57820061983
547,5.7993598216088085,0.2023215965724477,0.012963976336862026,0.177,2,3.0,1.7776,,240.96559173864,-21.67111091508
550,4.40935982160881,0.31472681353776544,0.012963976336862026,0.182,2,3.0,3.7871,7.0001,240.99024162482,-20.51832505522
558,5.559359821608808,0.22172969158804218,0.012963976336862026,0.245,2,1.0,3.6251,6.4892,241.07247565328,-19.70810087732
564,6.889359821608808,0.11417649837662291,0.012963976336862026,0.121,2,3.0,0.2844,6.4798,241.16518931091,-26.05247817869
565,6.019359821608809,0.18453084280815274,0.012963976336862026,0.245,2,3.0,1.1876,6.6575,241.59920949779,-18.12189109644
567,6.349359821608809,0.15784471216171037,0.012963976336862026,0.197,2,1.0,1.3743,6.6485,241.66372898298,-17.4806164731
574,6.619359821608809,0.13601060526916664,0.012963976336862026,0.207,2,2.0,1.7541,7.2334,241.74732384827,-20.55141084679
577,6.029359821608809,0.18372217218250297,0.012963976336862026,0.242,2,1.0,1.3301,7.3079,241.75210247283,-22.11015917061
580,5.8793598216088085,0.19585223156724957,0.012963976336862026,0.205,2,3.0,0.987,7.0688,241.765491948,-20.71883649676
582,5.47935982160881,0.2281990565932402,0.012963976336862026,0.259,2,1.0,1.2445,6.4526,241.76974189383,-20.26560197916
590,4.139359821608808,0.3365609204303093,0.012963976336862026,0.309,2,1.0,1.1268,10.7392,241.82248446041,-17.87523620777
600,6.769359821608809,0.1238805458844201,0.012963976336862026,0.193,2,3.0,0.9942,7.0613,241.86473914433,-20.30969435805
602,5.48935982160881,0.22739038596759042,0.012963976336862026,0.27,2,3.0,1.8029,0.8798,241.88961961037,-21.90168804956
606,5.269359821608809,0.24518113973188538,0.012963976336862026,0.316,2,3.0,1.5467,7.1613,241.91412057376,-19.29656518746
623,5.97935982160881,0.18776552531075175,0.012963976336862026,0.157,2,1.0,0.2784,7.0097,242.00988172959,-20.37616612963
625,5.029359821608809,0.26458923474747986,0.012963976336862026,0.238,2,1.0,0.7071,7.1021,242.01753557788,-21.48886855874
628,5.7493598216088095,0.20636494970069647,0.012963976336862026,0.285,2,1.0,0.5673,6.4422,242.02540083694,-24.71843631829
629,4.07935982160881,0.3414129441842078,0.012963976336862026,0.152,2,3.0,2.448,6.4412,242.03526233682,-22.4167739192
634,5.689359821608809,0.2112169734545951,0.012963976336862026,0.297,2,3.0,2.6312,7.1534,242.06138855079,-19.14254139672
647,5.769359821608809,0.20474760844939693,0.012963976336862026,0.3,2,1.0,0.7257,,242.09941198778,-19.59787151486
649,6.259359821608809,0.1651227477925583,0.012963976336862026,0.259,2,1.0,1.6873,7.0848,242.11386300062,-22.29157998292
651,5.139359821608808,0.25569385786533244,0.012963976336862026,0.304,2,3.0,2.6303,7.1406,242.12702179274,-23.58649102272
660,4.719359821608808,0.2896580241426227,0.012963976336862026,0.275,2,3.0,4.8533,7.2817,242.17372330102,-18.93639386552
669,5.7493598216088095,0.20636494970069647,0.012963976336862026,0.296,2,3.0,1.8145,7.1438,242.20970920907,-22.05804003231
672,5.609359821608809,0.21768633845979324,0.012963976336862026,0.315,2,3.0,2.832,7.0499,242.23633268516,-20.56284457757
677,6.39935982160881,0.15380135903346148,0.012963976336862026,0.225,2,3.0,1.6151,6.8769,242.25207790683,-27.75549947177
681,6.279359821608809,0.16350540654125878,0.012963976336862026,0.158,2,1.0,0.7705,6.306,242.2569579475,-27.6812577878
686,6.0493598216088085,0.1821048309312035,0.012963976336862026,0.15,2,1.0,1.7439,5.8859,242.26695397892,-19.56687238961
687,5.779359821608809,0.20393893782374722,0.012963976336862026,0.277,2,1.0,1.8192,6.8624,242.26875952536,-22.4146313641
693,5.539359821608809,0.22334703283934165,0.012963976336862026,0.195,2,1.0,1.8996,6.8808,242.28909216937,-22.76650586263
696,7.369359821608809,0.07536030834543406,0.012963976336862026,0.169,2,2.0,0.6223,6.4323,242.31585183996,-19.61849538624
698,4.699359821608809,0.2912753653939222,0.012963976336862026,0.302,2,3.0,1.3957,0.4822,242.33506070834,-16.77797842077
699,5.969359821608808,0.18857419593640162,0.012963976336862026,0.236,2,1.0,0.5626,7.1143,242.33560986024,-19.44230440313
702,6.14935982160881,0.17401812467470568,0.012963976336862026,0.226,2,1.0,1.4668,7.0952,242.33898147212,-21.6597306093
703,6.389359821608808,0.15461002965911141,0.012963976336862026,0.212,2,1.0,1.8066,10.0611,242.36224047772,-25.65238014656
710,5.57935982160881,0.22011235033674253,0.012963976336862026,0.292,2,3.0,1.125,7.3804,242.37953179249,-20.69620192977
713,5.2493598216088095,0.24679848098318485,0.012963976336862026,0.181,2,3.0,1.2944,7.1492,242.3907445881,-19.08237918334
715,5.039359821608809,0.2637805641218301,0.012963976336862026,0.262,2,1.0,1.1663,6.526,242.400327105,-20.94054390327
721,6.14935982160881,0.17401812467470568,0.012963976336862026,0.315,2,2.0,0.8366,7.0449,242.4313673852,-24.71950068197
727,4.459359821608809,0.31068346040951667,0.012963976336862026,0.244,2,3.0,0.6513,6.7783,242.46275771737,-27.37842025682
732,4.64935982160881,0.29531871852217095,0.012963976336862026,0.19,2,1.0,1.1992,6.3049,242.47336040072,-17.91327017782
735,6.179359821608809,0.17159211279775644,0.012963976336862026,0.278,2,1.0,2.5441,7.2209,242.49183033024,-22.40980973332
737,6.97935982160881,0.10689846274577486,0.012963976336862026,0.218,2,3.0,1.5116,7.1403,242.49423631019,-23.5823091239
738,6.089359821608809,0.17887014842860433,0.012963976336862026,0.198,2,1.0,13.649,7.3289,242.49717157881,-18.00262648927
739,5.609359821608809,0.21768633845979324,0.012963976336862026,0.268,2,3.0,0.7567,7.1054,242.49957431111,-21.92860599272
743,5.309359821608808,0.24194645722928637,0.012963976336862026,0.209,2,1.0,0.4985,6.3834,242.51637950411,-27.48008634654
748,7.089359821608809,0.09800308586362749,0.012963976336862026,0.182,2,2.0,0.2112,7.1622,242.54846259101,-23.22345391368
751,5.769359821608809,0.20474760844939693,0.012963976336862026,0.247,2,1.0,0.8799,7.1929,242.56136207747,-19.31938640281
757,5.639359821608808,0.215260326582844,0.012963976336862026,0.302,2,1.0,2.1352,6.3485,242.58969257898,-27.90493422034
761,5.509359821608809,0.2257730447162909,0.012963976336862026,0.293,2,3.0,3.6567,6.4445,242.60304613323,-19.23545225793
764,5.029359821608809,0.26458923474747986,0.012963976336862026,0.217,2,1.0,5.6382,7.2249,242.60933778198,-22.15305482382
765,5.859359821608809,0.19746957281854904,0.012963976336862026,0.295,2,1.0,2.0337,6.9825,242.61036141025,-22.51495965674
767,5.07935982160881,0.2605458816192309,0.012963976336862026,0.201,2,1.0,3.7607,6.5921,242.61742891444,-19.17907576458
780,4.81935982160881,0.2815713178861249,0.012963976336862026,0.279,2,1.0,0.4307,6.2559,242.68573327959,-28.03170905854
781,4.73935982160881,0.28804068289132306,0.012963976336862026,0.305,2,1.0,1.2829,6.3108,242.68655165322,-28.02975891772
782,6.009359821608809,0.1853395134338025,0.012963976336862026,0.264,2,1.0,2.0229,7.073,242.69314556097,-18.68342275236
786,6.23935982160881,0.16674008904385773,0.012963976336862026,0.182,2,1.0,1.3723,7.1649,242.71834471387,-19.6263202856
789,6.40935982160881,0.15299268840781177,0.012963976336862026,0.148,2,1.0,1.5633,7.1684,242.72909234057,-21.43732108366
790,5.6693598216088095,0.2128343147058946,0.012963976336862026,0.19,2,1.0,0.5882,7.1739,242.73407361983,-23.82481988485
795,5.39935982160881,0.23466842159843831,0.012963976336862026,0.161,2,1.0,0.3751,6.7069,242.76993667294,-23.55471848627
798,6.509359821608809,0.14490598215131412,0.012963976336862026,0.233,2,1.0,1.4538,6.3038,242.7809557497,-25.0505782115
803,6.1693598216088095,0.1724007834234062,0.012963976336862026,0.197,2,1.0,1.398,6.4982,242.80541209382,-20.3175913305
811,5.099359821608809,0.25892854036793145,0.012963976336862026,0.199,2,2.0,0.4761,7.2034,242.82551333041,-17.95809162613
814,6.40935982160881,0.15299268840781177,0.012963976336862026,0.182,2,1.0,1.3344,7.0628,242.82942034772,-23.32240570754
816,5.059359821608808,0.26216322287053057,0.012963976336862026,0.213,2,1.0,0.7376,,242.85836320049,-26.53228944605
817,5.72935982160881,0.20798229095199594,0.012963976336862026,0.138,2,1.0,1.2696,6.9124,242.85956839653,-23.66844494415
821,5.059359821608808,0.26216322287053057,0.012963976336862026,0.26,2,3.0,0.7811,7.2182,242.89456610367,-22.3290587141
824,4.889359821608808,0.27591062350657664,0.012963976336862026,0.265,2,1.0,3.7208,6.7427,242.90983664028,-23.11882452652
826,5.22935982160881,0.24841582223448438,0.012963976336862026,0.317,2,3.0,7.7648,7.3899,242.92751822677,-25.43099434553
829,6.109359821608809,0.17725280717730485,0.012963976336862026,0.135,2,1.0,0.9748,7.2804,242.93871105809,-22.90928776036
839,4.289359821608809,0.32443086104556274,0.012963976336862026,0.29,2,3.0,13.3557,5.9549,242.99166057479,-25.42515142814
841,5.779359821608809,0.20393893782374722,0.012963976336862026,0.245,2,1.0,1.7358,7.1772,243.00927977803,-20.29875207857
847,5.209359821608809,0.250033163485784,0.012963976336862026,0.198,2,1.0,0.7794,6.9785,243.03425933005,-20.55053368303
850,5.289359821608809,0.2435637984805859,0.012963976336862026,0.291,2,1.0,5.2152,7.1969,243.05170921405,-19.12207852199
851,5.619359821608809,0.21687766783414353,0.012963976336862026,0.167,2,1.0,1.0829,7.2093,243.0569591662,-24.52703132523
854,6.4993598216088095,0.14571465277696383,0.012963976336862026,0.148,2,1.0,0.6431,7.0144,243.07684299645,-19.39244332196
862,5.4993598216088095,0.22658171534194066,0.012963976336862026,0.163,2,3.0,0.5736,6.8465,243.13973135381,-25.72446021826
868,5.509359821608809,0.2257730447162909,0.012963976336862026,0.166,2,1.0,0.6258,7.0491,243.16472577305,-22.46907139416
870,4.209359821608809,0.33090022605076086,0.012963976336862026,0.32,2,3.0,0.7562,7.1632,243.16751474501,-19.82517183145
871,5.22935982160881,0.24841582223448438,0.012963976336862026,0.22,2,1.0,2.1605,7.4331,243.16877070455,-18.99128273086
890,5.4993598216088095,0.22658171534194066,0.012963976336862026,0.191,2,1.0,1.6579,7.3252,243.29146836914,-19.07424368427
895,6.889359821608808,0.11417649837662291,0.012963976336862026,0.181,2,3.0,1.5494,6.2062,243.30045428093,-23.08435133778
913,6.429359821608809,0.15137534715651224,0.012963976336862026,0.167,2,1.0,0.4643,6.7449,243.40175231545,-23.44089051575
918,4.429359821608809,0.3131094722864659,0.012963976336862026,0.264,2,3.0,2.9538,6.4693,243.4096899603,-21.98117090593
919,5.959359821608809,0.1893828665620514,0.012963976336862026,0.226,2,1.0,0.7152,7.2624,243.40993619851,-24.72542915802
927,4.559359821608808,0.302596754153019,0.012963976336862026,0.317,2,1.0,5.12,6.6376,243.44916637101,-27.79285364346
928,7.009359821608809,0.10447245086882562,0.012963976336862026,0.224,2,1.0,0.8361,6.2248,243.45332182134,-25.15031836235
960,5.259359821608809,0.24598981035753514,0.012963976336862026,0.279,2,1.0,1.7534,6.888,243.66022816203,-23.36046887614
970,5.429359821608809,0.23224240972148907,0.012963976336862026,0.197,2,1.0,2.2417,6.0101,243.71379380163,-23.14777130529
984,5.719359821608808,0.20879096157764587,0.012963976336862026,0.175,2,1.0,0.6584,6.4784,243.7871184212,-23.75147584208
1011,6.3793598216088085,0.15541870028476112,0.012963976336862026,0.124,2,3.0,1.3956,6.4491,243.92125697231,-21.57967907691
1017,5.23935982160881,0.24760715160883462,0.012963976336862026,0.186,2,3.0,1.7039,6.7195,243.96507244235,-22.11256523589
1028,6.359359821608809,0.15703604153606066,0.012963976336862026,0.151,2,3.0,1.5603,6.2708,244.02145176731,-25.13238106025
1030,5.4193598216088095,0.23305108034713884,0.012963976336862026,0.301,2,3.0,1.8496,7.4009,244.03924456051,-21.8631314887
1033,6.029359821608809,0.18372217218250297,0.012963976336862026,0.31,2,1.0,2.1634,6.8487,244.04928974125,-23.27421658962
1037,4.2493598216088095,0.32766554354816174,0.012963976336862026,0.268,2,3.0,0.4632,7.5191,244.07473716841,-23.66330687183
1076,5.449359821608809,0.23062506847018954,0.012963976336862026,0.189,2,1.0,3.3496,6.2781,244.32903659235,-24.62196676119
1091,4.759359821608809,0.28642334164002353,0.012963976336862026,0.316,2,1.0,1.3506,6.0999,244.4050638164,-24.92687122026
1111,6.679359821608809,0.13115858151526805,0.012963976336862026,0.128,2,3.0,0.2843,6.3394,244.68459317849,-27.59190800917
1112,6.279359821608809,0.16350540654125878,0.012963976336862026,0.28,2,1.0,2.8819,7.5664,244.68689954738,-20.52442895874
1125,5.97935982160881,0.18776552531075175,0.012963976336862026,0.247,2,3.0,1.5612,7.4277,244.95349773412,-21.67678100283
1144,5.529359821608809,0.22415570346499142,0.012963976336862026,0.313,2,1.0,1.8322,8.6404,245.11345228767,-21.43535894673
1166,5.719359821608808,0.20879096157764587,0.012963976336862026,0.303,2,1.0,2.7362,7.2569,245.3159606356,-22.66803937812
1168,6.3793598216088085,0.15541870028476112,0.012963976336862026,0.307,2,3.0,0.4139,7.1463,245.32697238192,-22.91620737376
1184,4.759359821608809,0.28642334164002353,0.012963976336862026,0.301,2,1.0,2.3014,7.3524,245.42494042815,-23.22881543652
1187,6.3793598216088085,0.15541870028476112,0.012963976336862026,0.133,2,1.0,1.1663,7.0399,245.47122474057,-20.52443726862
1229,5.869359821608809,0.19666090219289928,0.012963976336862026,0.142,2,1.0,0.6203,7.2499,245.78255655455,-23.01677764367
1268,6.039359821608809,0.18291350155685326,0.012963976336862026,0.119,2,1.0,0.2487,7.265,246.06609868812,-24.45991427836
1271,5.64935982160881,0.21445165595719412,0.012963976336862026,0.277,2,1.0,1.2221,7.0018,246.13035673556,-22.2111892192
1296,4.7493598216088095,0.2872320122656733,0.012963976336862026,0.26,2,3.0,0.4401,,246.28046853048,-24.54087950445
1304,5.82935982160881,0.19989558469549829,0.012963976336862026,0.284,2,1.0,1.6122,7.3631,246.31124161259,-24.93541744415
