recno,EPIC,RAJ2000,DEJ2000,Vmago,Ksmag,(V-Ks)o,VmKsu,E(V-Ks),Ksmag0,(V-Ks)0,Per1,Per2,Per3,Per4,Memb,Disk,Simbad,single,PSS,Vmag,Gmag,Teff,AG,logL,S18_Mass,Tess_Mass,Tess_s_Mass,iso_Mass_calc,iso_Mass_e,rml_Mass_calc,rml_Mass_e
1074,203074940,16 26 25.39,-27 20 42.7,,11.18,,6.42,0.39,11.13,6.03,3.3496,,,,"USco,bronze",no,Simbad,1,0.999983,17.55,10.144135238465816,3415.2,1.4586,-1.5491352948697448,0.189,0.581,0.021,0.24771428571428564,0.013866982803217402,0.14320305367395403,0.009083756291806893
1089,204377821,16 26 39.65,-22 34 20.3,,10.49,,6.94,1.36,10.31,5.57,1.3506,,,,"USco,bronze",no,Simbad,1,0.999999,17.25,9.728967238465817,,,,0.316,,,,0.013866982803217402,0.180862063973748,0.009083756291806893
1109,204464537,16 26 56.18,-22 13 52.1,,12.41,,7.2,0.78,12.31,6.42,0.2843,,,,"USco,gold",maybe,Simbad,1,0.999999,19.51,11.921549238465817,2834.9,0.7439,-2.1765257737350687,0.128,0.324,0.021,0.1,0.013866982803217402,,0.0
1110,203478347,16 26 56.46,-26 00 17.0,,12.01,,7.06,1.37,11.83,5.69,2.8819,,,,"USco,bronze",no,Simbad,1,0.999999,18.89,11.241957238465815,3380.3,1.5281,-1.8038238163770817,0.28,0.449,0.021,0.2310952380952382,0.013866982803217402,,0.0
1123,204565982,16 27 09.40,-21 48 45.9,,11.71,,7.82,2.02,11.45,5.8,1.5612,,,,"USco,gold",yes,Simbad,1,1.0,19.27,11.322485238465816,3313.8,1.7517,-1.9182927237260483,0.247,0.442,0.021,0.199621451104101,0.013866982803217402,,0.0
1142,204608421,16 27 25.51,-21 38 04.0,,11.26,,6.46,0.88,11.15,5.58,1.8322,,,,"USco,bronze",no,Simbad,1,0.999996,17.61,10.227591238465816,3571.3,1.5249,-1.7347103828802517,0.313,0.499,0.021,0.3296794871794873,0.013866982803217402,0.13637374020622825,0.009083756291806893
1164,203751997,16 27 45.21,-25 03 33.1,,11.45,,5.94,0.32,11.41,5.61,2.7362,,,,"USco,bronze",no,Simbad,1,0.999952,17.35,10.171093238465817,,,-1.7101881639902885,0.303,0.486,0.021,,0.013866982803217402,0.1410011027636215,0.009083756291806893
1166,203781195,16 27 47.98,-24 57 13.7,,12.11,,8.43,2.83,11.75,5.6,0.4139,,,,"USco,gold",no,Simbad,1,1.0,20.18,12.563467238465815,,,-1.825940203986945,0.307,0.495,0.035,,0.013866982803217402,,0.0
1182,203798606,16 28 03.36,-24 53 23.6,,10.49,,7.8,2.18,10.21,5.62,2.3014,,,,"USco,bronze",no,Simbad,1,1.0,18.01,10.390063238465816,,,-1.597222919361493,0.301,0.638,0.021,,0.013866982803217402,0.12456841945371566,0.009083756291806893
1185,202828127,16 28 08.95,-28 12 56.6,,12.11,,7.7,1.31,11.94,6.39,1.1663,,,,"USco,bronze",yes,Simbad,1,0.999999,19.64,11.622988238465815,,,-1.940436572270189,0.133,0.42,0.032,,0.013866982803217402,,0.0
1227,203504633,16 28 44.53,-25 54 59.1,,11.6,,6.33,0.0,11.6,6.33,0.6203,0.1565,,,"USco,bronze",maybe,Simbad,1,0.999999,17.93,10.631739238465816,,,-1.954677030191809,0.142,0.391,0.028,,0.013866982803217402,0.108946839161805,0.009083756291806893
1268,202638454,16 30 20.08,-28 55 18.1,,11.77,,6.93,0.44,11.72,6.49,0.2487,0.4455,,,"USco,bronze",no,Simbad,1,0.999999,18.65,10.918600238465814,,,-1.862962557218858,0.119,0.472,0.022,,0.013866982803217402,,0.0
1271,203108627,16 30 49.62,-27 13 46.8,,11.38,,6.34,0.64,11.3,5.69,1.2221,,,,"USco,bronze",no,Simbad,1,0.999992,17.64,10.288900238465816,3428.0,1.2978,-1.6110112028148982,0.277,0.548,0.021,0.2538095238095238,0.013866982803217402,0.13147616488691108,0.009083756291806893
1296,203185083,16 34 35.13,-26 58 03.2,,10.48,,6.26,0.51,10.41,5.75,0.4401,,,,"USco,gold",no,Simbad,1,0.99998,16.67,9.373125238465816,3528.3,1.0777,,0.26,,,,0.013866982803217402,0.22668618560890166,0.009083756291806893
1304,203130129,16 35 44.70,-27 09 20.4,,11.56,,5.67,0.0,11.56,5.67,1.6122,,,,"USco,bronze",no,Simbad,1,0.999726,17.23,10.146865238465816,3341.9,0.7738,-1.6831912368262465,0.284,0.487,0.021,0.21280952380952387,0.013866982803217402,0.14311298758238591,0.009083756291806893
11,205049221,15 55 22.39,-19 39 02.9,,11.01,,6.15,0.49,10.95,5.66,29.7371,3.1976,,,"USco,bronze",no,Simbad,1,0.999996,17.1,9.841712238465815,,,-1.576426467646391,0.289,0.593,0.021,,0.013866982803217402,0.16868454297103558,0.009083756291806893
13,204077926,15 55 30.59,-23 45 21.2,,12.12,,6.19,0.41,12.07,5.78,1.0026,,,,"USco,bronze",no,Simbad,1,0.999998,18.26,10.947058238465814,3239.2,0.9811,-2.1331221760256054,0.252,0.304,0.022,0.17608832807570973,0.013866982803217402,,0.0
17,203544427,15 55 42.29,-25 46 47.7,,11.74,,6.78,0.47,11.68,6.31,1.0897,,,,"USco,bronze",no,Simbad,1,0.999999,18.460001,10.860348238465814,,,-1.844663964888208,0.143,0.469,0.025,,0.013866982803217402,,0.0
22,204862399,15 55 52.72,-20 31 33.5,,11.67,,6.73,0.94,11.55,5.79,0.2951,,,,"USco,bronze",no,Simbad,1,0.999999,18.28,10.895050238465814,,,-1.914709421706124,0.25,0.443,0.021,,0.013866982803217402,,0.0
23,203892828,15 55 53.21,-24 31 25.2,,11.86,,6.02,0.0,11.86,6.02,0.555,,,,"USco,bronze",no,Simbad,1,0.999993,17.88,10.589457238465815,3350.6,1.0095,-1.8127613715314552,0.192,0.458,0.022,0.21695238095238092,0.013866982803217402,0.11151964404873461,0.009083756291806893
27,203890834,15 56 03.72,-24 31 54.4,,11.34,,6.55,0.62,11.26,5.93,0.6164,0.4481,0.5146,,"USco,bronze",no,Simbad,1,0.999987,17.810001,10.865847238465816,,,,0.213,,,,0.013866982803217402,,0.0
28,204041137,15 56 12.13,-23 54 08.0,,10.23,,5.71,0.0,10.23,5.71,0.4201,,,,"USco,silver",no,Simbad,1,0.999832,15.94,8.854549238465815,3426.0,0.9775,-1.473531471941948,0.271,0.614,0.027,0.25285714285714284,0.013866982803217402,0.30068852100435567,0.009083756291806893
31,204269918,15 56 23.39,-22 59 49.4,,11.62,,6.91,0.52,11.56,6.39,0.8346,,,,"USco,bronze",no,Simbad,1,0.999998,18.470001,10.788123238465817,,,-1.87224749254814,0.132,0.464,0.021,,0.013866982803217402,0.10015693302021814,0.009083756291806893
34,204918279,15 56 25.09,-20 16 16.2,,9.86,,6.67,0.44,9.8,6.23,0.4594,0.4665,,,"USco,gold",no,Simbad,1,0.999604,16.470001,9.231930238465816,,,,0.155,,,,0.013866982803217402,0.24677946756140184,0.009083756291806893
38,204963464,15 56 34.24,-20 03 33.4,,10.87,,6.25,0.26,10.83,5.99,0.369,,,,"USco,gold",no,Simbad,1,0.999996,17.08,9.738742238465814,3430.0,1.1108,-1.616364143719666,0.197,0.572,0.021,0.25476190476190474,0.013866982803217402,0.17986243930174906,0.009083756291806893
40,204229193,15 56 40.18,-23 09 29.5,,11.8,,6.17,0.22,11.77,5.95,1.806,,,,"USco,bronze",no,Simbad,1,0.999996,17.94,10.710423238465816,,,-1.85949195718659,0.207,0.443,0.021,,0.013866982803217402,0.10455381024706563,0.009083756291806893
51,204248842,15 57 03.67,-23 04 48.6,,10.21,,5.93,0.25,10.18,5.68,0.9991,0.8303,,,"USco,gold",no,Simbad,1,0.999955,16.11,8.930308238465816,3475.7,1.1021,,0.28,,,,0.013866982803217402,0.2895168938970939,0.009083756291806893
54,204896403,15 57 08.50,-20 22 18.0,,11.42,,5.96,0.16,11.4,5.8,1.4471,2.7884,,,"USco,bronze",no,Simbad,1,0.999994,17.36,10.151512238465816,3315.5,1.0717,-1.8068754134269729,0.247,0.455,0.021,0.20023809523809524,0.013866982803217402,0.1427365781127209,0.009083756291806893
55,204084492,15 57 12.77,-23 43 46.7,,12.59,,6.9,0.82,12.49,6.08,1.1411,,,,"USco,gold",no,Simbad,1,0.999998,19.39,11.761557238465816,,,-2.218963069211088,0.181,0.299,0.022,,0.013866982803217402,,0.0
62,204442667,15 57 28.47,-22 19 05.3,,11.6,,6.35,0.24,11.57,6.11,1.3178,,,,"USco,gold",no,Simbad,1,0.999998,17.92,10.506560238465816,3370.7,1.1812,-1.833273943767509,0.175,0.454,0.021,0.22652380952380943,0.013866982803217402,0.11685892614418573,0.009083756291806893
63,204274743,15 57 29.84,-22 58 44.0,,11.19,,6.17,0.49,11.13,5.69,1.7686,,,,"USco,gold",yes,Simbad,1,0.997153,17.3,10.281025238465816,,,,0.28,,,,0.013866982803217402,0.13212994877670334,0.009083756291806893
65,203800211,15 57 36.83,-24 53 02.9,,11.93,,5.86,0.0,11.93,5.86,0.6137,,,,"USco,bronze",no,Simbad,1,0.999987,17.79,10.595223238465817,,,-2.0888423845900195,0.229,0.307,0.021,,0.013866982803217402,0.1110330048380016,0.009083756291806893
68,204434699,15 57 39.33,-22 20 57.6,,11.5,,6.01,0.28,11.46,5.72,2.5101,,,,"USco,bronze",no,Simbad,1,0.999994,17.470001,10.253275238465816,3323.8,1.1274,-1.7577070872675775,0.269,0.483,0.021,0.20419047619047628,0.013866982803217402,0.13427674278186563,0.009083756291806893
70,203521205,15 57 42.47,-25 51 35.7,,10.81,,5.7,0.05,10.81,5.65,0.7418,,,,"USco,gold",no,Simbad,1,0.999806,16.51,9.414191238465817,3427.6,0.9197,-1.4548166387485022,0.289,0.621,0.021,0.2536190476190476,0.013866982803217402,0.22085619164817394,0.009083756291806893
74,203839698,15 57 47.56,-24 44 12.4,,12.05,,6.06,0.32,12.01,5.74,0.9672,,,,"USco,gold",no,Simbad,1,0.999992,18.07,10.798825238465817,3380.4,0.9911,-1.836540458659017,0.264,0.441,0.022,0.2311428571428572,0.013866982803217402,,0.0
80,204849054,15 57 56.02,-20 35 10.5,,12.34,,6.46,0.34,12.3,6.12,0.9839,,,,"USco,bronze",no,Simbad,1,0.999998,18.76,11.398350238465817,,,-1.896196284292576,0.174,0.436,0.023,,0.013866982803217402,,0.0
91,204553379,15 58 23.36,-21 51 59.1,,11.28,,6.38,0.42,11.23,5.96,1.8469,,,,"USco,gold",no,Simbad,1,0.999998,17.61,10.311070238465817,,,-1.7366006477624436,0.204,0.524,0.022,,0.013866982803217402,0.12975627137193277,0.009083756291806893
96,204066097,15 58 35.97,-23 48 14.0,,12.08,,6.32,0.28,12.04,6.04,0.3588,,,,"USco,gold",no,Simbad,1,0.999998,18.36,11.032694238465815,,,-2.07727454523862,0.188,0.343,0.021,,0.013866982803217402,,0.0
101,204238921,15 58 39.87,-23 07 10.8,,11.71,,6.12,0.0,11.71,6.12,1.9986,,,,"USco,bronze",no,Simbad,1,0.999998,17.83,10.585282238465815,3318.4,1.0496,-1.7166987506685698,0.173,0.526,0.026,0.20161904761904767,0.013866982803217402,0.1117952265653377,0.009083756291806893
102,204594600,15 58 48.10,-21 41 34.2,,12.52,,6.84,0.53,12.45,6.31,0.6008,,,,"USco,silver",no,Simbad,1,0.999999,19.29,11.635464238465817,,,-2.341988585492948,0.144,0.243,0.021,,0.013866982803217402,,0.0
105,203397761,15 59 01.92,-26 16 33.1,,11.26,,5.94,0.0,11.26,5.94,0.5179,0.5938,,,"USco,gold",no,Simbad,1,0.999995,17.2,10.022828238465816,,,-1.7945249701942907,0.21,0.464,0.031,,0.013866982803217402,0.15338206159307635,0.009083756291806893
108,204367110,15 59 12.43,-22 36 50.4,,11.79,,6.56,0.52,11.72,6.04,0.944,,,,"USco,gold",no,Simbad,1,0.999998,18.28,10.776322238465816,,,-1.8807441231339528,0.187,0.428,0.022,,0.013866982803217402,0.10087331882070395,0.009083756291806893
110,204477741,15 59 18.38,-22 10 43.2,16.27,10.07,6.19,6.19,0.33,10.03,5.86,0.8214,0.7623,,,"USco,gold",no,Simbad,1,0.999982,16.22,8.843879238465815,,,,0.229,,,,0.013866982803217402,0.3023699487681351,0.009083756291806893
112,204247509,15 59 25.90,-23 05 08.3,,11.57,,6.62,0.56,11.5,6.06,0.6198,,,,"USco,silver",no,Simbad,1,0.999999,18.119999,10.721535238465815,,,-1.861381580746021,0.183,0.474,0.022,,0.013866982803217402,0.1038398729173774,0.009083756291806893
113,203462615,15 59 38.05,-26 03 23.6,,10.25,,6.24,0.16,10.23,6.08,0.5201,0.4421,,,"USco,gold",no,Simbad,1,0.999988,16.47,8.956816238465816,3475.6,1.0185,-1.4595453713086113,0.181,0.642,0.021,0.27647619047619043,0.013866982803217402,0.2857779796002534,0.009083756291806893
122,204096760,16 00 07.04,-23 40 49.0,,10.61,,6.16,0.46,10.55,5.7,0.5255,1.8177,,,"USco,gold",no,Simbad,1,0.999998,16.71,9.537035238465815,,,-1.6031035361084944,0.275,0.589,0.023,,0.013866982803217402,0.2031342418819898,0.009083756291806893
128,204270520,16 00 26.30,-22 59 41.4,,11.34,,6.49,0.42,11.28,6.07,0.5123,,,,"USco,gold",no,Simbad,1,0.999998,17.77,10.412004238465816,,,-1.7500682349652408,0.182,0.529,0.022,,0.013866982803217402,0.12303181291693702,0.009083756291806893
129,204769599,16 00 26.69,-20 56 31.8,18.6,12.51,6.09,6.09,0.44,12.45,5.65,1.6401,,,,"USco,gold",yes,Simbad,1,0.999998,18.54,11.568375238465816,,,-2.009217327075904,0.289,0.367,0.023,,0.013866982803217402,,0.0
131,204894208,16 00 29.45,-20 22 53.9,,11.29,,6.29,0.69,11.2,5.61,1.6968,,,,"USco,bronze",yes,Simbad,1,0.999998,17.49,10.324123238465816,,,-1.7117507790533646,0.304,0.523,0.021,,0.013866982803217402,0.1288368644289586,0.009083756291806893
135,205153472,16 00 34.53,-19 08 16.1,,11.46,,6.65,0.42,11.4,6.22,0.761,,,,"USco,bronze",no,Simbad,1,0.999999,18.05,10.632149238465814,,,-1.7825160581393635,0.156,0.51,0.022,,0.013866982803217402,0.10880532755106066,0.009083756291806893
141,203895244,16 00 43.08,-24 30 50.5,,10.77,,5.84,0.2,10.75,5.65,0.5312,0.541,,,"USco,gold",no,Simbad,1,0.999948,16.59,9.447935238465815,,,-1.5406075197009614,0.292,0.584,0.021,,0.013866982803217402,0.2159445666817369,0.009083756291806893
142,203811459,16 00 44.61,-24 50 34.1,,11.74,,6.8,0.53,11.68,6.27,1.4821,0.9133,,,"USco,bronze",no,Simbad,1,0.999998,18.48,10.924805238465815,,,-1.4916049719574258,0.149,0.655,0.044,,0.013866982803217402,,0.0
150,204428324,16 01 10.36,-22 22 27.9,,9.76,,5.98,0.36,9.71,5.62,0.325,0.5604,,,"USco,gold",no,Simbad,1,0.999937,15.690001,8.472259238465815,3480.3,1.0466,,0.301,,,,0.013866982803217402,0.36765912090396763,0.009083756291806893
158,204317321,16 01 29.84,-22 48 38.8,,10.49,,6.42,0.51,10.42,5.91,1.9313,1.0656,,,"USco,gold",no,Simbad,1,0.999937,16.84,9.470086238465814,,,-1.412625831421239,0.217,0.651,0.021,,0.013866982803217402,0.21268760230206601,0.009083756291806893
162,204897050,16 01 40.97,-20 22 08.3,,10.86,,6.55,0.75,10.77,5.8,0.2639,,,,"USco,gold",no,Simbad,1,0.999999,17.32,10.045492238465815,,,-1.6185239047456583,0.247,0.593,0.022,,0.013866982803217402,0.15145119141056512,0.009083756291806893
164,203853244,16 01 47.68,-24 41 01.3,,13.01,,6.56,0.48,12.94,6.08,0.6493,,,,"USco,gold",no,Simbad,1,0.999998,19.5,12.001524238465816,,,-2.127843732072752,0.181,0.316,0.023,,0.013866982803217402,,0.0
165,204435603,16 01 49.50,-22 20 45.5,,12.42,,6.79,0.46,12.36,6.33,1.5936,,,,"USco,bronze",no,Simbad,1,0.999999,19.15,11.510998238465817,,,-2.0381045310939245,0.14,0.363,0.024,,0.013866982803217402,,0.0
166,204054129,16 01 49.54,-23 51 08.5,,11.93,,6.32,0.59,11.85,5.72,0.5272,0.6122,,,"USco,bronze",no,Simbad,1,0.999998,18.17,10.838709238465814,,,-1.8265223455832305,0.269,0.458,0.028,,0.013866982803217402,,0.0
175,204388640,16 02 04.29,-22 31 47.0,,11.55,,8.82,2.7,11.2,6.12,2.6268,,,,"USco,bronze",yes,Simbad,1,0.998613,20.02,11.625143238465814,3312.7,0.038,-1.4634415426794882,0.172,0.489,0.022,0.19927444794952676,0.013866982803217402,,0.0
176,204791347,16 02 04.29,-20 50 42.8,18.6,11.83,6.77,6.77,0.76,11.73,6.02,0.4224,0.245,,,"USco,gold",maybe,Simbad,1,0.999999,18.5,11.140801238465816,,,-1.9457700853500977,0.192,0.434,0.022,,0.013866982803217402,,0.0
181,204258708,16 02 09.54,-23 02 27.9,,11.83,,6.18,0.23,11.8,5.95,0.4837,,,,"USco,bronze",no,Simbad,1,0.999994,17.98,10.642355238465814,3369.7,1.0468,-1.792634967621407,0.207,0.465,0.022,0.22604761904761897,0.013866982803217402,0.10823765221853122,0.009083756291806893
183,204948308,16 02 10.95,-20 07 49.8,,11.42,,6.19,0.57,11.34,5.63,0.9397,,,,"USco,gold",no,Simbad,1,0.999996,17.53,10.264076238465815,3419.3,1.157,-1.686554644076269,0.299,0.526,0.022,0.24966666666666676,0.013866982803217402,0.13351292722448513,0.009083756291806893
186,203863529,16 02 14.88,-24 38 32.9,,11.15,,6.12,0.35,11.1,5.77,0.2543,0.3215,,,"USco,silver",no,Simbad,1,0.999998,17.220001,10.058900238465815,,,-1.8178707897507584,0.257,0.469,0.022,,0.013866982803217402,0.15030263140620803,0.009083756291806893
188,204271115,16 02 23.56,-22 59 33.5,,11.03,,6.38,0.28,11.0,6.1,1.0184,,,,"USco,gold",no,Simbad,1,0.999998,17.380001,9.987497238465815,,,-1.7476324813126387,0.177,0.514,0.022,,0.013866982803217402,0.156239604661168,0.009083756291806893
190,203629401,16 02 24.41,-25 29 12.5,,12.47,,6.43,0.28,12.43,6.15,0.4951,,,,"USco,bronze",no,Simbad,1,0.999997,18.86,11.395039238465817,,,-2.0925886361178163,0.169,0.335,0.022,,0.013866982803217402,,0.0
192,204417649,16 02 25.97,-22 24 57.7,,11.65,,6.18,0.23,11.62,5.96,1.435,,,,"USco,bronze",no,Simbad,1,0.999995,17.8,10.462141238465817,3331.2,0.9338,-1.7265357281647489,0.206,0.503,0.024,0.20771428571428563,0.013866982803217402,0.11985198764445443,0.009083756291806893
194,204518814,16 02 34.17,-22 00 35.7,,11.75,,7.24,0.86,11.64,6.38,0.4513,,,,"USco,bronze",no,Simbad,1,0.999999,18.880001,11.246590238465814,,,-1.878440165947746,0.134,0.476,0.023,,0.013866982803217402,,0.0
197,204317053,16 02 41.41,-22 48 42.1,,11.99,,7.14,1.06,11.86,6.08,1.5945,,,,"USco,gold",yes,Simbad,1,0.999998,19.0,11.274943238465816,,,-1.9759250157415835,0.181,0.397,0.022,,0.013866982803217402,,0.0
200,205078547,16 02 45.44,-19 30 38.1,,11.14,,6.44,0.52,11.07,5.93,0.7863,,,,"USco,gold",no,Simbad,1,0.999999,17.51,10.249178238465817,,,-1.70202076856204,0.212,0.549,0.025,,0.013866982803217402,0.13461620465063168,0.009083756291806893
201,204248645,16 02 45.73,-23 04 51.3,,11.5,,6.51,0.5,11.44,6.01,0.2621,0.3861,,,"USco,silver",yes,Simbad,1,0.999999,17.95,10.538159238465816,,,-2.072116601573171,0.193,0.346,0.022,,0.013866982803217402,0.11478217365228015,0.009083756291806893
204,203846183,16 02 57.42,-24 42 41.8,,11.4,,5.89,0.23,11.37,5.65,1.575,,,,"USco,bronze",no,Simbad,1,0.999977,17.26,10.098180238465815,3324.6,0.9376,-1.673254611004964,0.29,0.517,0.022,0.20457142857142854,0.013866982803217402,0.1469579454598848,0.009083756291806893
207,204489514,16 03 01.60,-22 07 52.7,,11.73,,6.91,0.62,11.65,6.29,1.7049,,,,"USco,gold",yes,Simbad,1,0.999998,18.56,10.820256238465817,,,-1.8635965391782927,0.147,0.45,0.022,,0.013866982803217402,,0.0
210,203348744,16 03 02.35,-26 26 16.6,,12.15,,6.93,1.21,12.0,5.72,4.1674,,,,"USco,bronze",,Simbad,1,0.999991,18.93,11.296637238465816,,,-1.890759026902888,0.27,0.407,0.024,,0.013866982803217402,,0.0
211,204376053,16 03 14.89,-22 34 45.9,,10.7,,6.46,0.41,10.65,6.05,1.5654,2.0296,,,"USco,gold",no,Simbad,1,0.999997,17.11,9.692516238465815,,,-1.5683146565785877,0.186,0.611,0.021,,0.013866982803217402,0.18506460990392543,0.009083756291806893
212,204360645,16 03 22.76,-22 38 21.0,,11.17,,6.16,0.4,11.12,5.76,1.9005,,,,"USco,bronze",yes,Simbad,1,0.999995,17.279999,10.000481238465817,3419.2,1.1353,-1.6817279072994198,0.257,0.526,0.021,0.24961904761904752,0.013866982803217402,0.15511172461565365,0.009083756291806893
215,204852633,16 03 24.35,-20 34 13.2,,12.34,,7.13,0.69,12.25,6.43,0.3454,,,,"USco,bronze",no,Simbad,1,0.999999,19.380001,11.595517238465815,,,-2.003926364935732,0.127,0.4,0.023,,0.013866982803217402,,0.0
216,203341895,16 03 25.98,-26 27 32.2,,10.77,,5.88,0.22,10.74,5.65,0.8336,,,,"USco,gold",no,Simbad,1,0.999893,16.619999,9.450233238465817,3422.4,0.911,-1.4266641803578513,0.289,0.637,0.022,0.25114285714285717,0.013866982803217402,0.21549124204354136,0.009083756291806893
217,204538777,16 03 26.25,-21 55 38.1,,11.6,,6.52,0.91,11.48,5.61,1.4806,,,,"USco,gold",yes,Simbad,1,0.999994,18.0,10.589219238465816,,,-1.7872798596513086,0.303,0.476,0.021,,0.013866982803217402,0.11153152813352306,0.009083756291806893
219,205200173,16 03 28.71,-18 53 51.9,,10.12,,5.88,0.25,10.09,5.63,7.5153,,,,"USco,bronze",no,Simbad,1,0.996487,15.97,8.792739238465815,3508.9,0.9786,-0.9107309162527348,0.297,0.455,,0.29233333333333333,0.013866982803217402,0.311243831355632,0.009083756291806893
220,204993463,16 03 29.40,-19 55 03.9,,11.03,,5.9,0.34,10.99,5.56,0.8547,1.1069,,,"USco,gold",no,Simbad,1,0.999948,16.89,9.737102238465816,3467.8,1.1827,-1.5325398783085091,0.32,0.588,0.021,0.27276190476190487,0.013866982803217402,0.179936170527039,0.009083756291806893
235,204599787,16 03 51.75,-21 40 15.7,,10.55,,6.56,0.54,10.48,6.02,1.0318,0.8194,0.6002,,"USco,silver",no,Simbad,1,0.999793,17.039999,9.669594238465816,,,,0.191,,,,0.013866982803217402,0.1875175748317934,0.009083756291806893
236,203723257,16 03 54.03,-25 09 39.7,,11.38,,5.85,0.0,11.38,5.85,1.461,,,,"USco,gold",maybe,Simbad,1,0.999981,17.23,10.060180238465817,3416.1,0.9485,-1.7004927125085394,0.233,0.506,0.022,0.2481428571428571,0.013866982803217402,0.15023445921017578,0.009083756291806893
244,204376071,16 04 10.11,-22 34 45.7,,11.55,,6.38,0.19,11.53,6.19,1.6268,,,,"USco,bronze",no,Simbad,1,0.999998,17.91,10.463608238465817,,,-1.8227521646307645,0.161,0.456,0.022,,0.013866982803217402,0.11963728190571005,0.009083756291806893
245,203920102,16 04 14.73,-24 24 43.6,,11.68,,6.13,0.17,11.66,5.96,1.6063,,,,"USco,bronze",no,Simbad,1,0.999995,17.79,10.471041238465816,,,-1.766242623932835,0.204,0.482,0.022,,0.013866982803217402,0.11925782875328912,0.009083756291806893
265,204871862,16 07 01.69,-20 28 58.2,,12.32,,7.01,0.7,12.23,6.31,1.6489,,,,"USco,gold",yes,Simbad,1,0.999999,19.24,11.762440238465814,,,-2.0419141408736503,0.144,0.37,0.025,,0.013866982803217402,,0.0
269,204919503,16 07 04.73,-20 15 56.0,,11.46,,6.18,0.52,11.39,5.65,3.1147,,,,"USco,gold",no,Simbad,1,0.999988,17.57,10.285598238465814,3378.6,1.1176,-1.6669559602333193,0.29,0.522,0.021,0.23028571428571426,0.013866982803217402,0.1317594508121876,0.009083756291806893
281,204933717,16 07 22.39,-20 11 58.5,,11.59,,6.75,1.14,11.44,5.61,1.5522,,,,"USco,gold",yes,Simbad,1,0.999999,18.189999,10.851466238465814,3178.5,1.2502,-1.8127613715314552,0.304,0.497,0.022,0.15694006309148267,0.013866982803217402,,0.0
285,204583750,16 07 26.41,-21 44 16.9,,13.68,,7.07,0.62,13.6,6.44,1.5372,,,,"USco,silver",no,Simbad,1,0.999999,20.67,13.053210238465816,2862.7,0.8134,-2.552841984143137,0.125,0.187,0.022,0.1,0.013866982803217402,,0.0
286,204757338,16 07 27.46,-20 59 44.4,,10.22,,6.48,0.73,10.13,5.75,2.2977,1.0586,,,"USco,silver",yes,Simbad,1,0.999964,16.61,9.830838238465816,,,,0.261,,,,0.013866982803217402,0.1695849413507326,0.009083756291806893
287,204909952,16 07 27.53,-20 18 34.8,,11.44,,7.09,1.07,11.3,6.02,0.6305,0.5628,,,"USco,gold",no,Simbad,1,0.999999,18.39,10.844296238465816,,,-1.82044821897006,0.191,0.506,0.022,,0.013866982803217402,,0.0
290,204878461,16 07 35.55,-20 27 13.7,,11.96,,6.32,0.5,11.9,5.82,1.8261,,,,"USco,gold",no,Simbad,1,0.999998,18.22,10.966568238465817,3316.3,1.1563,-1.825940203986945,0.241,0.46,0.022,0.20061904761904772,0.013866982803217402,,0.0
292,205063210,16 07 39.15,-19 35 04.3,,11.31,,6.51,0.45,11.25,6.07,2.4332,,,,"USco,bronze",yes,Simbad,1,0.999997,17.76,10.309414238465816,,,-1.7698066113646769,0.183,0.496,0.021,,0.013866982803217402,0.12982786930236745,0.009083756291806893
296,204426231,16 07 45.21,-22 22 57.7,,11.52,,6.38,0.4,11.47,5.98,2.2514,2.0986,,,"USco,gold",no,Simbad,1,0.999998,17.85,10.435433238465816,,,-1.8141746293171583,0.201,0.471,0.025,,0.013866982803217402,0.12148429194664627,0.009083756291806893
297,203753432,16 07 48.61,-25 03 14.3,,11.43,,5.62,0.0,11.43,5.62,1.1744,,,,"USco,bronze",no,Simbad,1,0.999781,17.05,9.978880238465814,,,-1.6460837655731713,0.3,0.512,0.021,,0.013866982803217402,0.1570248757549757,0.009083756291806893
300,203843009,16 07 55.65,-24 43 27.1,,12.71,,6.94,1.33,12.54,5.61,1.351,,,,"USco,gold",yes,Simbad,1,0.999996,19.48,11.884273238465816,,,-2.0824944847976137,0.304,0.334,0.024,,0.013866982803217402,,0.0
301,204830256,16 07 57.12,-20 40 17.7,,11.65,,6.63,0.66,11.56,5.98,3.65,,,,"USco,bronze",no,Simbad,1,0.999999,18.19,10.837559238465817,,,-1.8018930006836824,0.201,0.497,0.025,,0.013866982803217402,,0.0
306,204829482,16 08 00.50,-20 40 29.1,,11.33,,6.43,0.71,11.24,5.72,1.9464,2.5668,,,"USco,gold",no,Simbad,1,0.999999,17.67,10.381175238465817,,,-1.6829819154814831,0.27,0.556,0.023,,0.013866982803217402,0.12516167846327783,0.009083756291806893
309,204273100,16 08 02.17,-22 59 05.9,,11.26,,6.44,0.38,11.21,6.06,0.5122,,,,"USco,gold",no,Simbad,1,0.999998,17.65,10.227957238465816,,,-1.6796459582813186,0.184,0.551,0.022,,0.013866982803217402,0.1363549690315453,0.009083756291806893
310,204895410,16 08 02.37,-20 22 34.0,,10.62,,6.54,0.48,10.56,6.06,2.1105,2.4133,,,"USco,gold",no,Simbad,1,0.999998,17.1,9.594333238465817,3481.3,1.3534,-1.5195618439851604,0.184,0.637,0.022,0.27919047619047627,0.013866982803217402,0.19598867559021074,0.009083756291806893
315,203844446,16 08 06.10,-24 43 05.9,,11.53,,5.98,0.0,11.53,5.98,1.2936,0.8414,,,"USco,bronze",no,Simbad,1,0.999996,17.51,10.295425238465816,3375.5,1.0495,-1.689731622762288,0.201,0.529,0.022,0.22880952380952382,0.013866982803217402,0.130848085027597,0.009083756291806893
318,204397408,16 08 10.80,-22 29 43.1,,11.68,,6.66,0.35,11.63,6.31,1.6454,,,,"USco,gold",yes,Simbad,1,0.999999,18.29,10.715663238465815,,,-1.902742697362628,0.143,0.442,0.023,,0.013866982803217402,0.1041483916928455,0.009083756291806893
327,204634894,16 08 20.77,-21 31 23.7,,10.83,,5.79,0.23,10.8,5.57,1.9677,,,,"USco,gold",no,Simbad,1,0.999881,16.59,9.477052238465816,3534.4,1.0397,-1.5225893061170737,0.318,0.584,0.021,0.30602564102564106,0.013866982803217402,0.21167009863021236,0.009083756291806893
328,204451272,16 08 22.28,-22 17 03.2,,12.03,,6.72,0.6,11.95,6.12,0.9726,,,,"USco,gold",no,Simbad,1,0.999992,18.67,11.121344238465817,,,,0.174,,,,0.013866982803217402,,0.0
337,204611292,16 08 28.68,-21 37 20.1,,10.76,,6.0,0.27,10.73,5.74,1.7674,,,,"USco,gold",yes,Simbad,1,0.999987,16.73,9.510436238465816,3376.4,1.0278,-1.5489815554041615,0.265,0.591,0.021,0.2292380952380953,0.013866982803217402,0.20713931653544368,0.009083756291806893
341,204472612,16 08 34.54,-22 11 56.1,,11.53,,6.49,0.71,11.44,5.78,1.9243,,,,"USco,gold",yes,Simbad,1,0.999996,17.93,10.491863238465816,,,-1.814741227936228,0.253,0.46,0.021,,0.013866982803217402,0.11779376948780965,0.009083756291806893
347,205192701,16 08 41.71,-18 56 10.7,,11.21,,6.93,0.72,11.12,6.21,2.1986,1.5705,,,"USco,gold",no,Simbad,1,0.999999,18.05,10.541063238465814,,,-1.7708302954755446,0.158,0.532,0.022,,0.013866982803217402,0.11469202720806174,0.009083756291806893
348,205177770,16 08 43.07,-19 00 52.1,,10.27,,6.05,0.4,10.22,5.65,1.1423,0.9348,,,"USco,gold",no,Simbad,1,0.995302,16.27,9.168010238465817,,,,0.29,,,,0.013866982803217402,0.25584591759754965,0.009083756291806893
355,204094503,16 08 48.36,-23 41 21.1,,11.59,,6.41,0.57,11.52,5.84,1.6533,,,,"USco,gold",yes,Simbad,1,0.999998,17.93,10.514382238465814,,,-1.825358814611864,0.236,0.46,0.022,,0.013866982803217402,0.11631365546968506,0.009083756291806893
363,205152244,16 09 00.01,-19 08 37.1,,10.96,,6.29,0.67,10.87,5.62,1.8142,,,,"USco,gold",yes,Simbad,1,0.999993,17.16,9.851491238465815,3428.1,1.0842,-1.6278247031284152,0.3,0.559,0.021,0.25385714285714284,0.013866982803217402,0.16784391708875387,0.009083756291806893
364,202957873,16 09 00.50,-27 45 19.7,,11.24,,6.13,0.05,11.24,6.08,0.7722,0.3686,,,"USco,gold",no,Simbad,1,0.999997,17.369999,10.076422238465817,,,-1.7734000884171668,0.181,0.489,0.022,,0.013866982803217402,0.14878415002389103,0.009083756291806893
368,202978875,16 09 01.67,-27 40 52.3,,11.95,,6.97,0.52,11.88,6.45,0.3057,,,,"USco,bronze",no,Simbad,1,0.999999,18.85,11.270359238465817,,,-1.908333026893695,0.125,0.456,0.022,,0.013866982803217402,,0.0
377,204100531,16 09 07.75,-23 39 54.5,,11.13,,6.37,0.38,11.08,5.99,1.2548,,,,"USco,gold",no,Simbad,1,0.999998,17.45,10.194597238465816,,,-1.7307206212842925,0.196,0.533,0.022,,0.013866982803217402,0.1391594667978572,0.009083756291806893
379,204448136,16 09 08.81,-22 17 47.0,,12.07,,6.12,0.04,12.07,6.08,0.3899,,,,"USco,silver",no,Simbad,1,0.999996,18.189999,10.865275238465816,,,-2.2118316156418114,0.181,0.278,0.021,,0.013866982803217402,,0.0
383,205056060,16 09 15.80,-19 37 06.4,,11.46,,5.9,0.14,11.44,5.76,1.7251,,,,"USco,gold",no,Simbad,1,0.999974,17.34,10.164566238465817,3370.6,1.0116,-1.669383341241523,0.258,0.521,0.021,0.22647619047619044,0.013866982803217402,0.1416576841086997,0.009083756291806893
384,204093677,16 09 16.88,-23 41 32.5,,10.97,,6.25,0.29,10.94,5.96,0.3628,,,,"USco,gold",no,Simbad,1,0.999996,17.189999,9.856089238465817,3416.7,1.0716,-1.6064247990836824,0.204,0.572,0.021,0.24842857142857133,0.013866982803217402,0.1674326844258351,0.009083756291806893
386,205092303,16 09 20.54,-19 26 32.1,,12.08,,6.94,0.7,11.99,6.24,1.7205,,,,"USco,gold",yes,Simbad,1,0.999998,18.93,11.312237238465816,3003.7,1.5879,-1.9751040366903792,0.154,0.389,0.023,0.10179810725552045,0.013866982803217402,,0.0
387,204429883,16 09 20.62,-22 22 05.9,15.9,9.5,6.4,6.4,0.66,9.41,5.74,0.3236,0.3286,1.4699,0.3586,"USco,gold",no,Simbad,1,0.999995,15.809999,8.644212238465816,,,,0.265,,,,0.013866982803217402,0.3376558212406488,0.009083756291806893
395,203362293,16 09 30.22,-26 23 41.9,,12.49,,6.25,0.39,12.44,5.86,1.0369,,,,"USco,bronze",no,Simbad,1,0.999996,18.689999,11.331559238465816,,,-2.0118871575500967,0.229,0.359,0.022,,0.013866982803217402,,0.0
397,204824603,16 09 31.08,-20 41 46.3,,10.14,,6.36,0.54,10.07,5.82,3.0965,,,,"USco,gold",no,Simbad,1,0.999994,16.43,9.079667238465817,3538.7,1.2815,,0.241,,,,0.013866982803217402,0.2685172655300135,0.009083756291806893
402,204769996,16 09 36.07,-20 56 25.8,,11.68,,6.31,0.51,11.62,5.8,1.7179,,,,"USco,bronze",no,Simbad,1,0.999998,17.93,10.687680238465816,,,-1.8010681361422338,0.248,0.48,0.022,,0.013866982803217402,0.10572652196754097,0.009083756291806893
404,204783273,16 09 37.06,-20 52 53.2,,11.98,,6.28,0.19,11.95,6.09,1.1105,,,,"USco,gold",no,Simbad,1,0.999998,18.23,10.937062238465815,,,-1.8840568299189424,0.179,0.439,0.022,,0.013866982803217402,,0.0
408,203844180,16 09 43.53,-24 43 10.0,,12.17,,6.02,0.4,12.12,5.62,0.8422,,,,"USco,bronze",no,Simbad,1,0.99999,18.14,10.895729238465815,3332.9,0.9044,-1.9193734983292128,0.301,0.388,0.021,0.20852380952380958,0.013866982803217402,,0.0
410,204288433,16 09 46.33,-22 55 34.0,,11.03,,6.08,0.35,10.98,5.72,1.8162,,,,"USco,gold",maybe,Simbad,1,0.999981,17.06,9.814982238465817,3376.6,1.0364,-1.6008456584215822,0.269,0.555,0.021,0.2293333333333333,0.013866982803217402,0.1712483174031185,0.009083756291806893
415,203856109,16 09 51.96,-24 40 20.0,,12.13,,6.95,0.83,12.03,6.12,1.4332,,,,"USco,bronze",yes,Simbad,1,0.999999,18.98,11.380839238465814,,,-1.9408153930640968,0.174,0.422,0.026,,0.013866982803217402,,0.0
416,204982702,16 09 52.06,-19 58 06.8,,10.46,,6.23,0.09,10.45,6.14,2.403,,,,"USco,bronze",yes,Simbad,1,0.999848,16.68,9.870437238465817,3000.6,0.2173,-1.3883828813677732,0.17,0.646,0.021,0.10082018927444793,0.013866982803217402,0.16615923726500695,0.009083756291806893
418,203849738,16 09 52.87,-24 41 53.5,,10.93,,6.17,0.45,10.87,5.72,0.619,,,,"USco,gold",no,Simbad,1,0.999996,17.04,9.880014238465815,,,-1.5984271444250722,0.269,0.585,0.021,,0.013866982803217402,0.165320851508651,0.009083756291806893
423,204078097,16 09 58.51,-23 45 18.9,,11.62,,7.04,0.74,11.53,6.3,1.4106,,,,"USco,gold",yes,Simbad,1,0.999999,18.57,11.154133238465814,,,-1.843753819140542,0.145,0.498,0.026,,0.013866982803217402,,0.0
425,205366676,16 09 59.32,-18 00 09.2,,10.34,,5.92,0.32,10.3,5.6,3.6874,,,,"USco,gold",yes,Simbad,1,0.999906,16.220001,9.054643238465816,3468.2,1.0247,-1.4230830639207028,0.306,0.644,0.021,0.27295238095238084,0.013866982803217402,0.27205905098980065,0.009083756291806893
430,203036352,16 10 03.93,-27 28 48.2,,11.2,,5.61,0.0,11.2,5.61,0.7104,,,,"USco,gold",no,Simbad,1,0.99968,16.81,9.752990238465816,3418.1,0.9036,-1.5505216057783269,0.303,0.563,0.021,0.24909523809523804,0.013866982803217402,0.17810985560050033,0.009083756291806893
434,205024957,16 10 10.99,-19 46 04.2,,11.38,,6.19,0.47,11.32,5.71,1.6656,,,,"USco,gold",yes,Simbad,1,0.999995,17.51,10.228805238465815,3325.8,1.0835,-1.7176044814903546,0.272,0.503,0.022,0.20514285714285724,0.013866982803217402,0.1363307647226974,0.009083756291806893
439,202515599,16 10 15.41,-29 23 56.2,,12.08,,6.46,0.0,12.08,6.46,0.5851,,,,"USco,bronze",no,Simbad,1,0.999998,18.54,11.049899238465816,,,-2.069050957391668,0.123,0.357,0.021,,0.013866982803217402,,0.0
442,204133691,16 10 20.85,-23 31 55.8,,11.05,,6.01,0.32,11.01,5.68,0.8106,,,,"USco,gold",no,Simbad,1,0.999996,17.02,9.867905238465816,,,-1.6827726560107488,0.281,0.537,0.022,,0.013866982803217402,0.16648320374287856,0.009083756291806893
444,202915242,16 10 21.53,-27 54 17.6,,11.2,,6.09,0.28,11.16,5.8,1.2661,1.7012,,,"USco,bronze",no,Simbad,1,0.999995,17.25,10.005733238465815,,,-1.6304131009407974,0.246,0.559,0.022,,0.013866982803217402,0.1546771233523427,0.009083756291806893
454,205145188,16 10 28.18,-19 10 44.5,,11.79,,7.03,1.17,11.64,5.86,1.7554,,,,"USco,gold",yes,Simbad,1,0.999999,18.67,11.036813238465816,,,-1.8262311772450464,0.23,0.455,0.021,,0.013866982803217402,,0.0
457,205247191,16 10 30.07,-18 39 06.8,,10.55,,7.35,1.35,10.38,6.0,3.906,,,,"USco,gold",no,Simbad,1,0.999999,17.73,9.966794238465816,,,-1.610302467337859,0.194,0.618,0.021,,0.013866982803217402,0.15812770192036485,0.009083756291806893
458,204487447,16 10 30.68,-22 08 23.2,,11.76,,7.07,1.17,11.61,5.89,2.0221,,,,"USco,bronze",yes,Simbad,1,0.999999,18.68,11.005791238465816,,,-1.890759026902888,0.221,0.454,0.022,,0.013866982803217402,,0.0
461,204870669,16 10 35.24,-20 29 17.1,,11.71,,6.91,0.54,11.64,6.37,1.3834,,,,"USco,gold",no,Simbad,1,0.999999,18.55,10.864138238465816,,,-1.8944898233511145,0.136,0.45,0.022,,0.013866982803217402,,0.0
464,204495624,16 10 42.58,-22 06 21.5,,11.5,,6.44,0.35,11.45,6.1,1.9662,,,,"USco,bronze",yes,Simbad,1,0.999998,17.89,10.449776238465816,3020.3,1.1776,-1.8233300726227908,0.178,0.473,0.022,0.10703470031545748,0.013866982803217402,0.12054770845859468,0.009083756291806893
467,202879519,16 10 44.58,-28 01 53.9,,10.77,,6.01,0.0,10.77,6.01,5.0729,,,,"USco,bronze",,Simbad,1,0.999994,16.78,9.532262238465815,3477.2,1.1219,-1.5015516080479088,0.193,0.63,0.021,0.2772380952380952,0.013866982803217402,0.20401544157455073,0.009083756291806893
471,204468732,16 10 49.95,-22 12 51.7,,11.73,,7.17,0.98,11.6,6.19,0.7695,0.4794,,,"USco,bronze",no,Simbad,1,0.999999,18.77,11.030426238465814,,,-1.8709549386408115,0.161,0.476,0.023,,0.013866982803217402,,0.0
473,205054397,16 10 52.39,-19 37 34.7,,10.73,,6.11,0.54,10.66,5.56,1.8094,,,,"USco,gold",yes,Simbad,1,0.999987,16.77,9.551493238465817,,,-1.5191310708892685,0.319,0.607,0.021,,0.013866982803217402,0.20107380027809438,0.009083756291806893
476,204655153,16 10 54.99,-21 26 14.1,,11.78,,6.94,0.6,11.7,6.34,0.52,,,,"USco,gold",no,Simbad,1,0.999999,18.64,11.120483238465816,,,-1.9219058372020608,0.139,0.448,0.023,,0.013866982803217402,,0.0
478,204501712,16 10 56.91,-22 04 51.5,,11.4,,6.3,0.52,11.33,5.79,2.0304,,,,"USco,bronze",yes,Simbad,1,0.999998,17.630001,10.313749238465816,3380.1,1.1396,-1.7253803621613792,0.251,0.514,0.023,0.23099999999999996,0.013866982803217402,0.1295014355077936,0.009083756291806893
480,204117263,16 11 02.10,-23 35 50.7,,10.95,,6.11,0.35,10.91,5.75,0.6423,,,,"USco,gold",no,Simbad,1,0.99999,17.02,9.750511238465815,,,-1.596879481177452,0.26,0.567,0.021,,0.013866982803217402,0.1785151215590703,0.009083756291806893
487,204561327,16 11 09.19,-21 49 56.4,,11.6,,6.37,0.75,11.5,5.63,0.946,,,,"USco,bronze",no,Simbad,1,0.999999,17.869999,10.685677238465814,,,-1.8797551939834567,0.299,0.443,0.025,,0.013866982803217402,0.10593221048399713,0.009083756291806893
500,203759570,16 11 18.46,-25 01 55.0,,11.31,,5.8,0.22,11.29,5.58,1.8105,,,,"USco,bronze",no,Simbad,1,0.999893,17.09,9.968149238465816,3423.8,1.011,-1.589391466070345,0.314,0.55,0.021,0.25180952380952387,0.013866982803217402,0.15786393294213666,0.009083756291806893
504,204099713,16 11 26.29,-23 40 06.3,,12.47,,6.85,0.57,12.4,6.28,1.7984,,,,"USco,gold",no,Simbad,1,0.999998,19.25,11.620171238465815,,,-2.0629838821359097,0.147,0.349,0.024,,0.013866982803217402,,0.0
506,204365837,16 11 31.80,-22 37 08.5,,11.85,,6.61,0.3,11.82,6.31,1.7422,,,,"USco,gold",no,Simbad,1,0.999999,18.43,10.884938238465814,,,-1.9226320878381908,0.143,0.422,0.022,,0.013866982803217402,,0.0
508,204439854,16 11 34.69,-22 19 44.4,,12.33,,6.92,0.73,12.23,6.18,1.184,,,,"USco,gold",no,Simbad,1,0.999999,19.15,11.464113238465814,,,-2.0803989546754,0.162,0.349,0.023,,0.013866982803217402,,0.0
509,204074274,16 11 37.60,-23 46 15.0,,11.21,,5.98,0.41,11.16,5.57,1.8029,,,,"USco,gold",no,Simbad,1,0.999976,17.14,9.949440238465815,3375.5,1.0228,-1.6080069175685503,0.317,0.549,0.021,0.22880952380952382,0.013866982803217402,0.1594717777709164,0.009083756291806893
515,204292655,16 11 45.29,-22 54 33.2,,11.81,,6.82,0.7,11.72,6.12,1.558,1.708,,,"USco,bronze",no,Simbad,1,0.999999,18.54,11.091023238465816,,,-1.977159382406383,0.174,0.416,0.022,,0.013866982803217402,,0.0
516,205086621,16 11 45.33,-19 28 13.4,,11.81,,7.26,0.99,11.69,6.27,1.7416,,,,"USco,gold",yes,Simbad,1,0.999999,18.95,11.146491238465815,3005.7,1.6871,-1.8661418814726205,0.149,0.435,0.022,0.10242902208201887,0.013866982803217402,,0.0
517,205155253,16 11 46.12,-19 07 42.9,,11.15,,7.06,1.11,11.01,5.95,1.7852,,,,"USco,gold",yes,Simbad,1,0.999999,18.07,10.410732238465815,3368.3,1.4866,-1.737311673313769,0.207,0.52,0.021,0.22538095238095246,0.013866982803217402,0.12309160560581177,0.009083756291806893
519,205019241,16 11 49.20,-19 47 43.3,,10.82,,6.46,0.57,10.75,5.89,0.92,,,,"USco,bronze",no,Simbad,1,0.999998,17.21,9.811391238465816,3428.1,1.2292,-1.592609089247742,0.222,0.594,0.021,0.25385714285714284,0.013866982803217402,0.1714672515414716,0.009083756291806893
524,205091879,16 11 57.63,-19 26 39.1,,10.19,,6.9,1.0,10.06,5.9,1.0182,,,,"USco,bronze",yes,Simbad,1,0.999997,16.960001,9.389322238465816,,,-1.4436975179281346,0.22,0.669,0.021,,0.013866982803217402,0.22437488753418697,0.009083756291806893
527,204912351,16 12 02.22,-20 17 55.3,,11.08,,6.25,0.47,11.02,5.77,3.2611,,,,"USco,bronze",no,Simbad,1,0.999998,17.27,10.062400238465814,3415.8,1.2478,-1.6129662932282829,0.254,0.587,0.023,0.24800000000000008,0.013866982803217402,0.149935456643681,0.009083756291806893
534,205072354,16 12 10.43,-19 32 27.8,,11.24,,6.8,0.68,11.15,6.12,0.7718,,,,"USco,gold",no,Simbad,1,0.999999,17.95,10.364404238465816,,,-1.7162466136640546,0.173,0.527,0.022,,0.013866982803217402,0.12621265215846264,0.009083756291806893
536,205156547,16 12 12.41,-19 07 19.3,,10.96,,7.3,1.45,10.77,5.86,1.8003,,,,"USco,bronze",yes,Simbad,1,0.999999,18.07,10.325223238465815,,,-1.6516951491983405,0.231,0.563,0.021,,0.013866982803217402,0.128808735644556,0.009083756291806893
538,202709862,16 12 17.22,-28 39 08.5,,11.3,,5.7,0.05,11.29,5.65,0.9952,2.0106,,,"USco,gold",no,Simbad,1,0.999955,16.99,9.894319238465815,3317.8,0.824,-1.6961562435388633,0.289,0.5,0.021,0.20133333333333342,0.013866982803217402,0.16408590761848096,0.009083756291806893
540,205102553,16 12 18.44,-19 23 32.6,,12.0,,7.0,0.85,11.89,6.15,1.8511,,,,"USco,bronze",no,Simbad,1,0.999999,18.89,11.375163238465817,,,-1.9408153930640968,0.168,0.405,0.022,,0.013866982803217402,,0.0
543,204651122,16 12 22.89,-21 27 16.1,,12.03,,7.0,0.73,11.94,6.27,1.5999,,,,"USco,bronze",yes,Simbad,1,0.999999,18.939999,11.397591238465814,,,-1.98380265167473,0.149,0.407,0.022,,0.013866982803217402,,0.0
545,204940701,16 12 27.36,-20 09 59.9,,11.53,,6.81,0.71,11.44,6.1,1.7776,,,,"USco,gold",yes,Simbad,1,0.999998,18.25,10.798035238465816,,,-1.837734377426664,0.177,0.488,0.022,,0.013866982803217402,,0.0
548,210282525,16 12 33.53,-25 43 28.0,,10.14,,6.74,0.66,10.06,6.07,3.7871,,,,"USco,gold",no,Simbad,1,0.999928,16.8,9.250020238465815,,,,0.182,,,,0.013866982803217402,0.24422465574744506,0.009083756291806893
556,205013031,16 12 40.20,-19 49 30.6,,11.29,,6.25,0.45,11.23,5.81,3.6251,,,,"USco,bronze",no,Simbad,1,0.999998,17.48,10.249017238465814,3415.8,1.2416,-1.7512912767069624,0.245,0.5,0.021,0.24800000000000008,0.013866982803217402,0.13462416572878994,0.009083756291806893
562,204105498,16 12 46.91,-23 38 41.0,,12.62,,7.21,0.73,12.53,6.48,0.2844,0.2954,,,"USco,gold",no,Simbad,1,0.999999,19.74,12.072865238465816,,,-2.1771783625794647,0.121,0.322,0.022,,0.013866982803217402,,0.0
563,205167772,16 12 47.25,-19 03 53.3,,11.75,,6.92,1.12,11.6,5.81,1.1876,,,,"USco,gold",no,Simbad,1,0.999999,18.52,11.147065238465814,,,-1.877784126855525,0.245,0.441,0.022,,0.013866982803217402,,0.0
565,204888409,16 12 48.96,-20 24 30.6,,12.08,,6.32,0.32,12.04,5.99,1.3743,,,,"USco,bronze",no,Simbad,1,0.999994,18.36,10.963875238465814,3292.0,1.0949,-1.847100396133545,0.197,0.44,0.023,0.19274447949526816,0.013866982803217402,,0.0
572,205082248,16 13 03.05,-19 29 32.3,,12.35,,7.12,1.17,12.2,5.95,1.7541,,,,"USco,silver",no,Simbad,1,0.999999,19.32,11.801110238465814,,,-2.0347983005306114,0.207,0.359,0.023,,0.013866982803217402,,0.0
575,204259310,16 13 09.82,-23 02 18.4,,11.76,,6.29,0.47,11.69,5.82,1.3301,1.5318,,,"USco,bronze",yes,Simbad,1,0.999998,17.98,10.841399238465817,,,-1.9746941474950583,0.242,0.381,0.025,,0.013866982803217402,,0.0
578,204210528,16 13 10.81,-23 13 51.7,,11.61,,5.96,0.0,11.61,5.96,0.987,,,,"USco,gold",no,Simbad,1,0.999996,17.57,10.425151238465816,,,-1.9759250157415835,0.205,0.372,0.024,,0.013866982803217402,0.12214830447836113,0.009083756291806893
580,204491374,16 13 11.71,-22 07 25.6,,11.21,,6.11,0.35,11.17,5.76,1.2445,,,,"USco,bronze",maybe,Simbad,1,0.999995,17.28,10.038927238465815,3434.5,1.1374,-1.652865220104578,0.259,0.545,0.022,0.2569047619047619,0.013866982803217402,0.15189145546385552,0.009083756291806893
588,205373716,16 13 20.80,-17 57 52.1,,9.87,,5.83,0.23,9.84,5.59,1.1268,4.1193,,,"USco,bronze",,Simbad,1,0.999751,15.67,8.527364238465815,3534.8,1.012,-0.7831482337089825,0.309,0.375,,0.3062820512820514,0.013866982803217402,0.3582182492404044,0.009083756291806893
598,204149252,16 13 34.76,-23 28 15.8,,12.5,,6.65,0.64,12.41,6.01,0.9942,,,,"USco,gold",no,Simbad,1,0.999998,19.06,11.536110238465817,,,-2.022276408675951,0.193,0.365,0.022,,0.013866982803217402,,0.0
600,204152030,16 13 36.46,-23 27 35.6,,11.22,,6.23,0.52,11.15,5.72,1.8029,0.8242,1.0198,,"USco,gold",,Simbad,1,0.999752,17.38,10.447350238465816,,,,0.27,,,,0.013866982803217402,0.1208046456580091,0.009083756291806893
604,204525772,16 13 38.32,-21 58 52.0,,11.0,,5.89,0.32,10.96,5.57,1.5467,,,,"USco,gold",no,Simbad,1,0.999911,16.85,9.693231238465817,,,-1.4997635163711684,0.316,0.598,0.021,,0.013866982803217402,0.18501154253784388,0.009083756291806893
621,203534383,16 14 02.97,-25 48 53.3,,11.71,,7.05,0.83,11.6,6.22,0.2784,0.3234,,,"USco,bronze",no,Simbad,1,0.999999,18.650002,10.953523238465817,,,-1.8282735487000388,0.157,0.484,0.021,,0.013866982803217402,,0.0
623,203459091,16 14 04.91,-26 04 06.6,,10.76,,6.11,0.28,10.73,5.83,0.7071,0.7969,,,"USco,bronze",no,Simbad,1,0.999993,16.84,9.589121238465816,,,-1.568475425789333,0.238,0.586,0.023,,0.013866982803217402,0.1967845370991916,0.009083756291806893
626,204492163,16 14 08.95,-22 07 13.3,,11.48,,5.99,0.32,11.44,5.67,0.5673,,,,"USco,bronze",no,Simbad,1,0.999984,17.43,10.234461238465816,3362.8,1.0215,-1.693574971170993,0.285,0.507,0.021,0.22276190476190486,0.013866982803217402,0.13593849129900257,0.009083756291806893
627,204449800,16 14 10.10,-22 17 23.7,,9.81,,6.91,0.66,9.72,6.25,2.448,1.9503,,,"USco,gold",no,Simbad,1,0.99964,16.630001,9.118330238465814,6243.1,3.8938,,0.152,,,,0.013866982803217402,0.26301321997402216,0.009083756291806893
632,204332672,16 14 13.51,-22 44 58.0,,11.42,,5.96,0.33,11.38,5.63,2.6312,,,,"USco,gold",no,Simbad,1,0.99996,17.34,10.150595238465815,,,-1.6176227098612284,0.297,0.54,0.022,,0.013866982803217402,0.1427766783279669,0.009083756291806893
645,204828211,16 14 36.38,-20 40 49.3,,11.5,,5.62,0.0,11.5,5.62,0.7257,,,,"USco,bronze",no,Simbad,1,0.99964,17.119999,10.047849238465815,3383.5,0.9145,-1.7708302954755446,0.3,0.44,0.021,0.23261904761904761,0.013866982803217402,0.1511278748724842,0.009083756291806893
647,203726701,16 14 39.18,-25 08 56.5,,11.99,,6.24,0.49,11.93,5.76,1.6873,,,,"USco,bronze",no,Simbad,1,0.999995,18.17,10.838734238465817,3324.0,1.1204,-1.845880486120132,0.259,0.435,0.021,0.2042857142857143,0.013866982803217402,,0.0
649,204408619,16 14 41.19,-22 27 05.6,,10.87,,5.61,0.0,10.87,5.61,2.6303,,,,"USco,gold",no,Simbad,1,0.999389,16.48,9.414396238465816,,,-1.458046522405422,0.304,0.6,0.021,,0.013866982803217402,0.22058524143242048,0.009083756291806893
658,203703016,16 14 52.43,-25 13 52.7,,10.45,,6.41,0.71,10.36,5.7,4.8533,1.8508,,,"USco,gold",yes,Simbad,1,0.999798,16.77,9.482335238465817,,,,0.275,,,,0.013866982803217402,0.2110105068791873,0.009083756291806893
667,203770366,16 15 05.24,-24 59 35.4,,11.48,,6.59,0.95,11.36,5.63,1.8145,,,,"USco,gold",yes,Simbad,1,0.999999,17.95,10.725222238465816,,,-1.819874130589333,0.296,0.486,0.021,,0.013866982803217402,0.10361514944955737,0.009083756291806893
670,204079030,16 15 08.91,-23 45 05.2,,11.34,,5.85,0.28,11.3,5.58,2.832,,,,"USco,gold",no,Simbad,1,0.99987,17.15,9.992596238465817,3421.2,0.9906,-1.5818645072975537,0.315,0.541,0.021,0.2505714285714285,0.013866982803217402,0.15582666329894146,0.009083756291806893
675,203938167,16 15 12.37,-24 20 09.4,,12.13,,6.27,0.39,12.08,5.88,1.6151,,,,"USco,gold",yes,Simbad,1,0.999998,18.35,11.082558238465817,,,-1.929962148262908,0.225,0.407,0.021,,0.013866982803217402,,0.0
679,204299578,16 15 15.18,-22 52 54.0,,12.01,,6.45,0.24,11.98,6.21,0.7705,,,,"USco,bronze",no,Simbad,1,0.999998,18.43,10.944216238465817,,,-1.9318141500352728,0.158,0.411,0.021,,0.013866982803217402,,0.0
684,204584778,16 15 25.15,-21 44 01.5,,11.78,,6.88,0.61,11.7,6.27,1.7439,,,,"USco,bronze",yes,Simbad,1,0.999999,18.58,11.217028238465817,,,-1.902048930772211,0.15,0.457,0.022,,0.013866982803217402,,0.0
685,203816510,16 15 27.20,-24 49 27.4,,11.51,,6.76,1.07,11.37,5.69,1.8192,,,,"USco,bronze",yes,Simbad,1,0.999998,18.130001,10.602221238465816,3477.7,1.6871,-1.729787149035979,0.277,0.506,0.021,0.2774761904761904,0.013866982803217402,0.11067871134135106,0.009083756291806893
691,205198363,16 15 33.40,-18 54 25.1,,11.27,,8.23,2.23,10.98,6.0,1.8996,,,,"USco,bronze",yes,Simbad,1,1.0,19.21,11.063126238465816,,,-1.749092284494468,0.195,0.546,0.023,,0.013866982803217402,,0.0
694,204204414,16 15 36.47,-23 15 17.5,,13.1,,6.3,0.16,13.09,6.15,0.6223,,,,"USco,silver",no,Simbad,1,0.999997,19.39,12.067055238465816,,,-2.224025681694375,0.169,0.282,0.023,,0.013866982803217402,,0.0
696,205124381,16 15 39.13,-19 17 00.8,,10.43,,7.51,1.89,10.19,5.61,1.3957,,,,"USco,gold",no,Simbad,1,0.999964,17.7,10.468571238465817,,,,0.302,,,,0.013866982803217402,0.11931724506328022,0.009083756291806893
697,204621457,16 15 41.10,-21 34 46.4,,11.7,,6.28,0.45,11.65,5.84,0.5626,,,,"USco,bronze",no,Simbad,1,0.999997,17.93,10.693539238465814,,,-1.763462716123848,0.236,0.506,0.023,,0.013866982803217402,0.1054386831337671,0.009083756291806893
700,203122463,16 15 48.68,-27 10 54.9,,11.88,,6.64,0.76,11.79,5.88,1.4668,0.8599,,,"USco,bronze",no,Simbad,1,0.999999,18.43,11.056397238465816,,,-1.891773331075522,0.226,0.459,0.022,,0.013866982803217402,,0.0
701,204467371,16 15 49.13,-22 13 12.0,,12.12,,6.14,0.2,12.1,5.93,1.8066,,,,"USco,bronze",yes,Simbad,1,0.999998,18.24,11.045044238465817,,,-1.9229956860303936,0.212,0.402,0.021,,0.013866982803217402,,0.0
708,204143627,16 15 59.25,-23 29 36.2,,11.31,,6.0,0.35,11.27,5.65,1.125,,,,"USco,gold",no,Simbad,1,0.999965,17.27,10.060053238465816,,,-1.6871881832983286,0.292,0.503,0.021,,0.013866982803217402,0.15024331715404599,0.009083756291806893
711,204462739,16 16 00.80,-22 14 19.4,,10.98,,6.56,0.48,10.92,6.08,1.2944,0.9951,,,"USco,gold",no,Simbad,1,0.999998,17.48,9.866582238465815,,,-1.7230788531852443,0.181,0.516,0.023,,0.013866982803217402,0.1665622979748783,0.009083756291806893
713,204348630,16 16 02.95,-22 41 09.3,,10.77,,5.92,0.18,10.74,5.75,1.1663,1.0589,,,"USco,bronze",no,Simbad,1,0.999956,16.66,9.484313238465814,,,-1.505149978319906,0.262,0.603,0.021,,0.013866982803217402,0.21086532093414512,0.009083756291806893
719,204199333,16 16 11.83,-23 16 26.7,,11.88,,6.01,0.44,11.82,5.58,0.8366,,,,"USco,silver",no,Simbad,1,0.999996,17.83,10.715178238465814,3334.8,1.0296,-1.875821934723276,0.315,0.429,0.021,0.20942857142857152,0.013866982803217402,0.10428821243247942,0.009083756291806893
726,204082531,16 16 20.10,-23 44 14.4,,10.19,,5.81,0.0,10.19,5.81,0.6513,0.4256,,,"USco,gold",no,Simbad,1,0.999911,16.0,8.837125238465815,,,-1.4285240876245928,0.244,0.644,0.027,,0.013866982803217402,0.3037638940418395,0.009083756291806893
731,203568037,16 16 24.38,-25 41 54.1,,10.38,,7.19,1.17,10.23,6.03,1.1992,0.436,0.8086,,"USco,bronze",no,Simbad,1,0.99989,17.42,9.705669238465816,,,,0.19,,,,0.013866982803217402,0.18360157533384613,0.009083756291806893
734,203710387,16 16 30.66,-25 12 20.4,,11.91,,6.55,0.85,11.8,5.69,2.5441,,,,"USco,bronze",no,Simbad,1,0.999999,18.35,11.046183238465815,,,-1.8428455486198887,0.278,0.472,0.022,,0.013866982803217402,,0.0
736,204499729,16 16 32.26,-22 05 20.1,,12.71,,6.6,0.69,12.62,5.91,1.5116,1.9907,,,"USco,gold",yes,Simbad,1,0.999999,19.22,11.968537238465814,,,-2.170053317834218,0.218,0.313,0.024,,0.013866982803217402,,0.0
737,203416475,16 16 33.06,-26 12 40.7,,11.82,,6.31,0.32,11.78,5.99,13.649,,,,"USco,bronze",no,Simbad,1,0.99982,18.09,10.894848238465816,,,,0.198,,,,0.013866982803217402,,0.0
738,204153041,16 16 33.42,-23 27 21.4,,11.34,,6.28,0.56,11.27,5.72,0.7567,0.4818,,,"USco,gold",no,Simbad,1,0.999999,17.550001,10.368337238465816,,,-1.7517814320278309,0.268,0.515,0.022,,0.013866982803217402,0.1259006278591808,0.009083756291806893
742,203679848,16 16 41.35,-25 18 39.7,,11.04,,6.86,0.92,10.92,5.94,0.4985,0.4422,,,"USco,bronze",no,Simbad,1,0.999999,17.78,10.210843238465817,3517.5,1.7253,-1.5985994586534844,0.209,0.598,0.021,0.29642857142857143,0.013866982803217402,0.137759579554818,0.009083756291806893
747,204126288,16 16 45.38,-23 33 41.6,,12.82,,6.58,0.51,12.75,6.07,0.2112,,,,"USco,silver",no,Simbad,1,0.999999,19.33,11.923068238465817,,,-2.2636034933298674,0.182,0.27,0.021,,0.013866982803217402,,0.0
750,203627083,16 16 48.72,-25 29 40.4,,11.5,,6.93,1.13,11.35,5.8,0.8799,1.2371,,,"USco,bronze",no,Simbad,2,,18.28,12.025778238465817,,,,0.247,,,,0.013866982803217402,,0.0
756,203844508,16 16 56.03,-24 43 05.2,,11.37,,6.86,1.24,11.21,5.62,2.1352,,,,"USco,bronze",no,Simbad,1,0.999999,18.07,10.504286238465816,3428.6,1.6564,-1.712646238745605,0.302,0.521,0.021,0.25409523809523804,0.013866982803217402,0.11709704673594373,0.009083756291806893
760,204414610,16 17 06.06,-22 25 41.6,,11.24,,5.86,0.21,11.21,5.64,3.6567,0.3393,,,"USco,gold",no,Simbad,1,0.999926,17.07,9.917454238465815,,,-1.544393874316479,0.293,0.575,0.021,,0.013866982803217402,0.16229026513604847,0.009083756291806893
763,203868608,16 17 18.97,-24 37 18.8,,10.76,,7.08,1.17,10.61,5.91,5.6382,1.1066,,,"USco,bronze",no,Simbad,1,0.999999,17.689999,10.055987238465816,3412.8,1.972,-1.5828605881229405,0.217,0.621,0.025,0.24657142857142866,0.013866982803217402,0.150590461216932,0.009083756291806893
764,204099505,16 17 21.17,-23 40 08.7,,11.59,,6.41,0.77,11.49,5.64,2.0337,,,,"USco,bronze",no,Simbad,1,0.999993,17.9,10.520581238465816,3414.6,1.3009,-1.6800615736380158,0.295,0.518,0.021,0.2474285714285714,0.013866982803217402,0.1159562692459949,0.009083756291806893
766,203452629,16 17 23.25,-26 05 25.0,,10.81,,6.61,0.64,10.73,5.97,3.7607,,,,"USco,bronze",no,Simbad,1,0.99997,17.34,9.851872238465816,3603.7,1.7496,-1.4018663736077692,0.201,0.633,0.021,0.35044871794871785,0.013866982803217402,0.1678241036280795,0.009083756291806893
779,203563208,16 17 38.94,-25 42 55.6,,10.55,,6.6,0.91,10.44,5.69,0.4307,0.5757,,,"USco,bronze",maybe,Simbad,1,0.999999,17.039999,9.615790238465816,,,-1.5401553686377962,0.279,0.624,0.022,,0.013866982803217402,0.19376966303861073,0.009083756291806893
780,203789628,16 17 46.96,-24 55 21.1,,10.47,,6.78,1.17,10.32,5.61,1.2829,,,,"USco,bronze",no,Simbad,1,0.999996,17.1,9.610064238465815,,,,0.305,,,,0.013866982803217402,0.19434851351421997,0.009083756291806893
781,203789325,16 17 47.68,-24 55 25.1,,11.74,,6.88,1.14,11.59,5.74,2.0229,1.2828,,,"USco,bronze",yes,Simbad,1,0.999999,18.470001,10.888216238465816,,,-1.7664962402939186,0.264,0.499,0.021,,0.013866982803217402,,0.0
785,202632400,16 17 56.07,-28 56 40.1,,11.97,,6.07,0.0,11.97,6.07,1.3723,,,,"USco,bronze",no,Simbad,1,0.999996,18.04,10.796870238465814,,,-1.891773331075522,0.182,0.429,0.021,,0.013866982803217402,,0.0
788,203542463,16 18 08.68,-25 47 12.8,,12.14,,8.43,2.15,11.86,6.28,1.5633,,,,"USco,bronze",yes,Simbad,1,1.0,20.29,11.929345238465814,,,-1.988852643727756,0.148,0.399,0.023,,0.013866982803217402,,0.0
789,202910245,16 18 09.10,-27 55 19.8,,11.4,,6.27,0.24,11.37,6.02,0.5882,,,,"USco,bronze",no,Simbad,1,0.999996,17.64,10.319305238465816,,,-1.6920762936746778,0.19,0.543,0.021,,0.013866982803217402,0.12916522109833975,0.009083756291806893
794,205272194,16 18 37.58,-18 31 06.7,,11.13,,6.69,0.49,11.07,6.19,0.3751,0.4368,,,"USco,bronze",no,Simbad,1,0.999999,17.76,10.340005238465816,,,-1.7347103828802517,0.161,0.547,0.022,,0.013866982803217402,0.1278313293816695,0.009083756291806893
797,203004488,16 18 44.30,-27 35 30.6,,12.24,,6.94,1.09,12.1,5.85,1.4538,,,,"USco,bronze",no,Simbad,1,0.999998,19.04,11.406838238465816,3388.4,1.526,-1.941573992038512,0.233,0.406,0.022,0.234952380952381,0.013866982803217402,,0.0
802,204435866,16 19 23.92,-22 20 41.5,,11.9,,6.69,0.7,11.81,5.99,1.398,,,,"USco,bronze",yes,Simbad,1,0.999992,18.5,10.977683238465817,3102.0,0.718,-1.897909476841433,0.197,0.384,0.021,0.13280757097791798,0.013866982803217402,,0.0
810,204418342,16 19 48.77,-22 24 47.6,,10.83,,5.98,0.0,10.83,5.98,0.4761,0.6337,,,"USco,silver",no,Simbad,1,0.999997,16.81,9.585384238465815,3283.0,0.8648,-1.7520267401462477,0.199,0.499,0.021,0.18990536277602527,0.013866982803217402,0.19699961999428064,0.009083756291806893
813,204260042,16 19 50.91,-23 02 08.2,,12.14,,6.39,0.32,12.1,6.07,1.3344,,,,"USco,bronze",maybe,Simbad,1,0.999996,18.49,11.028948238465816,,,-2.039529215958768,0.182,0.359,0.021,,0.013866982803217402,,0.0
815,204168477,16 19 51.85,-23 23 41.0,,10.79,,6.56,0.64,10.71,5.93,0.7376,0.5238,,,"USco,bronze",no,Simbad,1,0.999999,17.27,9.913529238465816,,,-1.6352614561886794,0.213,0.588,0.021,,0.013866982803217402,0.16245196924641142,0.009083756291806893
816,204364130,16 19 54.96,-22 37 32.5,,11.46,,6.92,0.57,11.39,6.35,1.2696,,,,"USco,bronze",no,Simbad,1,0.999998,18.310001,10.635363238465814,,,-1.7612014328497687,0.138,0.5,0.022,,0.013866982803217402,0.10872417084152923,0.009083756291806893
820,204321959,16 20 06.85,-22 47 32.2,,10.79,,6.15,0.4,10.74,5.76,0.7811,,,,"USco,gold",no,Simbad,1,0.999981,16.89,9.613032238465816,3425.6,1.125,-1.5400047468158624,0.26,0.592,0.021,0.2526666666666666,0.013866982803217402,0.193899698278479,0.009083756291806893
823,204932248,16 20 08.97,-20 12 22.5,,10.62,,6.51,0.77,10.52,5.74,3.7208,,,,"USco,bronze",maybe,Simbad,1,0.999992,17.03,9.613688238465816,3478.2,1.3752,-1.549442994498506,0.265,0.584,0.021,0.27771428571428564,0.013866982803217402,0.19386384337996632,0.009083756291806893
825,204956337,16 20 21.62,-20 05 35.1,,10.96,,6.45,0.88,10.85,5.57,7.7648,,,,"USco,gold",no,Simbad,1,0.999999,17.3,10.065342238465815,,,-1.7166987506685698,0.317,0.512,0.021,,0.013866982803217402,0.14964395383947496,0.009083756291806893
828,204287798,16 20 26.08,-22 55 43.1,,11.84,,7.13,0.76,11.74,6.37,0.9748,,,,"USco,bronze",no,Simbad,1,1.0,18.869999,11.108921238465816,,,-1.9523357965494288,0.135,0.418,0.021,,0.013866982803217402,,0.0
837,204666965,16 20 36.40,-21 23 12.3,,10.02,,5.86,0.21,9.99,5.65,13.3557,0.4891,,,"USco,gold",no,Simbad,1,0.999964,15.85,8.706436238465816,3366.9,1.02,,0.29,,,,0.013866982803217402,0.3265942310107143,0.009083756291806893
839,203478236,16 20 40.39,-26 00 18.2,,11.51,,6.63,0.82,11.4,5.81,1.7358,,,,"USco,bronze",no,Simbad,1,0.999997,18.029999,10.530615238465815,3427.6,1.4431,-1.6428277407529244,0.245,0.545,0.021,0.2536190476190476,0.013866982803217402,0.11534875430238768,0.009083756291806893
845,203636498,16 21 05.09,-25 27 42.6,,10.94,,6.34,0.35,10.9,5.99,0.7794,,,,"USco,bronze",no,Simbad,1,0.999997,17.24,9.868669238465817,3281.2,0.8756,-1.6681679736730783,0.198,0.541,0.021,0.18933753943217663,0.013866982803217402,0.16624073764986558,0.009083756291806893
848,203425996,16 21 14.32,-26 10 46.4,,11.02,,6.84,1.19,10.87,5.65,5.2152,,,,"USco,bronze",no,Simbad,1,0.999996,17.71,10.166342238465814,3426.1,1.645,-1.5503673461379075,0.291,0.596,0.021,0.25290476190476185,0.013866982803217402,0.1413826541486703,0.009083756291806893
849,203625455,16 21 14.92,-25 30 01.2,,11.35,,6.89,0.73,11.26,6.16,1.0829,,,,"USco,bronze",no,Simbad,1,0.999999,18.15,10.510093238465814,,,-1.7110804042534644,0.167,0.501,0.021,,0.013866982803217402,0.11659795174535321,0.009083756291806893
852,204346718,16 21 16.80,-22 41 36.8,,12.23,,7.36,1.09,12.09,6.28,0.6431,,,,"USco,bronze",no,Simbad,1,0.999999,19.45,11.597468238465815,,,-2.070070436219589,0.148,0.348,0.021,,0.013866982803217402,,0.0
860,204644117,16 21 29.61,-21 29 03.9,,11.23,,6.34,0.16,11.2,6.18,0.5736,,,,"USco,gold",no,Simbad,1,0.999998,17.54,10.121395238465816,3281.3,0.9222,-1.724458328769076,0.163,0.523,0.021,0.18936908517350165,0.013866982803217402,0.14506209616076815,0.009083756291806893
866,202873945,16 21 39.90,-28 03 06.9,,11.24,,7.38,1.21,11.09,6.16,0.6258,,,,"USco,bronze",maybe,Simbad,1,1.0,18.470001,10.629691238465814,3484.3,1.8663,-1.659754248176261,0.166,0.582,0.021,0.2806190476190477,0.013866982803217402,0.10901798143421067,0.009083756291806893
868,204471912,16 21 41.26,-22 12 05.7,,9.94,,5.91,0.35,9.9,5.56,0.7562,0.8027,,,"USco,gold",no,Simbad,1,0.999838,15.809999,8.641671238465815,3520.6,1.0888,,0.32,,,,0.013866982803217402,0.3378302529630059,0.009083756291806893
869,204211116,16 21 41.98,-23 13 43.5,,10.96,,7.92,2.02,10.7,5.9,2.1605,,,,"USco,bronze",yes,Simbad,1,0.999999,18.619999,10.592715238465814,,,-1.6647427262084722,0.22,0.56,0.021,,0.013866982803217402,0.11127724024753924,0.009083756291806893
888,204810161,16 22 14.80,-20 45 40.0,,11.23,,6.33,0.31,11.19,6.02,1.6579,1.5853,,,"USco,bronze",yes,Simbad,1,0.999999,17.52,10.207217238465816,,,-1.5975666613743154,0.191,0.593,0.035,,0.013866982803217402,0.13809415227333421,0.009083756291806893
893,204449274,16 22 21.59,-22 17 30.9,,12.62,,6.6,0.52,12.55,6.08,1.5494,1.2709,,,"USco,gold",yes,Simbad,1,0.999999,19.15,11.626324238465816,,,-2.2232988232839013,0.181,0.286,0.022,,0.013866982803217402,,0.0
911,204683343,16 23 04.73,-21 18 59.6,,12.16,,6.81,0.66,12.08,6.15,0.4643,,,,"USco,bronze",no,Simbad,1,0.999999,18.89,11.428469238465816,,,-2.0462403081659915,0.167,0.374,0.022,,0.013866982803217402,,0.0
916,204524752,16 23 17.40,-21 59 07.1,,10.16,,6.03,0.3,10.12,5.74,2.9538,,,,"USco,gold",no,Simbad,1,0.99982,16.15,8.930932238465815,,,,0.264,,,,0.013866982803217402,0.2894686117008462,0.009083756291806893
917,202906224,16 23 17.61,-27 56 10.9,,11.69,,6.61,0.73,11.59,5.88,0.7152,6.4585,,,"USco,bronze",no,Simbad,1,0.999998,18.2,10.786820238465817,,,-1.7358908284331664,0.226,0.505,0.034,,0.013866982803217402,0.10018528863004784,0.009083756291806893
925,204274536,16 23 32.83,-22 58 47.1,,10.29,,7.19,1.62,10.08,5.57,5.12,,,,"USco,bronze",yes,Simbad,1,0.999999,17.27,9.865650238465816,,,,0.317,,,,0.013866982803217402,0.16658470027686673,0.009083756291806893
926,202795175,16 23 41.85,-28 20 12.9,,12.74,,7.29,1.41,12.56,5.88,0.8361,,,,"USco,bronze",no,Simbad,1,0.999999,19.85,12.269501238465814,,,-2.1549019465805097,0.224,0.322,0.023,,0.013866982803217402,,0.0
958,204268916,16 24 35.20,-23 00 02.5,,10.99,,5.87,0.18,10.96,5.69,1.7534,,,,"USco,bronze",no,Simbad,1,0.999893,16.83,9.667314238465815,3434.1,1.0505,-1.5953373136444422,0.279,0.538,0.021,0.2567142857142857,0.013866982803217402,0.18792553957693878,0.009083756291806893
968,203343161,16 24 55.87,-26 27 18.3,,11.16,,6.73,0.73,11.07,5.99,2.2417,,,,"USco,bronze",yes,Simbad,1,0.999997,17.8,10.243252238465816,3265.7,0.9357,-1.625618308650173,0.197,0.575,0.021,0.18444794952681381,0.013866982803217402,0.13522434022887866,0.009083756291806893
982,204623020,16 25 10.34,-21 34 23.6,,11.45,,6.97,0.86,11.34,6.11,0.6584,,,,"USco,bronze",no,Simbad,1,0.999999,18.31,10.654040238465814,,,-1.7880789234620484,0.175,0.504,0.021,,0.013866982803217402,0.10762983992614816,0.009083756291806893
1009,204460283,16 25 29.68,-22 14 54.5,,12.11,,7.61,1.15,11.96,6.46,1.3956,,,,"USco,gold",no,Simbad,1,0.999999,19.57,11.598050238465817,,,-2.007888500337665,0.124,0.396,0.021,,0.013866982803217402,,0.0
1015,203421625,16 25 32.73,-26 11 39.0,,10.97,,6.05,0.0,10.97,6.05,1.7039,,,,"USco,gold",no,Simbad,1,0.999992,17.02,9.739876238465817,3408.3,1.0294,-1.6307841543712915,0.186,0.55,0.021,0.24442857142857152,0.013866982803217402,0.17955215571077474,0.009083756291806893
1026,204396010,16 25 43.20,-22 30 03.0,,12.09,,6.56,0.3,12.05,6.26,1.5603,,,,"USco,gold",yes,Simbad,1,0.999998,18.61,11.079653238465816,,,-2.040958589828968,0.151,0.364,0.021,,0.013866982803217402,,0.0
1028,204544020,16 25 48.07,-21 54 19.6,,11.15,,5.77,0.15,11.13,5.62,1.8496,,,,"USco,gold",no,Simbad,1,0.999877,16.9,9.781155238465816,3431.1,1.0277,-1.6825634973205663,0.301,0.494,0.021,0.2552857142857142,0.013866982803217402,0.17493176898312582,0.009083756291806893
1031,202793212,16 25 50.28,-28 20 38.1,,11.76,,5.84,0.25,11.72,5.59,2.1634,,,,"USco,bronze",no,Simbad,1,0.999862,17.560001,10.391664238465816,,,-1.7171514010522997,0.31,0.473,0.021,,0.013866982803217402,0.12434225878133585,0.009083756291806893
1035,203071614,16 25 55.40,-27 21 24.4,,9.98,,5.72,0.0,9.98,5.72,0.4632,0.5305,,,"USco,gold",no,Simbad,1,0.999527,15.699999,8.579701238465816,,,,0.268,,,,0.013866982803217402,0.34906387539233485,0.009083756291806893
