recno,[IHA2007],RAJ2000,DEJ2000,Per,Vmag,Icmag,Kmag,SNR,RV,l_vsini,vsini,Mm,logL,amp,tc,logR,W(Ca)1,W(Ca)2,logR'1,Mass,I07,single,PSS
1,1-1-1470,07 57 08.92,-61 29 18.60,8.803,17.6,15.45,13.47,26,0.56,<,8.0,,-1.23,0.016,52,-0.77,0.45,0.5,-4.47,0.57,1,1,0.998258
2,1-1-1667,07 57 16.58,-61 31 38.70,1.347,15.82,14.5,12.72,44,0.16,,22.0,,-0.88,0.01,35,-1.41,0.42,0.59,-4.49,0.7,1,1,0.998258
3,1-1-1880,07 57 24.78,-61 25 56.57,,18.92,16.46,14.24,14,2.82,<,8.0,*,-1.62,,81,,0.07,0.01,-5.27,0.43,0,1,0.999442
4,1-1-194,07 56 22.57,-61 27 01.49,,19.53,16.62,13.99,13,30.38,<,8.0,*,-1.63,,82,,0.08,0.02,-5.25,0.4,0,1,0.998613
5,1-1-1949,07 57 28.44,-61 30 08.22,,20.51,17.68,15.4,5,10.0,,16.8,*,-2.06,,135,,0.1,0.03,-5.17,0.25,0,1,0.999956
6,1-1-2241,07 57 37.82,-61 26 53.31,,20.17,17.24,14.92,7,0.1,,20.9,,-1.87,,108,,0.34,0.22,-4.65,0.31,0,1,0.999975
7,1-1-2403,07 57 43.35,-61 30 44.59,,20.11,17.24,15.0,7,3.42,,20.6,,-1.88,,110,,0.16,0.13,-4.96,0.31,0,1,0.999966
8,1-1-2490,07 57 47.14,-61 30 37.50,0.968,19.76,16.94,14.69,10,1.43,,25.6,,-1.77,0.018,96,-2.0,0.29,0.28,-4.7,0.35,1,1,0.999442
9,1-1-251,07 56 24.19,-61 27 25.90,,18.25,15.93,13.94,20,5.97,<,8.0,*,-1.41,,64,,-0.03,0.0,,0.5,0,1,0.998613
10,1-1-2695,07 57 56.09,-61 32 28.57,,20.44,17.52,14.95,6,2.24,,44.7,,-1.98,,123,,0.41,0.52,-4.56,0.27,0,1,0.999934
11,1-1-2698,07 57 56.15,-61 29 38.17,,17.92,15.51,13.35,25,13.6,<,8.0,*,-1.24,,52,,0.05,0.05,-5.42,0.56,0,1,0.996487
12,1-1-3201,07 58 16.47,-61 31 20.67,,16.83,14.79,12.77,33,12.87,<,8.0,*,-0.97,,39,,0.08,0.09,-5.24,0.66,0,1,0.998258
13,1-1-3254,07 58 19.38,-61 32 50.38,,17.12,15.15,13.15,25,0.52,<,8.0,,-1.12,,46,,0.26,0.38,-4.7,0.61,0,1,0.999146
14,1-1-3264,07 58 20.21,-61 33 53.80,1.32,19.43,16.72,14.32,11,2.5,,24.1,,-1.7,0.016,89,-1.83,0.63,0.5,-4.35,0.39,1,1,0.999442
15,1-1-3449,07 58 25.36,-61 29 01.88,,18.96,16.41,14.22,12,19.28,<,8.0,*,-1.59,,79,,0.0,-0.03,-6.66,0.43,0,1,0.99885
16,1-1-351,07 56 28.22,-61 27 46.60,2.318,18.84,16.31,14.17,16,1.4,,14.4,,-1.55,0.016,75,-1.51,0.49,0.46,-4.45,0.45,1,1,0.999324
17,1-1-3651,07 58 32.96,-61 32 35.29,,18.26,16.04,13.82,15,10.19,<,8.0,*,-1.46,,68,,0.06,0.03,-5.32,0.49,0,1,0.998613
18,1-1-3695,07 58 34.29,-61 27 08.00,9.606,16.91,14.94,12.97,33,1.77,<,8.0,*,-1.04,0.015,42,-0.64,0.31,0.37,-4.62,0.64,1,1,0.999442
19,1-1-3971,07 58 43.53,-61 33 40.48,,19.47,16.6,14.18,10,16.6,<,8.0,*,-1.63,,82,,0.11,-0.05,-5.11,0.41,0,1,0.999697
20,1-1-958,07 56 49.99,-61 32 19.90,6.291,18.36,15.95,13.63,19,1.06,<,8.0,,-1.41,0.015,64,-1.01,0.41,0.47,-4.52,0.5,1,1,0.996487
21,1-1-998,07 56 51.49,-61 30 40.05,,19.12,16.52,14.37,14,0.16,,33.2,,-1.63,,82,,0.39,0.37,-4.54,0.42,0,1,0.99885
22,1-2-126,07 56 19.96,-61 19 29.50,0.869,20.09,17.27,14.81,7,0.32,<,8.0,,-1.9,0.021,112,-2.11,0.83,0.78,-4.24,0.3,1,1,0.999938
23,1-2-1835,07 57 21.32,-61 16 48.64,,15.64,13.9,12.12,45,11.01,<,8.0,*,-0.67,,27,,0.12,0.16,-4.99,0.78,0,1,0.998258
24,1-2-1929,07 57 24.32,-61 17 29.60,1.244,18.36,15.92,13.55,20,1.18,,24.2,,-1.4,0.016,63,-1.71,0.36,0.5,-4.58,0.5,1,1,0.999146
25,1-2-2281,07 57 36.33,-61 21 29.30,10.374,17.24,15.23,13.25,26,0.12,<,8.0,,-1.15,0.015,48,-0.66,0.32,0.33,-4.62,0.6,1,1,0.999019
26,1-2-2473,07 57 43.60,-61 17 27.61,,19.53,16.93,14.5,10,7.78,<,8.0,*,-1.79,,99,,0.06,-0.07,-5.38,0.36,0,1,0.999617
27,1-2-2479,07 57 43.86,-61 23 14.03,,16.19,14.81,12.99,36,106.67,<,8.0,*,-1.01,,40,,-0.14,-0.15,,0.66,0,1,0.999994
28,1-2-2491,07 57 44.72,-61 23 32.70,1.739,18.55,16.12,14.02,18,0.91,,10.7,,-1.48,0.006,69,-1.6,0.51,0.51,-4.43,0.48,1,1,0.997667
29,1-2-2564,07 57 46.96,-61 18 55.33,,15.91,14.58,12.73,39,6.8,<,8.0,*,-0.92,,36,,0.5,0.61,-4.42,0.69,0,1,0.999442
30,1-2-2597,07 57 48.84,-61 21 50.72,,19.86,17.09,14.85,8,11.76,<,8.0,*,-1.83,,104,,0.22,0.29,-4.82,0.33,0,1,0.999762
31,1-2-271,07 56 24.97,-61 21 39.24,,18.24,15.96,13.7,18,0.64,,11.3,,-1.43,,65,,0.49,0.61,-4.44,0.5,0,1,0.998258
32,1-2-2802,07 57 54.11,-61 18 09.73,,19.84,17.01,14.65,7,0.41,<,8.0,,-1.79,,99,,0.33,0.42,-4.65,0.34,0,1,0.999488
33,1-2-2824,07 57 56.96,-61 18 43.90,2.076,19.04,16.53,14.15,13,0.69,,15.3,,-1.64,0.01,83,-1.6,0.46,0.41,-4.47,0.42,1,1,0.999245
34,1-2-2994,07 58 02.87,-61 24 36.14,,17.08,15.12,13.12,31,5.74,<,8.0,*,-1.11,,45,,0.07,0.11,-5.25,0.62,0,1,0.999245
35,1-2-31,07 56 16.53,-61 17 12.77,,20.39,17.4,14.93,12,1.09,,13.6,,-1.93,,116,,0.32,0.28,-4.67,0.28,0,1,0.99989
36,1-2-3412,07 58 15.90,-61 18 29.08,,18.09,15.87,13.82,18,10.33,<,8.0,*,-1.4,,63,,-0.02,0.02,,0.51,0,1,0.999146
37,1-2-3472,07 58 18.25,-61 21 09.00,4.432,17.45,15.37,13.42,23,0.98,<,8.0,,-1.21,0.021,50,-1.06,0.46,0.57,-4.46,0.58,1,1,0.998258
38,1-2-3503,07 58 19.17,-61 23 52.24,,16.22,14.67,12.77,36,0.13,<,8.0,,-0.97,,38,,0.43,0.5,-4.46,0.68,0,1,0.999245
39,1-2-3572,07 58 21.56,-61 17 15.91,,19.23,16.65,14.43,10,42.37,<,8.0,*,-1.68,,87,,0.11,0.11,-5.11,0.4,0,1,0.999245
40,1-2-369,07 56 28.62,-61 17 11.80,0.275,17.07,15.0,12.86,40,18.12,,105.1,*,-1.06,0.023,42,-2.19,0.88,1.38,-4.17,0.63,1,1,0.992964
41,1-2-4076,07 58 40.52,-61 16 46.90,,18.28,15.65,13.48,23,60.75,,13.7,*,-1.28,,55,,0.1,0.01,-5.16,0.54,0,1,0.998613
42,1-2-4256,07 58 47.02,-61 23 46.60,0.808,20.47,17.57,14.93,6,2.5,,30.9,,-2.0,0.017,127,-2.2,0.18,0.38,-4.92,0.26,1,1,0.999989
43,1-2-463,07 56 32.23,-61 21 46.47,,17.87,15.57,13.37,26,3.75,,9.7,*,-1.27,,54,,0.19,0.21,-4.85,0.55,0,1,0.998613
44,1-2-619,07 56 38.03,-61 23 59.93,,19.45,16.73,14.31,13,0.15,,19.5,,-1.7,,89,,0.37,0.39,-4.58,0.39,0,1,0.999442
45,1-2-752,07 56 42.49,-61 17 48.59,,17.81,15.39,13.2,27,31.35,<,8.0,*,-1.19,,50,,0.03,0.0,-5.64,0.58,0,1,0.997667
46,1-2-816,07 56 45.30,-61 24 21.22,,18.97,16.31,13.99,15,9.88,<,8.0,*,-1.54,,74,,0.07,0.04,-5.31,0.45,0,1,0.999019
47,1-2-836,07 56 46.03,-61 17 09.30,1.271,19.67,16.99,14.45,16,0.34,,19.2,,-1.81,0.027,101,-1.9,0.37,0.4,-4.57,0.35,1,1,0.999591
48,1-3-118,07 56 19.66,-61 12 05.80,0.639,20.51,17.61,15.12,10,1.47,,33.3,,-2.02,0.038,129,-2.3,0.44,0.45,-4.53,0.25,1,1,0.999951
49,1-3-1198,07 56 54.17,-61 16 04.97,,20.02,17.29,14.93,12,16.11,,10.6,*,-1.92,,115,,0.02,-0.03,-5.96,0.3,0,1,0.999862
50,1-3-1523,07 57 04.55,-61 09 14.10,,20.36,17.52,15.34,9,12.05,<,8.0,*,-1.99,,125,,-0.01,-0.09,,0.27,0,1,0.999958
51,1-3-1638,07 57 03.73,-61 09 44.37,,19.66,17.04,14.65,16,29.98,<,8.0,*,-1.84,,104,,0.04,-0.01,-5.59,0.34,0,1,0.999874
52,1-3-1683,07 57 09.42,-61 14 23.80,0.77,21.13,18.04,15.04,7,2.22,,17.6,,-2.17,0.019,153,-2.3,0.12,0.33,-5.13,0.2,1,1,0.999976
53,1-3-1740,07 57 10.65,-61 11 16.00,,16.57,14.82,12.96,39,0.78,<,8.0,,-1.04,,42,,0.31,0.38,-4.58,0.66,0,1,0.999617
54,1-3-1747,07 57 11.17,-61 13 06.36,,19.95,17.03,14.6,13,21.21,<,8.0,*,-1.79,,99,,0.16,0.07,-4.98,0.34,0,1,0.999527
55,1-3-1888,07 57 09.67,-61 08 53.16,,16.09,14.57,12.61,57,0.0,<,8.0,,-0.93,,37,,0.24,0.33,-4.71,0.69,0,1,0.998258
56,1-3-1904,07 57 15.88,-61 15 44.80,,21.76,18.38,15.43,5,0.67,,36.1,,-2.26,,170,,0.17,0.15,-5.01,0.17,0,1,0.999993
57,1-3-1918,07 57 16.40,-61 07 46.42,,16.53,14.85,12.95,41,0.62,<,8.0,,-1.05,,42,,0.27,0.36,-4.65,0.65,0,1,0.99885
58,1-3-1944,07 57 17.63,-61 15 31.00,,21.03,17.85,15.07,8,2.21,,55.6,,-2.08,,138,,0.3,0.36,-4.73,0.23,0,1,0.999992
59,1-3-2082,07 57 22.07,-61 09 18.17,,16.96,14.67,12.6,44,4.65,<,8.0,*,-0.91,,36,,0.02,-0.02,-5.74,0.68,0,1,0.997667
60,1-3-2128,07 57 23.80,-61 08 51.10,0.634,20.52,17.55,15.04,10,1.75,,19.9,,-1.99,0.023,124,-2.29,0.27,0.36,-4.75,0.26,1,1,0.999978
61,1-3-2179,07 57 25.28,-61 15 31.11,,19.79,16.81,14.64,13,47.24,<,8.0,*,-1.69,,88,,0.01,0.01,-6.03,0.37,0,1,0.999884
62,1-3-2213,07 57 26.10,-61 11 55.72,,20.91,17.94,15.1,6,1.13,<,8.0,,-2.15,,149,,0.31,0.31,-4.68,0.22,0,1,0.999985
63,1-3-2266,07 57 27.39,-61 13 30.95,,19.83,17.07,14.59,10,43.73,,10.6,*,-1.83,,103,,-0.04,0.0,,0.33,0,1,0.999781
64,1-3-232,07 56 22.81,-61 12 36.00,1.192,18.82,16.29,14.04,24,0.34,,9.2,,-1.54,0.007,74,-1.79,0.47,0.51,-4.46,0.45,1,1,0.998258
65,1-3-2379,07 57 32.93,-61 07 25.10,0.681,20.06,17.13,14.72,11,1.86,,26.6,,-1.83,0.022,103,-2.18,0.37,0.32,-4.61,0.32,1,1,0.99989
66,1-3-2588,07 57 33.66,-61 15 18.40,0.393,17.28,15.04,12.89,31,1.9,,55.9,,-1.06,0.014,43,-2.04,0.65,0.7,-4.31,0.63,1,1,0.996487
67,1-3-2668,07 57 42.51,-61 09 44.70,0.539,20.48,17.53,14.8,8,0.22,,31.5,,-1.98,0.025,123,-2.36,0.31,0.41,-4.68,0.26,1,1,0.999958
68,1-3-2945,07 57 52.94,-61 15 35.99,,20.11,17.28,14.96,7,0.27,<,8.0,,-1.9,,112,,0.18,0.35,-4.92,0.3,0,1,0.999911
69,1-3-3005,07 57 55.36,-61 15 12.30,0.297,19.97,17.15,14.7,7,6.48,,53.0,,-1.85,0.012,106,-2.55,0.39,0.41,-4.57,0.32,1,1,0.999899
70,1-3-4292,07 58 39.61,-61 13 24.45,,21.0,17.92,15.58,5,2.63,,29.0,,-2.12,,145,,-0.19,0.12,,0.22,0,1,0.999979
71,1-3-4335,07 58 40.90,-61 14 54.40,,19.57,16.92,14.58,9,7.8,<,8.0,*,-1.78,,98,,0.01,0.43,-6.08,0.36,0,1,0.99982
72,1-3-4380,07 58 41.83,-61 12 02.07,,17.48,15.13,13.01,37,18.6,<,8.0,*,-1.09,,44,,0.26,0.29,-4.72,0.61,0,1,0.996487
73,1-3-4503,07 58 46.35,-61 14 31.95,,19.66,17.01,14.85,11,21.05,<,8.0,*,-1.82,,102,,-0.04,0.04,,0.34,0,1,0.999527
74,1-3-461,07 56 27.54,-61 09 05.00,0.42,20.65,17.71,15.22,9,0.53,,46.3,,-2.06,0.049,134,-2.5,0.33,0.25,-4.65,0.24,1,1,0.999983
75,1-3-470,07 56 27.73,-61 09 16.57,,18.47,15.94,13.8,29,25.3,<,8.0,*,-1.4,,63,,0.04,0.0,-5.52,0.5,0,1,0.992964
76,1-3-664,07 56 35.06,-61 10 08.60,2.561,17.75,15.57,13.41,32,0.02,,9.3,,-1.28,0.024,55,-1.33,0.48,0.55,-4.44,0.55,1,1,0.998258
77,1-3-699,07 56 36.59,-61 13 17.60,1.59,19.25,16.62,14.33,20,0.57,,14.8,,-1.67,0.01,86,-1.73,0.46,0.48,-4.48,0.4,1,1,0.999324
78,1-3-927,07 56 45.57,-61 14 31.30,1.36,18.82,16.33,14.17,22,0.92,<,8.0,,-1.56,0.008,76,-1.75,0.39,0.45,-4.54,0.45,1,1,0.999146
79,1-4-1142,07 56 54.83,-61 05 26.21,,17.05,15.11,13.16,38,34.23,<,8.0,*,-1.11,,45,,0.07,0.08,-5.27,0.62,0,1,0.999245
80,1-4-1225,07 56 58.33,-61 02 08.10,0.741,20.62,17.68,15.0,8,1.26,<,8.0,,-2.04,0.021,132,-2.25,0.25,0.09,-4.77,0.25,1,1,0.999949
81,1-4-1313,07 57 01.29,-61 01 10.10,3.532,18.82,16.31,13.97,18,0.62,<,8.0,,-1.55,0.009,75,-1.33,0.36,0.41,-4.58,0.45,1,1,0.999389
82,1-4-1401,07 57 02.76,-61 05 20.20,0.352,19.64,16.78,14.38,16,0.61,,51.7,,-1.7,0.024,89,-2.4,0.41,0.48,-4.56,0.38,1,1,0.999813
83,1-4-155,07 56 23.06,-61 00 01.20,,20.24,17.38,14.88,8,8.95,<,8.0,*,-1.94,,117,,0.05,-0.04,-5.46,0.29,0,1,0.999958
84,1-4-1609,07 57 10.37,-61 01 13.50,0.742,18.72,16.19,13.83,22,1.39,,26.8,,-1.5,0.015,71,-1.98,0.45,0.5,-4.48,0.47,1,1,0.997667
85,1-4-1930,07 57 21.55,-61 03 56.50,6.065,19.12,16.55,14.26,18,0.96,<,8.0,,-1.64,0.015,84,-1.14,0.83,0.79,-4.22,0.41,1,1,0.999324
86,1-4-2288,07 57 37.23,-61 04 22.86,,17.25,14.82,12.75,35,1.39,<,8.0,,-0.96,,38,,0.04,0.01,-5.57,0.66,0,1,0.996487
87,1-4-2755,07 57 54.32,-61 05 29.60,2.741,19.65,16.95,14.51,9,0.28,,8.4,,-1.79,0.014,99,-1.56,0.3,0.29,-4.67,0.35,1,1,0.999712
88,1-4-2793,07 57 55.65,-61 04 17.20,0.595,19.81,17.03,14.63,5,2.08,,32.1,,-1.81,0.009,101,-2.23,0.26,0.35,-4.75,0.34,1,1,0.999896
89,1-4-2846,07 57 57.76,-61 02 03.80,0.918,19.29,16.65,14.32,16,0.02,,31.1,,-1.68,0.012,87,-1.98,0.45,0.36,-4.48,0.4,1,1,0.999488
90,1-4-3146,07 58 06.99,-60 58 32.21,,19.6,16.85,14.34,15,2.88,,41.9,,-1.74,,94,,0.34,0.38,-4.63,0.37,0,1,0.999838
91,1-4-3259,07 58 10.51,-61 04 10.97,,20.73,17.76,14.99,6,0.86,,26.4,,-2.08,,137,,0.2,0.1,-4.87,0.24,0,1,0.999978
92,1-4-3317,07 58 12.62,-61 04 29.70,0.599,19.65,16.87,14.67,13,0.27,,43.7,,-1.75,0.025,94,-2.2,0.3,0.37,-4.68,0.37,1,1,0.999826
93,1-4-3373,07 58 11.90,-61 01 41.90,0.148,19.12,16.33,13.82,18,16.09,,125.9,,-1.53,0.013,73,-2.69,0.55,0.47,-4.42,0.45,1,1,0.996487
94,1-4-3379,07 58 14.39,-61 00 00.90,6.422,17.96,15.69,13.48,28,10.4,,10.1,*,-1.32,0.011,58,-0.95,0.47,0.46,-4.45,0.54,1,1,0.998613
95,1-4-3439,07 58 16.00,-61 05 53.40,0.704,19.66,16.72,14.34,13,1.09,,31.2,,-1.66,0.017,85,-2.08,0.28,0.2,-4.72,0.39,1,1,0.999762
96,1-4-3464,07 58 16.53,-60 58 24.37,,18.87,16.26,14.0,23,17.44,,19.7,*,-1.52,,73,,0.21,0.28,-4.82,0.46,0,1,0.997667
97,1-4-3531,07 58 18.77,-61 03 07.75,,20.44,17.53,15.03,8,1.74,,22.4,,-1.99,,124,,0.16,0.21,-4.98,0.26,0,1,0.999948
98,1-4-355,07 56 28.90,-61 02 01.10,2.392,17.8,15.46,13.22,31,0.89,,9.0,,-1.23,0.014,52,-1.33,0.42,0.48,-4.51,0.57,1,1,0.999019
99,1-4-3693,07 58 24.23,-60 58 53.04,,18.24,15.89,13.71,25,27.76,<,8.0,*,-1.39,,63,,0.09,0.03,-5.16,0.51,0,1,0.92974
100,1-4-3776,07 58 27.23,-61 02 45.40,0.639,19.99,17.03,14.53,12,2.55,,25.0,,-1.78,0.011,98,-2.19,0.2,0.29,-4.88,0.34,1,1,0.99979
101,1-4-3820,07 58 28.72,-61 03 18.26,,16.98,15.15,13.26,34,10.75,<,8.0,*,-1.16,,48,,0.11,0.13,-5.06,0.61,0,1,0.999862
102,1-4-3893,07 58 31.27,-61 04 33.80,1.036,19.02,16.24,13.74,21,3.17,,34.6,*,-1.49,0.019,70,-1.83,0.41,0.4,-4.54,0.46,1,1,0.999245
103,1-4-3936,07 58 32.59,-60 59 45.95,,16.79,15.02,13.09,38,0.76,<,8.0,,-1.12,,46,,0.52,0.64,-4.36,0.63,0,1,0.999561
104,1-4-3974,07 58 34.23,-60 59 50.30,0.362,20.79,17.73,15.35,8,2.08,,40.1,,-2.05,0.021,134,-2.57,0.24,0.22,-4.81,0.24,1,1,0.999827
105,1-4-401,07 56 29.76,-60 59 59.79,,17.22,15.16,13.0,34,0.05,,23.0,,-1.12,,46,,0.28,0.3,-4.67,0.61,0,1,0.998258
106,1-4-4038,07 58 36.78,-61 03 54.80,0.269,18.64,16.06,13.78,23,0.26,,84.7,,-1.45,0.023,66,-2.39,0.57,0.63,-4.38,0.48,1,1,0.997667
107,1-4-4069,07 58 38.22,-61 03 31.20,0.446,20.45,17.55,,9,0.52,,40.5,,-2.0,0.023,126,-2.45,0.41,0.33,-4.56,0.26,1,1,0.999959
108,1-4-470,07 56 31.38,-60 59 32.93,,17.23,14.99,12.81,37,0.52,<,8.0,,-1.04,,42,,0.38,0.38,-4.54,0.63,0,1,0.992964
109,1-4-559,07 56 34.98,-60 59 29.01,,18.42,16.03,13.95,20,9.05,<,8.0,*,-1.45,,67,,0.02,-0.01,-5.83,0.49,0,1,0.998258
110,1-4-673,07 56 39.05,-61 03 46.60,,17.32,15.37,13.34,35,0.89,<,8.0,,-1.21,,51,,0.4,0.47,-4.51,0.58,0,1,0.999527
111,1-4-679,07 56 39.13,-61 06 46.61,,18.93,16.36,14.09,19,1.09,,9.2,,-1.56,,76,,0.37,0.42,-4.57,0.44,0,1,0.999932
112,1-4-778,07 56 42.61,-61 05 48.36,,19.24,16.55,14.32,20,26.23,<,8.0,*,-1.63,,82,,0.13,0.12,-5.02,0.41,0,1,0.99885
113,1-4-891,07 56 46.88,-60 59 25.30,1.999,18.88,16.36,14.13,15,1.1,<,8.0,,-1.57,0.011,77,-1.58,0.41,0.45,-4.52,0.44,1,1,0.999019
114,1-4-917,07 56 47.21,-61 01 23.55,,18.69,16.27,14.07,21,0.64,<,8.0,,-1.54,,74,,0.39,0.48,-4.55,0.45,0,1,0.998613
115,1-5-1156,07 59 28.03,-61 26 01.00,0.895,19.48,16.76,14.35,13,1.73,,23.4,,-1.71,0.009,90,-2.0,0.17,0.07,-4.91,0.38,1,1,0.999726
116,1-5-121,07 58 52.91,-61 30 44.40,,18.88,16.47,14.22,10,24.24,,16.0,*,-1.63,,82,,0.0,-0.06,-6.65,0.42,0,1,0.999324
117,1-5-1336,07 59 35.64,-61 26 30.50,,19.4,16.73,14.36,15,13.85,<,8.0,*,-1.71,,90,,-0.03,-0.08,,0.39,0,1,0.997667
118,1-5-176,07 58 54.20,-61 30 33.74,,16.92,15.16,13.19,24,17.57,<,8.0,*,-1.18,,49,,0.13,0.09,-4.97,0.61,0,1,0.997298
119,1-5-2025,08 00 02.88,-61 25 58.51,,16.41,14.42,13.01,59,26.94,<,8.0,*,-0.83,,33,,-0.06,-0.06,,0.71,0,1,0.999989
120,1-5-2081,08 00 04.93,-61 25 49.01,,16.58,14.88,13.94,35,52.84,<,8.0,*,-1.06,,43,,0.01,0.02,-6.04,0.65,0,1,0.999994
121,1-5-230,07 58 56.29,-61 31 12.50,0.375,17.63,15.5,13.4,19,2.69,,53.0,,-1.25,0.025,53,-2.15,0.55,0.66,-4.38,0.56,1,1,0.997667
122,1-5-2323,08 00 14.23,-61 27 10.50,5.716,17.19,15.1,13.23,39,1.32,<,8.0,,-1.1,0.024,45,-0.89,0.45,0.53,-4.47,0.62,1,1,0.99885
123,1-5-2593,08 00 24.53,-61 25 53.96,,20.73,17.57,14.81,8,9.2,,11.0,*,-1.97,,121,,0.2,0.36,-4.9,0.26,0,1,0.999972
124,1-5-2756,08 00 31.01,-61 25 57.11,,20.91,17.91,15.27,7,0.99,,21.0,,-2.13,,146,,0.26,0.47,-4.77,0.22,0,1,0.999964
125,1-5-283,07 58 57.97,-61 32 39.40,0.698,17.73,15.5,13.25,19,3.16,,24.9,*,-1.25,0.007,53,-1.88,0.67,0.8,-4.3,0.56,1,1,0.992964
126,1-5-2858,08 00 33.84,-61 25 58.40,,17.36,15.21,13.28,36,11.17,<,8.0,*,-1.14,,47,,0.02,0.0,-5.74,0.6,0,1,0.999619
127,1-5-925,07 59 19.07,-61 27 59.70,1.314,19.19,16.58,14.49,7,1.98,,35.0,,-1.65,0.008,85,-1.81,0.22,0.41,-4.8,0.41,1,1,0.99885
128,1-6-1056,07 59 25.20,-61 23 10.37,,20.51,17.63,14.96,8,1.77,,24.6,,-2.03,,131,,0.3,0.1,-4.69,0.25,0,1,0.999937
129,1-6-1146,07 59 27.62,-61 17 42.93,,19.01,16.48,14.25,17,8.21,<,8.0,*,-1.62,,81,,0.03,0.0,-5.69,0.42,0,1,0.997667
130,1-6-1165,07 59 29.02,-61 22 14.85,,20.08,17.13,14.68,8,0.66,,35.7,,-1.82,,103,,0.25,0.18,-4.79,0.32,0,1,0.999926
131,1-6-1250,07 59 32.09,-61 19 10.20,,20.49,17.64,15.05,7,50.14,,47.9,*,-2.04,,132,,0.28,0.37,-4.71,0.25,0,1,0.999949
132,1-6-1371,07 59 36.07,-61 21 06.80,0.941,20.14,17.28,14.59,11,1.82,,25.8,,-1.9,0.026,112,-2.07,0.13,0.16,-5.04,0.3,1,1,0.999915
133,1-6-1450,07 59 38.51,-61 16 44.25,,20.49,17.34,14.95,10,0.82,,20.9,,-1.88,,109,,0.16,0.11,-4.99,0.29,0,1,0.999219
134,1-6-1655,07 59 44.93,-61 19 03.83,,19.42,16.57,14.15,18,14.41,<,8.0,*,-1.62,,81,,0.06,0.03,-5.37,0.41,0,1,0.999527
135,1-6-1682,07 59 45.85,-61 17 55.63,,17.66,15.43,13.31,34,0.7,<,8.0,,-1.22,,51,,0.04,0.08,-5.54,0.57,0,1,0.992964
136,1-6-189,07 58 55.13,-61 18 34.40,12.232,17.9,15.77,13.65,20,0.63,<,8.0,,-1.36,0.014,60,-0.69,0.26,0.26,-4.71,0.52,1,1,0.992964
137,1-6-215,07 58 56.18,-61 23 16.22,,18.17,15.8,13.64,20,1.53,<,8.0,,-1.36,,60,,0.04,0.01,-5.5,0.52,0,1,0.810485
138,1-6-2353,08 00 09.53,-61 22 32.62,,20.92,17.94,15.32,6,3.81,,25.7,,-2.15,,149,,-0.04,0.22,,0.22,0,1,0.999966
139,1-6-2526,08 00 15.08,-61 23 37.80,2.315,16.3,14.46,12.42,58,8.86,,36.4,*,-0.88,0.024,35,-1.17,0.51,0.61,-4.39,0.7,1,1,0.992964
140,1-6-2689,08 00 20.46,-61 18 53.32,,19.28,16.63,14.26,16,39.77,<,8.0,*,-1.67,,86,,-0.01,-0.07,,0.4,0,1,0.999389
141,1-6-2837,08 00 24.76,-61 18 05.70,8.698,17.39,15.3,13.32,32,1.11,<,8.0,,-1.18,0.012,49,-0.75,0.36,0.46,-4.56,0.59,1,1,0.997667
142,1-6-2926,08 00 27.50,-61 18 13.06,,20.26,17.3,14.7,10,2.66,,26.9,,-1.89,,111,,0.06,0.14,-5.38,0.3,0,1,0.99994
143,1-6-3083,08 00 32.04,-61 16 34.00,0.488,20.82,17.82,14.96,7,2.0,,46.5,,-2.1,0.03,141,-2.46,0.73,0.59,-4.32,0.23,1,1,0.999973
144,1-6-3124,08 00 33.56,-61 17 27.57,,17.76,15.4,13.23,27,24.47,,41.3,*,-1.2,,50,,0.08,0.05,-5.25,0.58,0,1,0.998613
145,1-6-3322,08 00 40.87,-61 17 48.34,,16.33,14.54,12.56,52,41.68,<,8.0,*,-0.92,,36,,0.04,0.03,-5.48,0.69,0,1,0.998258
146,1-6-3339,08 00 42.16,-61 25 03.80,0.499,20.53,17.57,14.99,9,0.39,,31.9,,-2.0,0.046,126,-2.4,0.23,0.18,-4.82,0.26,1,1,0.999982
147,1-6-34,07 58 49.60,-61 25 10.56,,16.43,14.84,13.86,32,2.71,<,8.0,*,-1.04,,42,,-0.03,-0.01,,0.65,0,1,0.99999
148,1-6-3404,08 00 44.81,-61 25 08.60,1.467,18.29,15.92,13.67,23,0.63,,16.8,,-1.41,0.019,63,-1.64,0.57,0.59,-4.37,0.5,1,1,0.998613
149,1-6-3423,08 00 45.00,-61 18 58.59,,20.93,17.86,15.11,6,5.8,,14.6,*,-2.1,,141,,0.12,0.03,-5.1,0.22,0,1,0.999989
150,1-6-3435,08 00 45.65,-61 23 51.90,1.415,18.78,16.28,14.02,20,0.23,,20.8,,-1.54,0.007,74,-1.72,0.69,0.66,-4.3,0.45,1,1,0.996487
151,1-6-3564,08 00 49.54,-61 21 43.60,0.635,20.51,17.57,15.02,7,0.54,,32.6,,-2.0,0.011,126,-2.3,0.23,0.37,-4.81,0.26,1,1,0.999932
152,1-6-3599,08 00 50.46,-61 20 53.83,,16.64,14.84,12.9,45,95.35,<,8.0,*,-1.04,,42,,0.05,0.03,-5.36,0.65,0,1,0.999442
153,1-6-3648,08 00 52.40,-61 17 51.64,,19.96,16.98,14.37,11,13.24,<,8.0,*,-1.76,,96,,0.04,-0.03,-5.6,0.35,0,1,0.999781
154,1-6-4071,08 01 07.05,-61 25 04.30,0.793,19.82,17.0,14.46,11,0.3,,25.5,,-1.79,0.025,99,-2.1,0.14,0.34,-5.03,0.35,1,1,0.999904
155,1-6-41,07 58 49.08,-61 18 12.50,,16.29,14.48,13.38,41,48.14,<,8.0,*,-0.89,,35,,-0.01,-0.01,,0.7,0,1,0.999972
156,1-6-4112,08 01 08.19,-61 23 29.50,2.391,18.76,16.27,13.94,17,1.02,<,8.0,,-1.53,0.007,74,-1.49,0.49,0.53,-4.44,0.45,1,1,0.998258
157,1-6-4160,08 01 09.85,-61 23 51.70,1.225,18.81,16.17,13.78,18,0.59,,12.6,,-1.48,0.012,69,-1.75,0.32,0.36,-4.64,0.47,1,1,0.992964
158,1-6-59,07 58 50.93,-61 24 48.82,,20.52,17.68,15.19,5,13.91,<,8.0,*,-2.06,,135,,0.07,-0.06,-5.34,0.25,0,1,0.999986
159,1-6-610,07 59 09.96,-61 22 42.33,,20.63,17.65,15.33,7,0.08,,37.4,,-2.03,,130,,0.55,0.22,-4.44,0.25,0,1,0.999983
160,1-6-612,07 59 09.80,-61 18 45.92,,20.86,17.97,14.83,5,16.88,,26.6,*,-2.17,,153,,0.25,0.07,-4.78,0.21,0,1,0.999997
161,1-6-697,07 59 12.88,-61 19 10.00,2.223,18.27,15.92,13.53,16,0.03,,13.6,,-1.41,0.011,64,-1.46,0.56,0.61,-4.38,0.5,1,1,0.992964
162,1-6-88,07 58 51.35,-61 19 45.99,,16.14,14.11,13.04,63,34.9,<,8.0,*,-0.7,,28,,-0.04,-0.02,,0.75,0,1,0.999981
163,1-6-91,07 58 52.18,-61 23 59.20,2.237,18.89,16.36,14.05,17,0.63,,11.4,,-1.57,0.018,77,-1.53,0.56,0.66,-4.39,0.44,1,1,0.998258
164,1-7-105,07 58 50.90,-61 11 44.30,0.762,18.22,15.78,13.45,26,0.02,,16.6,,-1.34,0.005,59,-1.89,0.5,0.58,-4.43,0.52,1,1,0.996487
165,1-7-1184,07 59 24.05,-61 11 28.00,0.581,20.51,17.49,14.6,9,0.68,,28.7,,-1.96,0.045,120,-2.31,0.1,0.32,-5.18,0.27,1,1,0.999978
166,1-7-1246,07 59 26.54,-61 15 30.51,,20.24,17.38,14.86,10,0.93,,30.4,,-1.94,,117,,0.33,0.38,-4.65,0.29,0,1,0.999901
167,1-7-1315,07 59 27.53,-61 09 02.21,,19.88,17.07,14.69,10,0.85,,24.4,,-1.82,,102,,0.24,0.4,-4.79,0.33,0,1,0.999712
168,1-7-1678,07 59 40.72,-61 15 54.03,,20.16,17.1,14.45,13,0.93,,37.0,,-1.8,,100,,0.25,0.28,-4.8,0.33,0,1,0.99998
169,1-7-1773,07 59 41.78,-61 11 18.09,,16.18,14.49,12.56,53,8.96,<,8.0,*,-0.91,,36,,0.12,0.13,-5.01,0.7,0,1,0.996487
170,1-7-1862,07 59 45.39,-61 11 06.40,1.415,18.79,16.27,13.88,13,0.93,,10.2,,-1.53,0.01,73,-1.72,0.56,0.64,-4.39,0.45,1,1,0.998613
171,1-7-1959,07 59 48.65,-61 11 50.35,,20.47,17.38,14.84,9,2.46,,23.9,,-1.9,,113,,0.24,0.26,-4.81,0.29,0,1,0.99998
172,1-7-1986,07 59 49.49,-61 10 26.79,,20.11,17.24,14.78,9,1.76,,8.9,,-1.88,,110,,0.31,0.31,-4.68,0.31,0,1,0.999887
173,1-7-2049,07 59 51.44,-61 08 01.60,2.805,18.13,15.74,13.52,25,0.19,,16.3,,-1.33,0.01,58,-1.32,0.49,0.52,-4.44,0.53,1,1,0.997667
174,1-7-2545,08 00 09.34,-61 13 28.40,1.749,18.24,15.87,13.53,26,1.35,,9.1,,-1.38,0.011,62,-1.55,0.5,0.57,-4.43,0.51,1,1,0.998258
175,1-7-2921,08 00 22.05,-61 13 58.20,0.749,19.82,17.03,14.58,11,0.94,,26.4,,-1.81,0.01,101,-2.13,0.32,0.29,-4.65,0.34,1,1,0.99979
176,1-7-2945,08 00 22.90,-61 14 25.01,,20.35,17.44,14.93,8,0.45,,9.3,,-1.95,,119,,0.26,0.36,-4.75,0.28,0,1,0.999982
177,1-7-3076,08 00 27.20,-61 09 30.10,0.545,20.33,17.52,15.09,5,3.0,,24.7,,-2.0,0.022,126,-2.36,0.1,0.29,-5.16,0.27,1,1,0.999966
178,1-7-3212,08 00 32.34,-61 13 14.10,6.795,17.4,15.25,13.12,33,1.02,,10.9,,-1.15,0.006,48,-0.85,0.35,0.46,-4.57,0.6,1,1,0.996487
179,1-7-3219,08 00 33.01,-61 15 10.70,0.863,19.82,17.01,14.51,13,0.9,,19.1,,-1.8,0.011,100,-2.06,0.43,0.35,-4.53,0.34,1,1,0.999661
180,1-7-3292,08 00 35.55,-61 11 38.69,,20.8,17.85,15.05,5,2.13,,16.8,,-2.12,,144,,0.06,0.03,-5.43,0.23,0,1,0.999948
181,1-7-3688,08 00 47.13,-61 11 49.60,0.308,20.26,17.29,14.93,7,0.7,,29.1,,-1.88,0.021,110,-2.55,0.45,0.26,-4.53,0.3,1,1,0.999937
182,1-7-3741,08 00 49.32,-61 12 15.70,0.916,17.92,15.59,13.28,24,1.42,,29.7,,-1.28,0.015,55,-1.78,0.66,0.73,-4.31,0.55,1,1,0.99885
183,1-7-3757,08 00 50.02,-61 13 54.45,,16.44,14.34,12.38,48,31.66,<,8.0,*,-0.79,,31,,0.07,0.03,-5.25,0.72,0,2,0.585271
184,1-7-3787,08 00 50.94,-61 11 46.67,,17.0,14.88,12.86,30,22.28,<,8.0,*,-1.01,,40,,0.05,0.06,-5.4,0.65,0,1,0.996487
185,1-7-3887,08 00 53.19,-61 07 18.50,4.584,19.31,16.68,14.35,7,0.07,,10.9,,-1.69,0.013,88,-1.28,0.06,0.18,-5.35,0.39,1,1,0.999488
186,1-7-4606,08 01 18.72,-61 13 35.64,,19.16,16.54,14.3,10,0.59,,17.9,,-1.64,,83,,0.42,0.37,-4.52,0.41,0,1,0.999661
187,1-7-533,07 59 02.95,-61 08 32.82,,19.99,17.26,12.96,9,0.55,,26.5,,-1.91,,113,,0.46,0.29,-4.49,0.3,0,1,0.999926
188,1-7-698,07 59 08.19,-61 12 30.95,,20.9,17.93,15.34,6,2.01,,21.1,,-2.14,,148,,1.73,1.92,-3.94,0.22,0,1,0.999982
189,1-7-907,07 59 15.05,-61 11 26.53,,20.14,17.16,14.67,12,5.59,<,8.0,*,-1.83,,104,,0.05,0.11,-5.46,0.32,0,1,0.99996
190,1-8-1118,07 59 24.44,-61 00 18.17,,15.71,14.2,12.2,53,2.67,<,8.0,*,-0.78,,31,,0.11,0.15,-5.06,0.74,0,1,0.992964
191,1-8-1232,07 59 28.77,-61 05 23.90,1.184,20.28,17.39,15.21,9,0.39,,20.3,,-1.94,0.028,117,-1.99,0.25,0.27,-4.77,0.28,1,1,0.999884
192,1-8-1419,07 59 33.96,-60 59 07.50,1.465,19.02,16.48,14.09,17,0.05,,17.2,,-1.62,0.015,81,-1.74,0.32,0.4,-4.64,0.42,2,1,0.999324
193,1-8-1620,07 59 40.66,-60 59 34.50,,20.48,17.53,14.91,7,4.3,,41.7,,-1.98,,123,,0.34,0.27,-4.64,0.26,0,1,0.99998
194,1-8-1621,07 59 40.92,-61 01 26.57,,18.42,15.86,13.73,21,20.71,<,8.0,*,-1.37,,61,,0.02,-0.04,-5.91,0.51,0,1,0.992964
195,1-8-1630,07 59 41.26,-61 02 06.19,,20.28,17.37,14.98,9,36.86,<,8.0,*,-1.93,,116,,0.09,-0.06,-5.22,0.29,0,1,0.99989
196,1-8-175,07 58 52.73,-61 02 02.10,4.073,18.49,16.06,13.77,23,1.45,,10.1,,-1.46,0.016,67,-1.22,0.56,0.6,-4.38,0.48,1,1,0.998258
197,1-8-1946,07 59 52.47,-61 02 00.90,8.198,16.93,15.1,13.15,27,0.52,<,8.0,,-1.14,0.013,47,-0.76,0.32,0.37,-4.58,0.62,1,1,0.999019
198,1-8-1964,07 59 54.16,-61 06 17.70,0.482,20.39,17.42,14.89,8,0.14,,30.3,,-1.94,0.017,117,-2.39,0.26,0.37,-4.76,0.28,1,1,0.999973
199,1-8-1974,07 59 53.64,-61 00 41.70,0.63,19.49,16.81,14.49,10,0.92,,31.9,,-1.74,0.015,93,-2.17,0.36,0.32,-4.59,0.37,1,1,0.999389
200,1-8-2018,07 59 55.83,-61 02 49.90,6.488,17.4,15.39,13.49,24,0.45,<,8.0,,-1.22,0.006,51,-0.9,0.23,0.31,-4.76,0.58,1,1,0.996487
201,1-8-2316,08 00 07.45,-60 59 51.12,,20.34,17.55,15.13,6,18.09,<,8.0,*,-2.01,,128,,-0.01,-0.16,,0.26,0,1,0.999926
202,1-8-2812,08 00 24.25,-61 00 15.74,,17.01,15.01,13.02,20,24.32,<,8.0,*,-1.06,,43,,0.06,0.06,-5.33,0.63,0,1,0.998258
203,1-8-310,07 58 57.72,-61 06 21.85,,16.71,14.82,13.48,36,349.24,<,8.0,*,-1.01,,40,,0.01,-0.04,-6.15,0.66,0,1,0.99999
204,1-8-3126,08 00 37.02,-61 03 07.77,,17.02,14.87,12.79,19,0.31,,13.1,,-1.0,,40,,0.57,0.57,-4.37,0.65,0,1,0.896753
205,1-8-3156,08 00 38.67,-61 06 24.51,,18.87,16.29,14.1,11,0.46,,9.9,,-1.54,,74,,0.47,0.49,-4.47,0.45,0,1,0.999389
206,1-8-355,07 58 58.97,-61 06 10.26,,16.66,14.79,13.76,33,23.51,<,8.0,*,-1.0,,40,,-0.05,-0.05,,0.66,0,1,0.999987
207,1-8-3644,08 00 44.50,-60 58 16.19,,15.8,14.05,12.35,41,0.05,<,8.0,,-0.74,,29,,0.48,0.58,-4.4,0.76,0,1,0.92198
208,1-8-3730,08 00 59.16,-61 06 24.30,0.36,17.82,15.43,13.38,19,3.6,,62.0,,-1.21,0.014,51,-2.15,0.47,0.55,-4.46,0.57,1,1,0.997667
209,1-8-39,07 58 48.77,-60 58 50.50,,19.08,16.52,14.38,15,1.43,<,8.0,,-1.63,,83,,0.05,-0.02,-5.42,0.42,0,1,0.999019
210,1-8-421,07 59 00.77,-61 01 13.29,,20.52,17.64,15.36,7,1.41,,32.1,,-2.04,,131,,0.18,0.31,-4.91,0.25,0,1,0.999938
211,1-8-441,07 59 01.32,-61 02 09.70,,19.13,16.56,14.44,17,5.69,<,8.0,*,-1.65,,84,,0.05,-0.04,-5.43,0.41,0,1,0.99885
212,1-8-475,07 59 03.06,-61 06 24.40,5.065,17.89,15.69,13.51,24,0.17,<,8.0,,-1.33,0.011,58,-1.06,0.48,0.51,-4.44,0.54,1,1,0.998613
213,1-8-555,07 59 05.79,-61 01 51.97,,20.82,17.92,15.29,6,33.2,<,8.0,*,-2.15,,149,,0.25,-0.02,-4.78,0.22,0,1,0.999985
214,1-8-587,07 59 07.15,-61 05 03.90,0.505,17.67,15.51,13.5,29,2.13,,26.5,*,-1.26,0.015,54,-2.03,0.41,0.66,-4.51,0.56,1,1,0.996487
215,1-8-617,07 59 07.49,-61 00 30.20,,17.85,15.69,13.24,23,4.95,<,8.0,*,-1.33,,58,,0.15,0.13,-4.95,0.54,0,1,0.999019
216,1-8-688,07 59 10.34,-61 02 55.70,5.229,17.03,15.1,13.2,35,0.03,<,8.0,,-1.11,0.004,45,-0.94,0.32,0.32,-4.61,0.62,1,1,0.999245
217,1-8-770,07 59 13.31,-61 05 47.84,,16.57,14.7,13.99,40,71.17,<,8.0,*,-0.97,,38,,0.04,0.02,-5.55,0.67,0,1,0.999988
218,1-8-862,07 59 15.57,-60 59 17.30,1.545,20.04,17.18,15.02,10,0.61,,21.4,,-1.86,0.041,107,-1.84,0.28,0.33,-4.73,0.32,2,1,0.999751
219,1-8-946,07 59 19.29,-61 02 51.90,1.142,20.03,17.18,14.71,11,0.41,,19.0,,-1.86,0.015,107,-1.97,0.29,0.25,-4.71,0.32,1,1,0.999939
220,2-1-1063,07 59 21.09,-60 50 52.74,,19.32,16.33,13.84,19,0.23,,30.2,,-1.5,,71,,0.43,0.49,-4.55,0.45,0,1,0.999442
221,2-1-1237,07 59 26.93,-60 56 00.49,,19.26,16.6,14.42,15,0.29,,9.6,,-1.66,,85,,0.2,0.24,-4.85,0.41,0,1,0.999442
222,2-1-1265,07 59 27.46,-60 51 39.10,0.586,20.5,17.57,15.23,7,0.21,,28.1,,-2.0,0.015,126,-2.33,0.21,0.41,-4.86,0.26,1,1,0.99995
223,2-1-144,07 58 53.58,-60 54 24.20,1.603,16.76,14.72,12.67,44,0.8,,42.3,,-0.95,0.023,37,-1.37,0.57,0.69,-4.36,0.67,1,2,1.0E-6
224,2-1-1776,07 59 44.71,-60 58 30.30,2.716,17.8,15.58,13.54,26,0.87,<,8.0,,-1.28,0.024,55,-1.31,0.55,0.59,-4.38,0.55,1,1,0.999245
225,2-1-1843,07 59 46.58,-60 51 21.30,1.647,18.81,16.24,14.02,15,1.01,,9.9,,-1.52,0.009,72,-1.64,0.38,0.39,-4.56,0.46,1,1,0.998613
226,2-1-2066,07 59 56.29,-60 57 27.62,,19.64,16.85,14.65,11,29.4,<,8.0,*,-1.74,,93,,0.08,-0.06,-5.23,0.37,0,1,0.99968
227,2-1-2166,07 59 59.62,-60 51 47.50,0.321,20.8,17.77,15.72,5,7.07,,45.5,,-2.07,0.016,137,-2.63,0.11,0.3,-5.16,0.23,1,1,0.99999
228,2-1-2213,08 00 01.44,-60 55 17.70,1.025,19.95,17.1,14.77,7,1.44,<,8.0,,-1.83,0.017,103,-2.0,0.21,0.46,-4.84,0.33,1,1,0.999893
229,2-1-228,07 58 55.49,-60 55 59.60,1.051,17.4,15.31,13.26,27,1.52,,26.6,,-1.18,0.025,49,-1.67,0.93,1.03,-4.15,0.59,1,1,0.998258
230,2-1-2573,08 00 13.25,-60 55 16.48,,20.05,17.01,14.55,9,4.01,,43.3,,-1.76,,96,,0.15,0.28,-5.01,0.34,0,1,0.999904
231,2-1-2586,08 00 13.07,-60 53 12.90,1.3,16.45,14.53,12.49,33,21.54,,23.1,*,-0.88,0.008,35,-1.43,0.27,0.27,-4.67,0.69,1,1,0.992964
232,2-1-259,07 58 56.58,-60 52 15.90,0.959,17.51,15.29,13.24,32,0.14,,28.7,,-1.17,0.022,48,-1.7,0.46,0.56,-4.47,0.59,1,1,0.992964
233,2-1-2681,08 00 15.95,-60 53 29.20,1.904,19.59,16.85,14.62,8,0.09,,19.8,,-1.74,0.01,94,-1.69,0.25,0.32,-4.75,0.37,1,1,0.999901
234,2-1-2752,08 00 16.98,-60 51 12.45,,19.68,17.06,14.87,6,38.1,<,8.0,*,-1.84,,105,,0.17,-0.16,-4.91,0.34,0,1,0.999772
235,2-1-304,07 58 58.18,-60 56 32.90,7.835,16.57,14.9,13.06,37,0.01,<,8.0,,-1.07,0.008,43,-0.74,0.29,0.41,-4.61,0.65,1,1,0.999488
236,2-1-4131,08 01 05.46,-60 53 14.35,,21.01,17.93,15.27,5,4.72,,12.7,*,-2.13,,146,,0.61,0.44,-4.41,0.22,0,2,
237,2-1-4208,08 01 08.39,-60 54 13.20,5.72,18.79,16.3,14.04,21,0.42,<,8.0,,-1.55,0.005,75,-1.12,0.33,0.34,-4.61,0.45,1,1,0.999019
238,2-1-4379,08 01 15.19,-60 56 11.10,0.267,18.8,16.27,14.03,17,2.0,,57.9,,-1.53,0.007,73,-2.44,0.35,0.48,-4.59,0.45,1,1,0.998613
239,2-1-641,07 59 08.80,-60 57 02.70,6.575,17.3,15.25,13.27,31,0.47,<,8.0,,-1.16,0.013,48,-0.86,0.36,0.46,-4.57,0.6,1,1,0.999146
240,2-1-683,07 59 09.59,-60 50 51.50,0.761,17.57,15.36,13.35,30,0.71,,28.1,,-1.19,0.031,50,-1.82,0.52,0.57,-4.41,0.58,1,1,0.996487
241,2-1-833,07 59 14.87,-60 57 31.43,,17.75,15.54,13.46,24,1.72,<,8.0,*,-1.27,,54,,0.18,0.17,-4.88,0.56,0,1,0.999245
242,2-1-912,07 59 17.09,-60 54 12.50,0.481,20.51,17.48,15.01,8,3.86,,44.2,,-1.95,0.032,119,-2.39,0.36,0.31,-4.64,0.27,1,1,0.999931
243,2-1-943,07 59 18.48,-60 55 06.11,,17.98,15.62,13.5,26,21.12,,11.7,*,-1.29,,55,,0.03,0.0,-5.67,0.55,0,1,0.992964
244,2-2-1247,07 59 36.56,-60 47 23.31,,18.33,15.97,,15,1.61,,8.0,,-1.43,,65,,0.37,0.39,-4.56,0.5,0,1,0.99979
245,2-2-1299,07 59 39.16,-60 50 15.39,,20.97,17.94,15.52,5,1.24,<,8.0,,-2.14,,148,,0.21,0.31,-4.87,0.22,0,1,0.999962
246,2-2-1311,07 59 39.14,-60 45 37.30,0.367,18.66,16.08,13.83,9,7.24,,44.1,,-1.45,0.024,67,-2.26,0.43,0.45,-4.51,0.48,1,1,0.999146
247,2-2-1402,07 59 42.35,-60 50 27.86,,16.17,14.6,12.89,41,1.61,<,8.0,*,-0.94,,37,,0.27,0.33,-4.67,0.68,0,1,0.999019
248,2-2-169,07 58 56.42,-60 47 22.80,0.452,17.11,15.2,13.13,18,3.1,,55.3,,-1.16,0.024,48,-2.02,0.53,0.56,-4.38,0.6,1,1,0.999389
249,2-2-19,07 58 50.90,-60 48 36.04,,20.15,17.29,,7,1.19,,21.3,,-1.9,,112,,0.36,0.25,-4.61,0.3,0,1,0.999848
250,2-2-1907,08 00 02.42,-60 48 44.73,,19.35,16.69,14.51,10,2.2,,21.0,,-1.69,,88,,0.29,0.37,-4.68,0.39,0,1,0.999245
251,2-2-2153,08 00 11.63,-60 48 32.40,6.784,17.0,15.05,13.08,20,1.94,<,8.0,*,-1.08,0.015,44,-0.81,0.37,0.48,-4.55,0.63,1,1,0.999389
252,2-2-2387,08 00 18.18,-60 48 17.20,2.247,18.37,15.98,13.88,11,0.09,,9.6,,-1.43,0.009,65,-1.46,0.48,0.5,-4.45,0.49,1,1,0.99885
253,2-2-3180,08 00 42.27,-60 46 50.69,,18.66,16.27,14.2,15,13.37,<,8.0,*,-1.54,,74,,-0.02,0.02,,0.45,0,1,0.999146
254,2-2-3311,08 00 47.43,-60 46 21.43,,20.51,17.6,15.12,9,0.93,,55.4,,-2.02,,128,,0.16,0.48,-4.96,0.26,0,1,0.999963
255,2-2-3336,08 00 48.53,-60 48 12.13,,21.26,18.17,15.42,6,1.93,,13.8,,-2.22,,162,,0.21,0.31,-4.88,0.19,0,1,0.999992
256,2-2-3494,08 00 52.80,-60 49 09.26,,15.64,14.27,12.45,57,7.38,<,8.0,*,-0.8,,31,,0.05,0.11,-5.38,0.73,0,1,0.999751
257,2-2-3759,08 01 03.29,-60 48 15.96,,20.3,17.29,14.75,12,2.3,,40.4,,-1.88,,110,,0.4,0.4,-4.58,0.3,0,1,0.989704
258,2-2-3845,08 01 04.95,-60 41 55.99,,19.48,16.92,14.64,10,2.6,<,8.0,*,-1.79,,99,,0.03,-0.01,-5.61,0.36,0,1,0.999019
259,2-2-3933,08 01 07.66,-60 43 35.20,8.677,17.95,15.78,13.62,27,70.99,<,8.0,*,-1.36,0.016,60,-0.84,0.69,0.4,-4.28,0.52,1,1,0.998258
260,2-2-4051,08 01 12.71,-60 48 25.30,10.033,18.08,15.79,13.64,27,1.09,<,8.0,,-1.36,0.018,60,-0.78,0.56,0.59,-4.38,0.52,1,1,0.999324
261,2-2-464,07 59 06.93,-60 46 50.78,,16.29,14.8,13.19,32,33.03,<,8.0,*,-1.02,,41,,0.14,0.16,-4.94,0.66,0,1,0.99982
262,2-2-511,07 59 09.08,-60 47 57.00,0.392,19.56,16.64,14.3,10,1.15,,40.3,,-1.63,0.041,83,-2.32,0.42,0.16,-4.55,0.4,1,1,0.999826
263,2-2-745,07 59 17.98,-60 45 18.82,,17.62,15.3,13.09,21,0.12,,14.8,,-1.16,,48,,0.46,0.52,-4.47,0.59,0,1,0.996487
264,2-2-90,07 58 54.31,-60 50 05.75,,19.05,16.44,14.22,14,53.42,<,8.0,*,-1.6,,79,,0.06,-0.02,-5.37,0.43,0,1,0.999389
265,2-3-1157,07 59 36.36,-60 33 04.90,3.402,17.79,15.5,13.36,33,1.0,,12.0,,-1.24,0.02,53,-1.19,0.53,0.54,-4.41,0.56,1,2,1.0E-6
266,2-3-1199,07 59 37.51,-60 32 45.57,,18.61,16.14,,19,0.53,,34.8,,-1.48,,70,,0.51,0.49,-4.42,0.47,0,1,0.998613
267,2-3-1361,07 59 44.31,-60 32 19.72,,18.13,15.65,13.41,28,2.26,,41.1,,-1.29,,56,,0.63,0.65,-4.34,0.54,0,2,1.0E-6
268,2-3-1480,07 59 48.60,-60 33 33.71,,18.27,16.02,13.8,22,8.33,<,8.0,*,-1.45,,67,,0.1,0.08,-5.15,0.49,0,1,0.998613
269,2-3-1757,07 59 55.85,-60 37 45.71,,19.7,16.72,14.12,10,0.15,,43.3,,-1.66,,85,,0.26,0.28,-4.76,0.39,0,1,0.999714
270,2-3-1984,07 59 55.72,-60 33 47.15,,20.22,17.19,14.64,10,1.26,,24.5,,-1.84,,104,,0.23,0.16,-4.83,0.31,0,1,0.999924
271,2-3-2156,08 00 06.39,-60 38 21.46,,19.24,16.64,14.37,9,33.29,,21.6,*,-1.68,,87,,0.04,0.05,-5.52,0.4,0,1,0.99964
272,2-3-2191,08 00 07.19,-60 33 38.48,,19.78,17.03,14.49,14,17.87,,9.3,*,-1.81,,102,,0.02,-0.07,-5.85,0.34,0,1,0.999866
273,2-3-2256,08 00 09.22,-60 39 30.45,,17.6,15.03,12.84,17,9.51,<,8.0,*,-1.03,,41,,0.1,-0.01,-5.12,0.63,0,1,0.998258
274,2-3-2921,08 00 37.60,-60 36 22.76,,15.49,14.07,12.59,30,0.71,<,8.0,,-0.72,,29,,0.32,0.38,-4.6,0.75,0,1,0.999924
275,2-3-2979,08 00 40.83,-60 39 47.18,,18.24,15.5,13.25,7,16.75,,20.8,*,-1.2,,50,,0.19,-0.02,-4.88,0.56,0,1,0.992964
276,2-3-3015,08 00 42.32,-60 36 56.30,1.392,20.31,17.38,15.06,6,0.85,,18.8,,-1.93,0.023,116,-1.92,0.34,0.34,-4.64,0.29,1,1,0.999897
277,2-3-3402,08 00 57.82,-60 33 33.00,3.168,17.3,15.09,12.91,30,0.33,,9.4,,-1.08,0.013,44,-1.14,0.41,0.46,-4.51,0.62,1,1,0.997667
278,2-3-3475,08 01 00.97,-60 34 20.60,0.713,20.12,17.06,14.64,8,0.07,,27.9,,-1.78,0.015,98,-2.14,0.24,0.33,-4.82,0.34,1,1,0.999926
279,2-3-3537,08 01 04.02,-60 35 22.40,6.364,17.77,15.58,13.54,14,0.86,<,8.0,,-1.28,0.015,55,-0.94,0.44,0.57,-4.48,0.55,1,1,0.999019
280,2-3-3611,08 01 07.20,-60 35 46.63,,18.66,16.15,14.08,10,1.54,,30.0,,-1.49,,70,,0.51,0.5,-4.43,0.47,0,1,0.998613
281,2-3-415,07 59 08.61,-60 32 59.74,,18.0,15.7,13.72,12,1.34,<,8.0,,-1.32,,58,,0.51,0.53,-4.42,0.53,0,1,0.998613
282,2-3-851,07 59 25.70,-60 35 00.08,,19.73,17.05,14.77,8,0.03,,18.8,,-1.83,,104,,0.2,0.27,-4.84,0.34,0,1,0.999826
283,2-3-933,07 59 29.02,-60 39 41.70,0.332,17.47,15.35,13.33,9,1.63,,67.5,,-1.2,0.017,50,-2.18,0.15,0.69,-4.96,0.58,1,1,0.997667
284,2-4-1242,07 59 34.86,-60 30 09.00,3.345,19.09,16.4,14.1,15,20.47,,9.8,*,-1.57,0.017,77,-1.36,0.23,0.23,-4.79,0.44,1,1,0.999324
285,2-4-1691,07 59 48.19,-60 30 03.49,,18.74,16.31,14.08,19,25.47,<,8.0,*,-1.56,,75,,-0.01,-0.03,,0.45,0,1,0.999245
286,2-4-1867,07 59 52.01,-60 29 13.44,,17.75,15.38,13.11,35,0.54,,55.8,,-1.19,,50,,0.48,0.65,-4.45,0.58,0,2,1.0E-6
287,2-4-1870,07 59 53.99,-60 29 16.88,,19.15,16.54,14.38,13,1.98,,17.4,,-1.64,,83,,0.39,0.36,-4.55,0.41,0,1,0.999245
288,2-4-1973,07 59 58.37,-60 24 17.18,,15.88,14.52,12.47,22,0.42,,63.8,,-0.89,,35,,0.51,0.73,-4.41,0.7,0,1,0.992964
289,2-4-2028,07 59 50.36,-60 31 47.51,,16.45,14.29,12.61,71,61.66,,20.5,*,-0.77,,31,,0.02,-0.01,-5.87,0.73,0,1,0.99997
290,2-4-2110,08 00 02.13,-60 30 30.90,1.159,18.64,16.31,14.13,22,0.65,,20.8,,-1.56,0.012,76,-1.82,0.51,0.6,-4.42,0.45,1,1,0.992964
291,2-4-2259,08 00 07.40,-60 31 17.29,,20.99,17.92,15.53,7,13.78,<,8.0,*,-2.12,,145,,0.21,0.13,-4.87,0.22,0,1,0.999976
292,2-4-2314,08 00 09.16,-60 28 16.10,4.292,19.99,17.2,14.95,10,0.29,,8.1,,-1.88,0.01,109,-1.4,0.05,0.17,-5.47,0.31,1,1,0.999848
293,2-4-2408,08 00 11.82,-60 25 05.40,5.656,18.55,16.07,13.88,11,1.69,,8.6,,-1.46,0.014,67,-1.08,0.56,0.6,-4.39,0.48,1,1,0.998613
294,2-4-2573,08 00 17.40,-60 31 32.29,,20.84,17.8,15.23,8,0.32,,21.7,,-2.08,,138,,0.29,0.14,-4.72,0.23,0,1,0.999971
295,2-4-2908,08 00 27.65,-60 24 49.62,,19.72,16.79,14.23,7,0.29,,17.6,,-1.69,,88,,0.29,0.26,-4.71,0.38,0,1,0.999442
296,2-4-3227,08 00 38.32,-60 30 47.45,,20.41,17.62,15.46,7,0.34,<,8.0,,-2.04,,132,,0.09,-0.15,-5.23,0.25,0,1,0.999975
297,2-4-3516,08 00 34.92,-60 31 27.38,,16.77,14.86,13.12,45,219.34,<,8.0,*,-1.02,,41,,0.15,0.0,-4.94,0.65,0,1,0.999997
298,2-4-3615,08 00 51.72,-60 31 44.05,,19.9,17.24,14.82,9,38.81,<,8.0,*,-1.91,,113,,-0.02,-0.09,,0.31,0,1,0.999934
299,2-4-4035,08 01 04.82,-60 29 18.11,,19.33,16.62,14.45,9,1.45,,8.9,,-1.66,,85,,0.35,0.29,-4.61,0.4,0,1,0.999146
300,2-4-818,07 59 21.50,-60 27 52.97,,18.06,15.74,13.6,12,38.63,<,8.0,*,-1.34,,59,,0.03,0.02,-5.61,0.53,0,1,0.992964
301,2-5-107,08 01 22.88,-60 53 05.67,,16.64,14.8,12.97,45,0.51,<,8.0,,-1.01,,40,,0.31,0.39,-4.6,0.66,0,1,0.999561
302,2-5-1074,08 01 47.18,-60 57 54.50,0.864,19.17,16.55,14.28,15,0.41,,23.3,,-1.64,0.008,83,-1.98,0.28,0.42,-4.69,0.41,1,1,0.999019
303,2-5-1173,08 01 58.69,-60 50 49.05,,16.49,14.78,13.99,45,19.73,<,8.0,*,-1.02,,41,,-0.02,-0.01,,0.66,0,1,0.999992
304,2-5-1251,08 01 55.47,-60 52 13.20,,21.17,17.85,14.11,8,2.12,,25.9,,-2.06,,135,,0.34,0.22,-4.69,0.23,0,1,0.999989
305,2-5-1285,08 02 01.24,-60 55 11.98,,21.01,17.98,15.62,5,3.23,,26.0,,-2.15,,150,,0.19,0.18,-4.9,0.21,0,1,0.999991
306,2-5-1321,08 02 01.92,-60 58 50.27,,15.59,14.1,12.01,50,14.46,<,8.0,*,-0.74,,29,,0.5,0.55,-4.4,0.75,0,1,0.992964
307,2-5-1498,08 02 07.82,-60 59 19.81,,20.29,17.55,15.24,6,13.32,<,8.0,*,-2.02,,129,,0.04,0.07,-5.54,0.26,0,1,0.989146
308,2-5-1527,08 02 08.72,-60 55 45.35,,18.22,15.76,13.59,24,12.05,,8.6,*,-1.33,,59,,0.05,0.03,-5.46,0.53,0,1,0.99885
309,2-5-162,08 01 24.78,-60 53 13.67,,17.61,15.12,12.28,39,6.04,<,8.0,*,-1.08,,44,,0.03,-0.02,-5.64,0.62,0,2,
310,2-5-1637,08 02 12.20,-60 55 26.14,,16.45,14.7,12.8,41,0.91,<,8.0,,-0.99,,40,,0.28,0.27,-4.63,0.67,0,1,0.999488
311,2-5-1670,08 02 13.46,-60 54 40.18,,19.22,16.6,14.41,17,17.97,<,8.0,*,-1.66,,85,,-0.01,-0.02,,0.41,0,1,0.999561
312,2-5-1750,08 02 15.48,-60 51 21.81,,16.67,14.91,13.1,42,7.98,<,8.0,*,-1.08,,43,,0.02,0.04,-5.87,0.64,0,1,0.999146
313,2-5-2067,08 02 25.76,-60 54 45.20,0.488,19.73,16.51,13.8,20,17.68,,35.4,*,-1.54,0.043,74,-2.18,0.55,0.54,-4.46,0.42,1,1,0.999991
314,2-5-2268,08 02 32.23,-60 57 52.80,1.143,19.69,16.92,14.59,9,1.56,,21.5,,-1.77,0.019,96,-1.93,0.43,0.34,-4.52,0.36,1,1,0.999806
315,2-5-2422,08 02 37.27,-60 51 14.81,,18.04,15.9,14.81,24,7.11,<,8.0,*,-1.41,,64,,-0.06,-0.04,,0.5,0,1,0.999987
316,2-5-2476,08 02 38.97,-60 57 23.00,1.262,18.88,16.19,13.9,16,0.08,,19.5,,-1.48,0.008,70,-1.74,0.3,0.42,-4.67,0.47,1,1,0.998258
317,2-5-2556,08 02 42.28,-60 54 14.91,,19.65,17.04,15.04,12,46.7,<,8.0,*,-1.84,,104,,-0.03,-0.08,,0.34,0,1,0.999772
318,2-5-2581,08 02 43.17,-60 53 05.10,0.359,18.85,16.08,13.79,20,0.32,,23.5,,-1.43,0.006,65,-2.26,0.27,0.26,-4.73,0.48,1,1,0.878061
319,2-5-2742,08 02 48.75,-60 52 00.90,,18.17,15.86,13.8,23,0.0,<,8.0,,-1.39,,62,,0.44,0.47,-4.48,0.51,0,1,0.998258
320,2-5-2906,08 02 56.33,-60 50 50.93,,19.49,16.94,14.81,11,14.75,<,8.0,*,-1.8,,100,,0.03,0.07,-5.65,0.35,0,1,0.999884
321,2-5-2945,08 02 56.42,-60 58 44.80,1.011,20.01,17.14,15.13,7,4.37,,10.5,*,-1.84,0.025,105,-2.01,0.33,0.28,-4.64,0.32,1,1,0.999956
322,2-5-358,08 01 30.70,-60 51 00.90,1.675,18.86,16.35,14.3,20,0.35,,14.5,,-1.56,0.007,76,-1.66,0.47,0.57,-4.47,0.44,1,1,0.999146
323,2-5-4520,08 03 47.57,-60 51 50.20,0.528,20.6,17.59,15.32,6,0.17,,32.9,,-2.0,0.013,125,-2.38,0.46,0.54,-4.53,0.26,1,1,0.999975
324,2-5-494,08 01 35.30,-60 53 42.20,,19.24,16.67,14.37,16,0.77,<,8.0,,-1.69,,88,,0.24,0.19,-4.76,0.4,0,1,0.999146
325,2-5-949,08 01 51.78,-60 56 30.55,,18.58,16.17,14.03,20,16.76,<,8.0,*,-1.5,,71,,0.07,-0.03,-5.29,0.47,0,1,0.997667
326,2-6-1094,08 01 55.82,-60 42 55.80,2.355,17.26,15.22,13.19,41,0.06,<,8.0,,-1.15,0.021,47,-1.3,0.58,0.62,-4.36,0.6,1,2,1.0E-6
327,2-6-117,08 01 22.49,-60 42 47.63,,16.15,14.17,13.06,66,36.14,<,8.0,*,-0.73,,29,,-0.02,-0.02,,0.74,0,1,0.999979
328,2-6-1200,08 01 58.39,-60 42 50.80,4.717,16.66,14.79,12.92,49,1.09,<,8.0,,-1.0,0.01,40,-0.93,0.25,0.32,-4.7,0.66,1,1,0.997667
329,2-6-121,08 01 23.27,-60 46 14.50,0.332,17.37,15.09,12.94,41,0.17,,51.7,,-1.08,0.026,44,-2.12,0.6,0.71,-4.35,0.62,1,1,0.992964
330,2-6-1250,08 01 58.22,-60 43 22.70,4.116,17.62,15.54,13.51,32,0.21,<,8.0,,-1.27,0.03,55,-1.12,0.54,0.58,-4.39,0.56,1,1,0.999146
331,2-6-136,08 01 24.05,-60 47 23.96,,20.02,17.29,14.91,11,28.45,,8.5,*,-1.92,,115,,0.01,-0.04,-6.45,0.3,0,1,0.999924
332,2-6-1571,08 02 09.97,-60 42 42.10,8.363,17.26,15.22,13.27,36,1.43,<,8.0,,-1.15,0.017,47,-0.75,0.34,0.42,-4.59,0.6,1,1,0.998258
333,2-6-1700,08 02 14.47,-60 45 43.90,0.771,19.58,16.87,14.65,14,0.9,,18.4,,-1.76,0.009,95,-2.09,0.46,0.4,-4.48,0.37,1,1,0.999488
334,2-6-1739,08 02 15.23,-60 45 27.47,,20.17,17.42,14.75,8,52.55,,54.2,*,-1.97,,121,,0.17,0.24,-4.93,0.28,0,1,0.999887
335,2-6-1857,08 02 18.74,-60 45 18.59,,17.44,15.4,13.44,35,0.2,<,8.0,,-1.22,,51,,0.18,0.23,-4.85,0.58,0,1,0.99885
336,2-6-2033,08 02 24.67,-60 42 37.40,3.919,18.58,16.0,13.72,25,2.97,<,8.0,*,-1.42,0.006,65,-1.22,0.21,0.19,-4.81,0.49,1,1,0.896753
337,2-6-2207,08 02 30.90,-60 48 44.40,0.715,20.02,17.2,14.71,12,0.62,,34.4,,-1.87,0.029,108,-2.18,0.35,0.37,-4.62,0.31,1,1,0.99987
338,2-6-2346,08 02 34.70,-60 46 04.70,10.988,18.26,15.69,13.43,32,0.29,,18.5,,-1.3,0.027,56,-0.71,0.42,0.46,-4.51,0.54,1,2,1.0E-6
339,2-6-240,08 01 27.59,-60 41 40.80,8.774,16.64,14.79,12.99,44,0.05,<,8.0,,-1.01,0.022,40,-0.66,0.36,0.44,-4.53,0.66,1,1,0.99968
340,2-6-2407,08 02 36.87,-60 47 26.00,0.363,19.13,16.33,13.88,22,12.02,,53.5,*,-1.52,0.01,73,-2.3,0.37,0.38,-4.59,0.45,1,1,0.999146
341,2-6-2478,08 02 39.22,-60 46 20.75,,20.44,17.56,14.99,9,2.4,,28.6,,-2.0,,127,,0.38,0.39,-4.59,0.26,0,1,0.999899
342,2-6-2753,08 02 48.35,-60 47 09.50,10.406,18.25,15.96,13.9,26,1.19,<,8.0,,-1.43,0.013,65,-0.8,0.29,0.33,-4.66,0.5,1,1,0.999019
343,2-6-2921,08 02 46.18,-60 43 10.74,,16.66,14.77,12.92,48,23.16,<,8.0,*,-0.99,,39,,0.09,0.11,-5.16,0.66,0,1,0.999146
344,2-6-3335,08 03 06.00,-60 42 53.80,0.85,19.4,16.57,14.08,18,31.03,,23.6,*,-1.62,0.017,81,-1.98,0.23,0.33,-4.8,0.41,1,1,0.999245
345,2-6-3567,08 03 12.91,-60 49 03.98,,18.38,15.78,13.53,27,4.38,<,8.0,*,-1.33,,58,,0.06,0.0,-5.38,0.52,0,1,0.997667
346,2-6-3707,08 03 17.81,-60 49 58.10,3.297,17.08,15.22,13.31,32,0.3,<,8.0,,-1.18,0.01,49,-1.17,0.5,0.57,-4.4,0.6,1,1,0.998258
347,2-6-4103,08 03 29.88,-60 46 51.40,,19.68,16.52,13.96,12,29.3,,9.8,*,-1.55,,75,,0.08,0.08,-5.29,0.42,0,1,0.999949
348,2-6-4162,08 03 32.00,-60 49 11.55,,20.1,16.89,14.4,7,15.35,,17.0,*,-1.69,,88,,-0.02,-0.02,,0.36,0,1,0.999979
349,2-6-4184,08 03 32.16,-60 44 26.20,1.857,18.99,16.46,14.31,13,0.61,,15.5,,-1.61,0.018,81,-1.64,0.44,0.46,-4.49,0.43,1,1,0.999146
350,2-6-429,08 01 34.66,-60 41 49.50,1.179,19.22,16.47,13.99,14,1.15,,18.8,,-1.59,0.009,79,-1.82,0.23,0.2,-4.79,0.42,1,1,0.999488
351,2-6-440,08 01 34.70,-60 43 52.60,2.799,17.34,15.08,12.96,38,0.3,,8.8,,-1.08,0.012,43,-1.19,0.53,0.61,-4.4,0.62,1,1,0.996487
352,2-6-4563,08 03 42.78,-60 44 37.70,1.322,19.64,16.96,14.66,6,1.14,<,8.0,,-1.8,0.012,99,-1.88,0.16,0.26,-4.95,0.35,1,1,0.99979
353,2-6-4584,08 03 43.86,-60 47 47.68,,19.17,16.61,14.49,11,20.89,<,8.0,*,-1.67,,86,,-0.08,0.02,,0.4,0,1,0.999488
354,2-6-494,08 01 36.39,-60 45 27.80,0.489,16.96,14.96,12.76,39,0.93,,47.8,,-1.04,0.009,42,-1.93,0.76,0.91,-4.24,0.64,1,1,0.996487
355,2-6-565,08 01 39.71,-60 47 47.22,,17.67,15.59,13.6,31,37.99,<,8.0,*,-1.29,,56,,0.05,0.05,-5.39,0.55,0,1,0.999617
356,2-6-612,08 01 41.24,-60 44 42.70,1.758,18.99,16.44,14.13,20,1.04,,12.1,,-1.6,0.018,80,-1.66,0.4,0.44,-4.53,0.43,1,1,0.996487
357,2-6-649,08 01 42.37,-60 44 08.80,0.809,20.16,17.39,15.06,10,0.25,,27.3,,-1.95,0.037,119,-2.17,0.16,0.39,-4.96,0.28,1,1,0.999906
358,2-6-93,08 01 22.13,-60 41 38.40,,16.24,14.29,13.29,54,28.98,<,8.0,*,-0.78,,31,,-0.04,-0.04,,0.73,0,1,0.999986
359,2-7-154,08 01 24.96,-60 40 35.03,,20.61,17.67,15.1,8,3.66,,22.7,,-2.04,,132,,0.36,0.23,-4.62,0.25,0,1,0.999982
360,2-7-1803,08 02 18.19,-60 36 50.18,,20.62,17.59,15.04,8,0.33,,34.0,,-1.99,,125,,0.4,0.42,-4.59,0.26,0,1,0.999955
361,2-7-2171,08 02 29.60,-60 40 56.78,,21.08,17.91,15.27,7,1.7,,38.7,,-2.11,,143,,0.19,0.29,-4.93,0.22,0,1,0.999977
362,2-7-2350,08 02 35.08,-60 37 11.30,0.564,19.98,17.2,14.68,9,0.44,,25.4,,-1.88,0.014,109,-2.29,0.41,0.34,-4.55,0.31,1,1,0.999884
363,2-7-2354,08 02 35.32,-60 40 19.60,4.971,17.12,15.16,13.3,37,0.06,<,8.0,,-1.13,0.008,46,-0.97,0.33,0.38,-4.6,0.61,1,1,0.998258
364,2-7-2368,08 02 36.02,-60 37 55.50,0.542,20.49,17.59,15.24,8,1.15,,38.2,,-2.01,0.023,128,-2.37,0.29,0.5,-4.71,0.26,1,1,0.999887
365,2-7-2526,08 02 40.76,-60 37 36.43,,19.68,16.85,14.5,12,0.33,,26.0,,-1.73,,92,,0.06,0.03,-5.41,0.37,0,1,0.999712
366,2-7-2687,08 02 46.14,-60 37 15.10,1.516,19.83,17.05,14.72,7,0.07,,12.0,,-1.82,0.024,102,-1.83,0.27,0.24,-4.72,0.34,1,1,0.999826
367,2-7-28,08 01 20.29,-60 34 02.70,0.664,18.25,15.96,13.74,5,2.49,,32.4,,-1.43,0.02,65,-1.99,0.6,0.63,-4.35,0.5,1,1,0.999245
368,2-7-2821,08 02 51.36,-60 41 02.51,,18.82,16.23,14.11,21,4.25,<,8.0,*,-1.51,,72,,-0.01,0.0,,0.46,0,1,0.998258
369,2-7-2941,08 02 55.15,-60 39 24.50,6.881,16.72,14.92,13.02,37,0.71,<,8.0,,-1.07,0.036,43,-0.8,0.34,0.41,-4.56,0.64,1,1,0.999245
370,2-7-432,08 01 33.39,-60 34 22.24,,15.86,14.63,12.86,12,1.8,<,8.0,,-0.93,,37,,0.05,0.17,-5.44,0.68,0,1,0.999561
371,2-7-495,08 01 36.44,-60 41 05.51,,18.72,15.94,13.57,27,3.73,<,8.0,*,-1.37,,61,,0.1,0.04,-5.17,0.5,0,1,0.998613
372,2-7-533,08 01 37.96,-60 40 51.23,,21.12,18.12,15.67,6,3.22,,30.7,,-2.22,,161,,0.33,0.25,-4.66,0.2,0,1,0.999994
373,2-8-226,08 01 27.59,-60 31 40.97,,16.64,14.72,13.55,21,43.8,<,8.0,*,-0.96,,38,,-0.08,-0.05,,0.67,0,1,0.999989
374,3-1-1124,07 51 39.09,-61 06 40.95,,20.81,17.94,15.39,6,58.81,<,8.0,*,-2.16,,152,,-0.02,-0.21,,0.22,0,1,0.999994
375,3-1-1370,07 51 49.31,-61 13 36.76,,16.63,14.65,12.62,43,6.92,<,8.0,*,-0.92,,36,,0.15,0.2,-4.96,0.68,0,1,0.997667
376,3-1-1526,07 51 54.82,-61 11 54.31,,16.06,14.66,13.0,42,43.76,<,8.0,*,-0.95,,38,,-0.03,-0.01,,0.68,0,1,0.999937
377,3-1-1583,07 51 56.64,-61 09 34.10,0.518,18.95,16.17,13.89,20,1.28,,41.0,,-1.46,0.014,68,-2.12,0.38,0.46,-4.58,0.47,1,1,0.998258
378,3-1-2130,07 52 15.81,-61 09 14.31,,20.51,17.71,14.98,7,1.46,,11.9,,-2.08,,138,,-0.13,0.0,,0.24,0,1,0.999881
379,3-1-2177,07 52 17.37,-61 05 48.91,,20.79,17.81,15.05,6,26.76,<,8.0,*,-2.09,,140,,-0.04,-0.11,,0.23,0,1,0.999938
380,3-1-2182,07 52 17.97,-61 10 51.80,0.737,20.74,17.78,15.03,6,0.05,,28.8,,-2.08,0.014,139,-2.27,0.05,0.34,-5.51,0.23,1,1,0.999939
381,3-1-2230,07 52 20.76,-61 14 36.40,0.975,20.05,17.25,14.99,10,0.54,,15.8,,-1.89,0.03,111,-2.06,0.25,0.29,-4.76,0.3,1,1,0.99968
382,3-1-2445,07 52 28.65,-61 06 03.50,2.904,19.23,16.51,14.31,18,0.87,,9.9,,-1.61,0.013,81,-1.44,0.39,0.36,-4.56,0.42,1,1,0.998258
383,3-1-2585,07 52 32.38,-61 12 56.70,,17.04,15.08,13.05,36,3.06,,63.4,,-1.09,,44,,0.58,0.75,-4.36,0.62,0,1,0.996487
384,3-1-2640,07 52 35.71,-61 08 42.32,,20.45,17.47,15.06,10,3.38,,50.9,,-1.95,,119,,0.46,0.48,-4.52,0.27,0,1,0.999956
385,3-1-2700,07 52 37.25,-61 06 48.11,,16.3,14.76,13.0,45,82.56,<,8.0,*,-1.0,,40,,-0.13,-0.15,,0.66,0,1,0.999995
386,3-1-2703,07 52 37.65,-61 08 34.23,,19.55,16.59,14.06,16,0.31,,28.1,,-1.61,,80,,0.17,0.26,-4.96,0.41,0,1,0.999712
387,3-1-2708,07 52 37.75,-61 05 53.02,,21.44,18.28,,5,1.04,,15.2,,-2.26,,169,,0.23,0.29,-4.84,0.18,0,1,0.999991
388,3-1-2816,07 52 42.12,-61 11 30.28,,18.62,16.19,13.94,19,22.86,<,8.0,*,-1.51,,71,,0.03,-0.05,-5.63,0.47,0,1,0.997667
389,3-1-288,07 51 10.75,-61 08 35.10,1.03,18.43,15.84,13.64,19,9.84,,48.1,*,-1.36,0.015,60,-1.77,0.55,0.6,-4.4,0.51,1,1,0.996487
390,3-1-3066,07 52 50.01,-61 11 27.67,,19.34,16.57,14.3,16,17.3,,8.2,*,-1.63,,82,,0.06,0.05,-5.36,0.41,0,1,0.999245
391,3-1-3103,07 52 51.98,-61 12 56.01,,19.05,16.57,14.28,16,3.08,<,8.0,*,-1.66,,85,,-0.04,-0.03,,0.41,0,1,0.999488
392,3-1-3373,07 53 00.35,-61 06 55.39,,20.39,17.36,15.15,10,15.94,,14.5,*,-1.9,,113,,0.17,0.25,-4.96,0.29,0,1,0.999947
393,3-1-3604,07 53 07.23,-61 06 46.10,11.35,18.39,15.69,13.45,29,15.36,<,8.0,*,-1.29,0.006,55,-0.69,0.15,0.13,-4.96,0.54,1,1,0.998613
394,3-1-3674,07 53 10.29,-61 13 07.22,,21.0,17.76,15.12,8,2.39,,35.9,,-2.04,,132,,0.33,0.25,-4.69,0.24,0,1,0.999983
395,3-1-3691,07 53 10.79,-61 10 49.16,,19.92,17.14,14.72,10,12.92,,16.2,*,-1.85,,106,,-0.03,-0.08,,0.32,0,1,0.997266
396,3-1-3911,07 53 17.55,-61 08 18.99,,20.33,17.37,15.02,10,18.35,,13.1,*,-1.92,,115,,0.1,0.15,-5.18,0.29,0,1,0.999972
397,3-1-3934,07 53 18.45,-61 10 59.93,,16.94,15.14,13.36,29,29.37,<,8.0,*,-1.16,,48,,-0.02,-0.01,,0.61,0,1,0.999904
398,3-1-3941,07 53 18.85,-61 07 42.70,0.667,19.35,16.63,14.37,17,0.71,,27.1,,-1.66,0.029,85,-2.11,0.27,0.36,-4.73,0.4,1,1,0.999527
399,3-1-3950,07 53 19.44,-61 12 39.23,,20.11,17.06,14.49,13,0.2,,27.0,,-1.78,,98,,0.24,0.23,-4.81,0.34,0,1,0.999965
400,3-1-4095,07 53 24.37,-61 10 14.70,,18.65,16.13,13.78,22,0.03,,22.7,,-1.48,,69,,0.65,0.57,-4.32,0.47,0,1,0.99885
401,3-1-4112,07 53 24.90,-61 08 19.07,,20.27,17.22,14.73,11,23.48,<,8.0,*,-1.85,,105,,0.17,0.21,-4.95,0.31,0,1,0.99989
402,3-1-4161,07 53 26.90,-61 09 27.90,0.689,20.98,17.94,15.57,5,22.59,,23.3,*,-2.14,0.02,147,-2.33,0.07,0.18,-5.37,0.22,1,1,0.999968
403,3-1-4200,07 53 28.35,-61 10 13.70,,19.9,17.24,15.16,7,40.4,<,8.0,*,-1.91,,113,,0.03,-0.02,-5.7,0.31,0,1,0.999826
404,3-1-4252,07 53 30.83,-61 10 52.21,,20.99,17.56,15.42,6,31.12,,15.8,*,-1.93,,116,,-0.22,-0.24,,0.26,0,1,0.99885
405,3-1-719,07 51 25.82,-61 08 26.79,,19.99,17.14,14.71,9,13.26,,19.1,*,-1.84,,105,,0.08,-0.05,-5.29,0.32,0,1,0.999862
406,3-1-872,07 51 30.80,-61 10 16.94,,21.17,18.0,15.44,7,1.57,<,8.0,,-2.14,,148,,0.05,-0.08,-5.51,0.21,0,1,0.999994
407,3-1-892,07 51 30.99,-61 07 22.06,,20.19,17.44,14.91,8,40.36,<,8.0,*,-1.98,,122,,0.02,-0.02,-5.88,0.28,0,1,0.999932
408,3-2-1169,07 51 41.23,-61 04 53.16,,18.07,15.76,13.63,26,11.79,,9.1,*,-1.35,,59,,0.07,0.05,-5.31,0.53,0,1,0.999389
409,3-2-1409,07 51 48.44,-60 58 53.69,,19.39,16.83,14.46,12,35.39,<,8.0,*,-1.76,,95,,-0.05,-0.07,,0.37,0,1,0.999324
410,3-2-1428,07 51 49.37,-61 05 21.39,,20.22,17.22,14.54,11,2.77,,29.4,,-1.85,,106,,0.26,0.22,-4.76,0.31,0,1,0.999913
411,3-2-1709,07 51 58.89,-60 59 18.55,,20.45,17.58,15.26,8,11.37,<,8.0,*,-2.01,,128,,0.03,0.06,-5.66,0.26,0,1,0.999971
412,3-2-1754,07 52 00.72,-61 02 25.60,1.054,19.46,16.83,14.57,14,0.73,,27.5,,-1.75,0.024,95,-1.95,0.34,0.39,-4.61,0.37,1,1,0.999146
413,3-2-1798,07 52 02.01,-61 05 08.92,,17.89,15.39,13.22,32,19.62,<,8.0,*,-1.19,,49,,0.06,0.02,-5.33,0.58,0,2,1.0E-6
414,3-2-1830,07 52 03.54,-61 02 04.31,,20.61,17.66,15.44,8,2.65,,33.8,,-2.03,,131,,0.21,0.53,-4.85,0.25,0,1,0.999901
415,3-2-1895,07 52 05.22,-60 59 27.54,,21.0,17.87,15.06,5,0.49,<,8.0,,-2.1,,141,,0.14,0.09,-5.04,0.22,0,1,0.999973
416,3-2-2145,07 52 13.76,-61 01 27.25,,20.45,17.55,14.58,8,0.75,,37.8,,-2.0,,126,,0.48,0.36,-4.49,0.26,0,1,0.999944
417,3-2-2387,07 52 22.35,-60 58 44.62,,19.47,16.76,14.57,14,5.4,<,8.0,*,-1.71,,90,,-0.12,-0.05,,0.38,0,1,0.999019
418,3-2-2514,07 52 28.06,-61 04 14.31,,21.13,18.04,15.63,6,1.69,,29.1,,-2.17,,153,,0.2,0.36,-4.89,0.2,0,1,0.999983
419,3-2-2625,07 52 30.16,-60 56 26.03,,16.13,14.21,13.2,59,29.65,<,8.0,*,-0.76,,30,,-0.01,-0.02,,0.74,0,1,0.999992
420,3-2-2921,07 52 41.65,-61 05 16.20,,19.58,16.76,14.55,14,12.72,<,8.0,*,-1.7,,89,,0.14,0.01,-5.01,0.38,0,1,0.999617
421,3-2-3091,07 52 48.14,-61 02 25.56,,19.32,16.71,14.49,16,26.36,<,8.0,*,-1.7,,90,,0.02,-0.05,-5.78,0.39,0,1,0.99964
422,3-2-3142,07 52 50.19,-61 00 03.00,13.612,17.3,15.26,13.32,31,0.81,<,8.0,,-1.16,0.01,48,-0.55,0.13,0.18,-5.0,0.6,1,1,0.999697
423,3-2-3348,07 52 58.44,-61 03 56.97,,18.84,16.21,13.9,20,21.25,<,8.0,*,-1.5,,71,,-0.02,-0.01,,0.46,0,1,0.998613
424,3-2-3359,07 52 58.88,-61 03 42.60,,16.3,14.58,12.77,50,25.6,<,8.0,*,-0.94,,37,,0.0,0.05,-6.6,0.69,0,1,0.999884
425,3-2-3733,07 53 12.88,-61 04 02.40,1.452,19.83,17.07,14.55,12,0.28,,25.2,,-1.83,0.013,103,-1.85,0.28,0.29,-4.7,0.33,1,1,0.999739
426,3-2-3869,07 53 18.51,-61 04 05.44,,19.99,17.31,15.28,11,24.43,,21.5,*,-1.93,,117,,0.05,-0.04,-5.44,0.3,0,1,0.999838
427,3-2-3925,07 53 21.07,-60 58 13.00,2.515,17.68,15.56,13.35,30,0.18,<,8.0,,-1.28,0.005,55,-1.34,0.76,0.79,-4.24,0.55,1,1,0.99885
428,3-2-3930,07 53 21.64,-61 02 13.00,2.342,18.15,15.82,13.68,26,0.21,<,8.0,,-1.37,0.008,61,-1.41,0.53,0.68,-4.41,0.52,1,1,0.998258
429,3-2-3954,07 53 23.14,-61 02 42.92,,16.4,14.37,12.34,55,0.37,<,8.0,,-0.81,,32,,0.47,0.58,-4.45,0.71,0,1,0.996487
430,3-2-4043,07 53 27.74,-61 00 58.91,,19.48,16.78,14.49,15,0.57,,21.0,,-1.72,,91,,0.45,0.43,-4.49,0.38,0,1,0.999906
431,3-2-588,07 51 20.90,-61 05 08.30,0.807,20.39,17.47,14.9,8,1.31,,25.5,,-1.96,0.032,121,-2.17,0.4,0.58,-4.57,0.27,1,1,0.999966
432,3-2-795,07 51 27.14,-61 04 49.57,,15.93,14.43,13.48,43,20.2,<,8.0,*,-0.87,,34,,0.0,0.01,-6.5,0.71,0,1,0.999986
433,3-3-1908,07 52 03.92,-60 55 36.70,0.707,20.69,17.71,15.82,7,0.33,,28.9,,-2.05,0.02,134,-2.28,0.25,0.31,-4.78,0.24,1,1,0.999962
434,3-3-2514,07 52 25.85,-60 55 24.41,,17.82,15.72,13.69,26,18.25,<,8.0,*,-1.34,,59,,0.11,0.05,-5.08,0.53,0,1,0.999832
435,3-3-2975,07 52 39.38,-60 55 40.60,,17.12,15.19,13.28,34,23.05,<,8.0,*,-1.15,,47,,0.04,0.03,-5.57,0.61,0,1,0.999726
436,3-3-3266,07 52 49.28,-60 55 06.64,,21.04,18.03,15.33,6,0.9,<,8.0,,-2.18,,154,,0.25,0.18,-4.79,0.21,0,1,0.999989
437,3-3-3323,07 52 50.72,-60 54 17.60,0.29,17.92,15.65,13.54,24,3.09,,79.5,,-1.3,0.014,57,-2.29,0.52,0.59,-4.41,0.54,1,1,0.998258
438,3-3-3637,07 53 00.56,-60 48 09.40,11.614,17.67,15.49,13.32,32,0.01,<,8.0,,-1.25,0.006,53,-0.66,0.2,0.21,-4.83,0.56,1,1,0.998258
439,3-3-3724,07 53 02.58,-60 50 25.90,0.328,16.47,14.79,12.81,40,0.68,,95.9,,-1.02,0.045,41,-2.1,0.53,0.74,-4.35,0.66,1,1,0.997667
440,3-3-3858,07 53 05.00,-60 51 57.54,,21.02,17.79,15.01,7,2.42,,11.2,,-2.05,,134,,0.32,0.28,-4.7,0.23,0,1,0.999983
441,3-3-4100,07 53 15.49,-60 48 21.09,,15.8,14.18,12.53,53,106.3,<,8.0,*,-0.78,,31,,0.03,0.0,-5.62,0.74,0,1,0.992964
442,3-4-3738,07 53 10.31,-60 46 39.90,2.205,18.49,16.03,13.74,23,0.72,,9.4,,-1.44,0.017,66,-1.48,0.4,0.51,-4.53,0.49,1,1,0.998613
443,3-4-3791,07 53 11.78,-60 41 38.90,4.578,17.97,15.74,13.79,23,1.1,<,8.0,,-1.34,0.013,59,-1.11,0.35,0.5,-4.58,0.53,1,1,0.996487
444,3-4-4335,07 53 29.35,-60 42 59.07,,19.69,16.92,14.64,14,5.99,<,8.0,*,-1.77,,96,,0.08,0.0,-5.26,0.36,0,1,0.99964
445,3-5-1009,07 54 10.61,-61 07 35.00,0.78,20.6,17.61,15.18,8,0.69,,10.7,,-2.01,0.026,127,-2.21,0.3,0.23,-4.71,0.25,1,1,0.99997
446,3-5-1035,07 54 11.48,-61 07 44.45,,19.42,16.67,14.11,16,1.03,,61.6,,-1.67,,86,,0.39,0.51,-4.56,0.4,0,1,0.999751
447,3-5-1300,07 54 20.18,-61 06 26.50,2.977,19.19,16.51,14.27,17,1.42,<,8.0,,-1.62,0.009,81,-1.44,0.34,0.37,-4.62,0.42,1,1,0.999591
448,3-5-1317,07 54 20.89,-61 06 12.23,,16.5,14.94,13.08,41,56.02,<,8.0,*,-1.08,,43,,-0.19,-0.18,,0.64,0,1,0.999996
449,3-5-1999,07 54 44.79,-61 07 55.22,,18.77,16.37,14.16,17,15.31,,8.8,*,-1.58,,78,,0.01,0.0,-6.0,0.44,0,1,0.999887
450,3-5-2009,07 54 45.90,-61 09 55.10,,20.85,17.96,15.08,7,30.32,<,8.0,*,-2.17,,153,,0.01,-0.03,-6.39,0.21,0,1,0.999978
451,3-5-2482,07 55 02.38,-61 10 37.60,2.911,18.19,15.75,13.5,29,1.02,,8.9,,-1.33,0.011,58,-1.3,0.5,0.53,-4.43,0.53,1,1,0.996487
452,3-5-2531,07 55 03.96,-61 05 52.93,,16.42,14.29,12.42,64,59.58,<,8.0,*,-0.77,,31,,-0.02,-0.02,,0.73,0,1,0.999324
453,3-5-2593,07 55 06.68,-61 07 13.30,6.372,18.22,15.91,13.74,26,0.87,<,8.0,,-1.41,0.005,64,-1.0,0.18,0.2,-4.88,0.5,1,1,0.997667
454,3-5-2773,07 55 12.88,-61 09 39.97,,19.61,16.9,14.82,15,16.82,<,8.0,*,-1.77,,96,,0.03,-0.01,-5.69,0.36,0,1,0.999697
455,3-5-2861,07 55 16.41,-61 13 37.10,8.634,17.46,15.38,13.43,37,0.49,<,8.0,,-1.21,0.012,51,-0.77,0.34,0.42,-4.59,0.58,1,1,0.999712
456,3-5-2879,07 55 17.64,-61 14 18.52,,20.7,17.65,15.2,10,0.51,,19.0,,-2.02,,128,,0.2,0.21,-4.88,0.25,0,1,0.999994
457,3-5-3013,07 55 22.13,-61 09 23.15,,15.77,14.48,12.78,61,1.24,<,8.0,,-0.87,,34,,0.18,0.25,-4.86,0.7,0,1,0.999739
458,3-5-3184,07 55 28.15,-61 10 29.50,3.537,18.7,16.18,13.95,25,0.16,<,8.0,,-1.5,0.007,71,-1.3,0.47,0.5,-4.46,0.47,1,1,0.999019
459,3-5-3200,07 55 28.89,-61 13 34.90,4.968,18.78,16.26,14.07,24,1.39,<,8.0,,-1.53,0.006,73,-1.17,0.5,0.52,-4.44,0.46,1,1,0.999146
460,3-5-3259,07 55 31.05,-61 10 42.70,,18.63,16.13,13.81,24,0.12,,11.2,,-1.48,,69,,0.48,0.5,-4.45,0.47,0,1,0.992964
461,3-5-3333,07 55 34.53,-61 10 01.51,,19.6,16.69,14.26,19,22.12,<,8.0,*,-1.66,,85,,0.06,-0.05,-5.42,0.39,0,1,0.99987
462,3-5-3341,07 55 34.48,-61 11 52.87,,16.66,14.93,12.96,49,1.27,<,8.0,,-1.08,,44,,0.29,0.35,-4.61,0.64,0,1,0.999527
463,3-5-3354,07 55 35.48,-61 06 49.04,,21.85,18.38,15.33,5,0.62,,52.2,,-2.25,,168,,0.11,0.13,-5.18,0.17,0,1,0.999991
464,3-5-3418,07 55 38.45,-61 13 47.51,,21.08,18.05,15.44,6,30.38,,23.1,*,-2.18,,155,,-0.14,-0.01,,0.2,0,1,0.999965
465,3-5-366,07 53 46.86,-61 13 50.02,,20.82,17.61,14.85,7,2.01,,36.8,,-1.98,,123,,0.17,0.31,-4.97,0.25,0,1,0.999993
466,3-5-3702,07 55 47.46,-61 07 25.88,,20.19,17.03,14.43,15,18.38,,10.9,*,-1.75,,95,,1.24,1.47,-4.11,0.34,0,1,0.999979
467,3-5-3764,07 55 51.98,-61 13 21.10,1.216,16.83,15.07,13.04,39,0.39,,24.0,,-1.14,0.049,47,-1.58,0.53,0.64,-4.35,0.62,1,1,0.999245
468,3-5-399,07 53 47.82,-61 11 59.85,,20.01,17.08,14.53,11,50.54,<,8.0,*,-1.81,,101,,-0.01,-0.06,,0.33,0,2,
469,3-5-3994,07 56 01.95,-61 09 02.24,,18.29,15.73,13.51,33,0.15,,27.7,,-1.32,,57,,0.46,0.53,-4.48,0.53,0,1,0.997667
470,3-5-453,07 53 49.50,-61 11 39.42,,16.19,14.64,12.59,43,1.65,,49.4,,-0.96,,38,,0.54,0.67,-4.36,0.68,0,1,0.999488
471,3-5-454,07 53 49.61,-61 10 45.42,,20.63,17.62,15.07,7,0.23,,24.7,,-2.01,,127,,0.21,0.21,-4.85,0.25,0,1,0.999966
472,3-5-517,07 53 52.06,-61 11 47.20,,18.21,15.57,13.19,29,2.12,,19.3,*,-1.25,,53,,0.41,0.42,-4.53,0.55,0,2,1.0E-6
473,3-5-679,07 53 57.06,-61 06 13.50,1.747,19.03,16.37,14.02,18,1.18,,13.0,,-1.56,0.023,76,-1.64,0.56,0.5,-4.4,0.44,1,1,0.998613
474,3-5-767,07 54 00.76,-61 06 26.40,1.685,19.07,16.46,14.08,17,1.9,,17.3,,-1.61,0.016,80,-1.68,0.34,0.39,-4.61,0.43,1,1,0.998613
475,3-5-778,07 54 01.53,-61 08 36.04,,20.35,17.41,15.01,7,3.82,,41.8,,-1.94,,117,,0.41,0.32,-4.57,0.28,0,1,0.999896
476,3-5-854,07 54 04.22,-61 10 10.84,,18.72,16.26,14.04,21,0.8,<,8.0,,-1.53,,74,,0.22,0.21,-4.8,0.46,0,1,0.999442
477,3-5-998,07 54 09.43,-61 07 55.50,,16.06,14.63,12.84,49,0.64,<,8.0,,-0.94,,37,,0.15,0.22,-4.93,0.68,0,1,0.999853
478,3-6-1162,07 54 12.66,-61 01 53.10,0.282,20.52,17.56,15.14,8,0.09,,52.3,,-1.99,0.021,125,-2.65,0.14,0.26,-5.04,0.26,1,1,0.999924
479,3-6-1200,07 54 13.25,-60 57 12.10,5.808,18.24,15.89,13.6,26,0.78,<,8.0,,-1.39,0.009,63,-1.03,0.44,0.49,-4.49,0.51,1,1,0.99885
480,3-6-1277,07 54 16.55,-60 59 51.74,,19.01,16.44,14.12,16,0.84,,28.4,,-1.6,,80,,0.48,0.5,-4.46,0.43,0,1,0.998613
481,3-6-1367,07 54 19.25,-60 57 13.38,,18.54,16.22,13.82,21,14.46,<,8.0,*,-1.53,,73,,0.04,0.01,-5.55,0.46,0,1,0.910599
482,3-6-1424,07 54 21.18,-60 58 13.10,0.418,18.18,15.86,13.6,26,0.52,,34.4,,-1.39,0.016,62,-2.17,0.64,0.69,-4.32,0.51,1,1,0.998613
483,3-6-2189,07 54 47.52,-60 57 59.00,1.915,16.94,14.97,12.9,41,1.05,,16.5,,-1.05,0.028,42,-1.34,0.47,0.56,-4.44,0.64,1,1,0.998613
484,3-6-2424,07 54 56.36,-61 05 11.70,0.491,18.54,16.07,13.7,26,0.74,,31.4,,-1.46,0.016,67,-2.14,0.44,0.55,-4.49,0.48,1,1,0.996487
485,3-6-2510,07 54 59.53,-61 04 22.70,3.066,18.11,15.7,13.35,33,0.83,<,8.0,,-1.31,0.009,57,-1.27,0.51,0.56,-4.43,0.53,1,1,0.992964
486,3-6-2534,07 55 00.67,-60 59 52.70,0.893,20.37,17.43,14.94,7,3.21,<,8.0,*,-1.94,0.017,118,-2.12,0.37,0.17,-4.61,0.28,1,1,0.999962
487,3-6-257,07 53 39.51,-60 57 04.40,1.638,19.98,17.18,14.62,9,1.36,,9.1,,-1.87,0.015,108,-1.82,0.2,0.43,-4.85,0.32,1,1,0.999798
488,3-6-2616,07 55 03.41,-60 59 30.98,,20.34,17.3,14.85,9,3.71,,42.7,,-1.88,,109,,0.14,0.38,-5.05,0.3,0,1,0.999949
489,3-6-2656,07 55 05.03,-60 59 30.70,0.777,15.9,14.52,12.55,53,58.71,,39.8,*,-0.9,0.015,35,-1.66,0.49,0.67,-4.42,0.7,1,1,0.999591
490,3-6-2779,07 55 09.57,-60 57 02.30,11.522,16.35,14.8,13.04,42,29.5,<,8.0,*,-1.02,0.012,41,-0.55,0.07,0.12,-5.28,0.66,1,1,0.999908
491,3-6-3057,07 55 18.64,-60 56 50.20,2.155,19.54,16.83,14.55,11,1.11,,14.6,,-1.74,0.01,93,-1.64,0.41,0.39,-4.53,0.37,1,1,0.999146
492,3-6-3232,07 55 24.03,-61 01 45.20,0.409,16.02,14.52,12.75,49,1.37,,68.1,,-0.91,0.023,36,-1.94,0.55,0.74,-4.36,0.7,1,1,0.999389
493,3-6-3289,07 55 26.56,-61 04 09.70,,20.21,17.23,14.73,11,3.93,<,8.0,*,-1.86,,107,,0.12,0.02,-5.11,0.31,0,1,0.999934
494,3-6-3363,07 55 28.97,-61 04 40.40,5.126,17.82,15.62,13.47,34,0.4,<,8.0,,-1.3,0.013,56,-1.04,0.43,0.49,-4.49,0.55,1,1,0.998258
495,3-6-3495,07 55 34.00,-61 02 41.77,,20.76,17.66,14.95,9,2.51,,21.7,,-2.01,,128,,0.31,0.33,-4.7,0.25,0,1,0.999955
496,3-6-3532,07 55 34.89,-60 58 27.00,0.384,19.42,16.73,14.41,12,3.82,,44.9,,-1.7,0.016,89,-2.37,0.3,0.26,-4.66,0.39,1,1,0.99968
497,3-6-3671,07 55 40.01,-61 01 15.90,2.8,17.78,15.57,13.39,29,0.45,<,8.0,,-1.28,0.013,55,-1.29,0.5,0.58,-4.42,0.55,1,1,0.998613
498,3-6-3688,07 55 40.27,-60 59 34.02,,16.73,14.69,12.71,47,12.64,,9.7,*,-0.93,,37,,-0.01,-0.03,,0.67,0,1,0.998613
499,3-6-3743,07 55 42.29,-61 04 07.10,3.619,19.38,16.68,14.36,17,0.65,<,8.0,,-1.68,0.01,87,-1.38,0.31,0.34,-4.65,0.39,1,1,0.998613
500,3-6-3858,07 55 46.56,-60 59 40.60,14.453,17.96,15.75,13.63,28,19.69,,60.7,*,-1.35,0.005,59,-0.61,0.28,0.3,-4.67,0.53,1,1,0.99885
501,3-6-3868,07 55 46.34,-60 56 23.69,,17.97,15.64,13.23,24,21.31,<,8.0,*,-1.3,,56,,0.0,0.01,,0.54,0,1,0.999593
502,3-6-3886,07 55 47.75,-61 00 49.00,0.596,19.55,16.83,14.35,12,1.53,,37.8,,-1.74,0.015,93,-2.19,0.34,0.27,-4.62,0.37,1,1,0.999843
503,3-6-3905,07 55 49.00,-61 04 55.69,,19.65,16.76,14.15,16,0.26,,17.8,,-1.69,,88,,0.37,0.31,-4.61,0.38,0,1,0.999245
504,3-6-3999,07 55 51.41,-60 58 01.47,,16.67,14.89,12.84,39,1.32,,54.0,,-1.06,,43,,0.53,0.7,-4.35,0.65,0,1,0.998613
505,3-6-4112,07 55 55.53,-60 59 07.14,,17.51,15.39,13.31,27,13.31,,11.7,*,-1.21,,51,,0.13,0.21,-5.01,0.58,0,1,0.998613
506,3-6-4167,07 55 57.00,-61 00 47.20,1.546,18.98,16.36,14.08,20,0.74,,13.3,,-1.56,0.011,76,-1.69,0.44,0.53,-4.5,0.44,1,1,0.999324
507,3-6-4281,07 56 01.35,-60 57 44.12,,18.97,16.42,15.24,9,18.59,<,8.0,*,-1.59,,79,,-0.06,-0.11,,0.43,0,1,0.999998
508,3-6-441,07 53 46.67,-60 58 45.44,,20.21,16.93,13.96,15,15.6,<,8.0,*,-1.7,,89,,0.15,0.06,-5.03,0.36,0,1,0.999996
509,3-6-747,07 53 56.83,-61 00 39.97,,20.97,17.98,15.5,6,0.88,,14.8,,-2.16,,151,,0.17,0.15,-4.95,0.21,0,1,0.999985
510,3-7-1020,07 54 06.39,-60 48 39.10,0.458,21.09,18.05,15.44,6,2.96,,43.3,,-2.18,0.033,155,-2.53,0.28,0.06,-4.74,0.2,1,1,0.999976
511,3-7-1072,07 54 08.10,-60 49 37.33,,19.24,16.32,13.77,23,0.16,,22.9,,-1.5,,71,,0.23,0.29,-4.82,0.45,0,1,0.99964
512,3-7-1106,07 54 09.71,-60 55 22.86,,21.55,18.23,15.01,6,0.01,,24.4,,-2.21,,161,,0.11,0.29,-5.18,0.19,0,1,0.999989
513,3-7-1115,07 54 09.84,-60 53 14.21,,18.42,15.89,13.57,26,6.02,<,8.0,*,-1.38,,62,,0.0,-0.05,,0.51,0,1,0.997667
514,3-7-1127,07 54 10.28,-60 50 05.31,,20.79,17.62,14.85,8,1.99,,21.6,,-1.99,,124,,0.19,0.11,-4.92,0.25,0,1,0.999992
515,3-7-1245,07 54 14.03,-60 50 12.00,0.266,19.57,16.84,14.43,16,3.56,,93.5,,-1.74,0.009,93,-2.55,0.5,0.52,-4.45,0.37,1,1,0.99885
516,3-7-1308,07 54 16.38,-60 53 41.90,0.872,20.1,17.22,14.66,12,1.24,,26.6,,-1.87,0.023,108,-2.09,0.28,0.28,-4.72,0.31,1,1,0.999591
517,3-7-1402,07 54 18.83,-60 50 56.30,2.546,18.3,15.92,13.65,26,0.16,,8.9,,-1.4,0.013,63,-1.4,0.56,0.58,-4.38,0.5,1,1,0.992964
518,3-7-1435,07 54 19.67,-60 48 16.72,,17.6,15.6,13.58,31,14.42,<,8.0,*,-1.3,,56,,0.15,0.19,-4.93,0.55,0,1,0.999751
519,3-7-1875,07 54 34.28,-60 52 13.08,,19.08,16.53,14.26,19,31.08,<,8.0,*,-1.64,,83,,-0.01,-0.02,,0.42,0,1,0.999442
520,3-7-1913,07 54 35.54,-60 49 55.40,0.965,18.96,16.39,14.06,20,1.56,,26.1,,-1.58,0.007,77,-1.9,0.39,0.48,-4.55,0.44,1,1,0.999245
521,3-7-1981,07 54 35.32,-60 53 00.96,,18.15,15.82,13.75,28,3.75,<,8.0,*,-1.37,,61,,0.02,0.04,-5.92,0.52,0,2,1.0E-6
522,3-7-1991,07 54 37.79,-60 48 34.80,,20.25,17.08,14.61,14,29.25,,36.7,*,-1.77,,97,,0.38,0.22,-4.62,0.33,0,1,0.999971
523,3-7-2024,07 54 39.19,-60 50 58.00,0.584,20.49,17.56,14.84,9,1.61,,28.3,,-2.0,0.025,125,-2.33,0.24,0.24,-4.79,0.26,1,1,0.999968
524,3-7-2046,07 54 39.92,-60 50 32.10,0.397,20.79,17.71,15.15,8,0.08,,30.8,,-2.04,0.025,132,-2.52,0.26,0.28,-4.78,0.24,1,1,0.999974
525,3-7-2194,07 54 45.15,-60 54 36.00,0.498,20.03,17.03,14.51,13,0.44,,30.4,,-1.78,0.019,97,-2.29,0.23,0.32,-4.82,0.34,1,1,0.99995
526,3-7-2200,07 54 44.21,-60 49 47.30,3.711,17.91,15.62,13.58,30,0.55,<,8.0,,-1.29,0.008,56,-1.18,0.45,0.49,-4.47,0.55,1,1,0.999146
527,3-7-2433,07 54 51.87,-60 49 43.60,0.605,19.62,16.95,14.56,13,2.47,,32.9,,-1.79,0.01,99,-2.21,0.31,0.4,-4.66,0.35,1,1,0.999527
528,3-7-2472,07 54 53.66,-60 54 33.90,0.486,19.23,16.6,14.34,15,1.52,,24.4,,-1.66,0.008,85,-2.24,0.34,0.36,-4.61,0.41,1,1,0.997667
529,3-7-2519,07 54 54.67,-60 49 51.50,0.226,17.51,15.33,13.28,32,6.28,,77.3,*,-1.18,0.007,49,-2.34,0.54,0.71,-4.39,0.59,1,1,0.996487
530,3-7-2978,07 55 10.63,-60 50 20.22,,19.72,16.78,14.31,13,0.9,,50.6,,-1.69,,88,,0.33,0.38,-4.66,0.38,0,1,0.999389
531,3-7-3074,07 55 14.51,-60 55 36.40,0.839,18.47,16.05,13.84,20,0.98,,33.1,,-1.45,0.014,67,-1.9,0.56,0.66,-4.38,0.48,1,1,0.996487
532,3-7-312,07 53 42.05,-60 50 22.42,,19.14,16.65,14.37,18,2.93,<,8.0,*,-1.69,,88,,-0.08,-0.11,,0.4,0,1,0.999527
533,3-7-318,07 53 41.88,-60 49 34.30,,16.36,14.25,12.22,57,8.44,<,8.0,*,-0.76,,30,,0.04,0.06,-5.48,0.73,0,1,0.992964
534,3-7-3310,07 55 22.58,-60 48 04.05,,20.59,17.63,15.12,6,16.13,,10.2,*,-2.02,,129,,-0.06,0.03,,0.25,0,1,0.999923
535,3-7-3356,07 55 25.74,-60 52 33.95,,19.17,16.55,14.08,12,0.49,,14.0,,-1.64,,83,,0.5,0.42,-4.44,0.41,0,1,0.999488
536,3-7-3441,07 55 27.49,-60 48 33.20,2.432,18.07,15.77,13.64,19,0.81,<,8.0,,-1.35,0.005,60,-1.39,0.59,0.68,-4.36,0.52,1,1,0.998258
537,3-7-3448,07 55 27.68,-60 48 13.80,3.065,17.52,15.4,13.37,21,0.03,<,8.0,,-1.22,0.013,51,-1.22,0.52,0.6,-4.4,0.58,1,1,0.996487
538,3-7-3699,07 55 37.22,-60 51 40.31,,19.42,16.69,14.42,6,25.2,<,8.0,*,-1.68,,87,,-0.02,0.0,,0.39,0,1,0.999712
539,3-7-3731,07 55 38.71,-60 53 52.93,,19.94,17.11,14.87,7,0.07,,26.4,,-1.83,,104,,0.14,0.03,-5.02,0.33,0,1,0.999874
540,3-7-3884,07 55 43.62,-60 51 30.60,0.241,18.41,15.89,13.68,13,10.9,,69.1,*,-1.38,0.015,62,-2.41,0.69,0.62,-4.3,0.51,1,1,0.998258
541,3-7-4072,07 55 52.16,-60 54 03.60,0.313,17.9,15.64,13.41,14,10.46,,81.9,,-1.3,0.024,56,-2.26,0.34,0.77,-4.6,0.54,1,1,0.998258
542,3-7-689,07 53 55.21,-60 48 50.90,0.306,20.73,17.6,,7,11.46,,68.9,,-1.98,0.029,124,-2.61,0.33,0.24,-4.68,0.26,1,1,0.999991
543,3-7-694,07 53 55.30,-60 49 42.81,,21.29,18.27,15.59,5,4.07,,23.0,,-2.27,,172,,0.27,0.2,-4.76,0.18,0,2,
544,3-7-765,07 53 57.19,-60 52 52.51,,19.59,16.93,14.68,14,5.69,<,8.0,*,-1.79,,98,,0.04,-0.04,-5.54,0.36,0,1,0.999488
545,3-7-801,07 53 59.11,-60 49 42.20,,20.9,17.88,15.53,8,3.51,,17.5,,-2.12,,144,,0.09,0.13,-5.22,0.22,0,1,0.999983
546,3-7-869,07 54 01.20,-60 49 28.64,,19.83,17.14,14.7,12,5.93,,18.6,*,-1.87,,108,,0.02,-0.06,-5.89,0.32,0,1,0.999783
547,3-7-912,07 54 02.08,-60 55 24.48,,16.94,14.96,12.86,43,33.67,<,8.0,*,-1.04,,42,,0.05,0.07,-5.42,0.64,0,1,0.997667
548,3-7-974,07 54 04.87,-60 55 10.80,10.115,16.62,14.99,13.27,42,8.44,<,8.0,*,-1.1,0.005,45,-0.65,0.04,0.1,-5.54,0.63,1,1,0.999806
549,3-8-1170,07 54 06.92,-60 45 20.10,1.741,19.86,16.98,14.54,13,1.16,,12.0,,-1.78,0.017,97,-1.75,0.25,0.32,-4.77,0.35,1,1,0.999937
550,3-8-1214,07 54 17.22,-60 46 27.60,0.42,18.58,15.97,13.6,26,5.82,,53.6,*,-1.41,0.014,64,-2.18,0.46,0.49,-4.48,0.5,1,1,0.992964
551,3-8-1666,07 54 32.53,-60 44 34.46,,21.27,17.81,14.82,7,17.36,,21.0,*,-2.03,,130,,0.23,0.19,-4.87,0.23,0,1,0.999993
552,3-8-2195,07 54 52.89,-60 45 11.15,,19.5,16.83,14.55,12,11.53,<,8.0,*,-1.75,,94,,-0.04,-0.03,,0.37,0,1,0.999762
553,3-8-2312,07 54 56.23,-60 40 30.66,,19.52,16.62,14.17,13,24.59,<,8.0,*,-1.63,,82,,0.06,0.01,-5.39,0.4,0,1,0.998613
554,3-8-2333,07 54 57.55,-60 42 38.20,1.32,20.23,17.32,14.9,8,2.08,,14.3,,-1.91,0.021,113,-1.93,0.44,0.4,-4.53,0.29,1,1,0.999915
555,3-8-2456,07 55 02.07,-60 42 29.60,0.709,19.01,16.37,14.18,16,0.22,,27.8,,-1.56,0.017,76,-2.03,0.32,0.4,-4.64,0.44,1,1,0.99885
556,3-8-2611,07 55 07.76,-60 39 33.65,,18.62,15.96,13.66,19,23.18,<,8.0,*,-1.4,,63,,0.01,0.02,-6.3,0.5,0,1,0.999019
557,3-8-2683,07 55 11.83,-60 46 02.67,,18.86,16.39,14.36,17,72.67,<,8.0,*,-1.58,,78,,0.01,-0.05,-6.13,0.44,0,1,0.999245
558,3-8-2749,07 55 13.37,-60 41 12.94,,18.01,15.48,13.31,29,0.43,,16.6,,-1.22,,51,,0.47,0.53,-4.46,0.57,0,1,0.992964
559,3-8-3061,07 55 23.46,-60 41 51.30,0.714,18.44,16.02,13.83,15,0.86,,36.4,,-1.44,0.009,66,-1.97,0.51,0.58,-4.42,0.49,1,1,0.997667
560,3-8-3148,07 55 26.00,-60 44 31.01,,18.67,16.18,13.95,15,19.98,<,8.0,*,-1.5,,71,,0.41,0.31,-4.52,0.47,0,1,0.996487
561,3-8-3165,07 55 27.66,-60 43 02.74,,18.93,16.37,14.1,12,1.64,,16.1,,-1.57,,77,,0.3,0.41,-4.66,0.44,0,1,0.999324
562,3-8-3326,07 55 34.67,-60 46 32.78,,19.35,16.67,14.46,11,1.05,,9.4,,-1.68,,87,,0.36,0.26,-4.59,0.4,0,1,0.999324
563,3-8-3336,07 55 33.71,-60 40 51.00,1.446,19.81,17.03,14.65,9,1.22,,17.9,,-1.81,0.017,101,-1.84,0.17,0.27,-4.94,0.34,1,1,0.999488
564,3-8-3343,07 55 34.95,-60 45 35.74,,20.08,17.21,14.68,9,37.36,<,8.0,*,-1.87,,108,,0.14,-0.06,-5.01,0.31,0,1,0.999887
565,3-8-3360,07 55 34.64,-60 42 14.57,,19.24,16.54,14.22,11,0.64,,16.0,,-1.63,,82,,0.26,0.36,-4.73,0.41,0,1,0.999245
566,3-8-3619,07 55 44.89,-60 44 13.00,0.709,18.1,15.76,13.62,19,0.07,,32.3,,-1.34,0.026,59,-1.92,0.47,0.51,-4.46,0.53,1,1,0.99885
567,3-8-3738,07 55 49.64,-60 43 08.80,0.403,20.05,16.96,14.35,8,8.34,,56.6,,-1.74,0.017,93,-2.36,0.03,0.37,-5.7,0.35,1,1,0.999978
568,3-8-43,07 53 32.71,-60 44 35.94,,20.81,17.77,15.32,7,0.37,,44.5,,-2.07,,136,,0.46,0.44,-4.52,0.23,0,1,0.999955
569,3-8-798,07 54 01.03,-60 44 04.21,,20.51,17.67,15.49,8,2.61,<,8.0,,-2.05,,134,,0.0,-0.04,-7.16,0.25,0,1,0.999957
570,3-8-809,07 54 01.66,-60 45 29.20,1.18,18.86,16.17,13.81,22,0.65,,24.9,,-1.48,0.01,69,-1.77,0.29,0.36,-4.68,0.47,1,1,0.997667
571,3-8-860,07 54 03.69,-60 46 34.20,0.56,18.51,16.05,13.82,24,0.36,,22.9,,-1.45,0.009,67,-2.08,0.46,0.58,-4.47,0.48,1,1,0.997667
572,3-8-972,07 54 07.80,-60 46 30.01,,16.37,14.43,13.29,56,34.67,<,8.0,*,-0.84,,33,,-0.05,-0.04,,0.71,0,1,0.999981
